id,price,accommodates,bedrooms,number_of_reviews,room_type
11608974,922.0,2,1.0,46,Entire home/apt
46664679,241.0,1,1.0,10,Private room
1481181788995210531,2254.0,4,2.0,1,Entire home/apt
4032302,693.0,2,1.0,157,Entire home/apt
165772,3673.0,16,5.0,386,Entire home/apt
815433875006467391,405.0,1,1.0,6,Private room
50879160,1117.0,4,2.0,48,Entire home/apt
1015494365041263284,472.0,1,0.0,20,Private room
49910381,1053.0,4,1.0,86,Entire home/apt
1476424401046401016,3530.0,4,2.0,2,Entire home/apt
24993411,882.0,2,1.0,440,Entire home/apt
1010157992411605011,1542.0,5,2.0,20,Entire home/apt
43971763,997.0,4,1.0,1,Entire home/apt
51310907,580.0,4,1.0,20,Entire home/apt
894490792344004754,561.0,2,1.0,34,Private room
1373565422505532384,1305.0,2,1.0,0,Entire home/apt
51624345,3500.0,12,3.0,105,Entire home/apt
666830865837493685,1605.0,4,2.0,58,Entire home/apt
1419789492687703161,1370.0,2,1.0,14,Entire home/apt
1490024283567181994,834.0,4,2.0,10,Entire home/apt
53282864,2052.0,4,2.0,97,Entire home/apt
811172653419059794,869.0,2,1.0,207,Entire home/apt
1252368377628479516,1500.0,2,1.0,3,Entire home/apt
828714,707.0,4,2.0,28,Entire home/apt
1089827635112021876,1808.0,3,1.0,52,Entire home/apt
33526471,315.0,1,1.0,54,Private room
858359235657543466,420.0,2,1.0,1,Entire home/apt
1492899227764485253,2334.0,5,3.0,3,Entire home/apt
36767696,1199.0,4,2.0,202,Entire home/apt
45056812,579.0,2,1.0,117,Entire home/apt
13243273,827.0,1,1.0,0,Private room
7893377,2967.0,14,4.0,8,Entire home/apt
946630182378688229,3077.0,8,3.0,72,Entire home/apt
1460978333441171355,2433.0,6,3.0,12,Entire home/apt
1438761444474188625,875.0,2,1.0,15,Private room
8172868,3200.0,2,1.0,38,Private room
1374108494142409620,950.0,2,1.0,3,Private room
6705120,320.0,1,1.0,26,Private room
650637251463093731,900.0,2,1.0,48,Private room
46619707,427.0,1,1.0,2,Private room
732719948767516084,515.0,2,1.0,61,Private room
1330570780168125802,540.0,2,1.0,4,Private room
1167389832151505093,1488.0,2,1.0,13,Private room
848232342019421843,605.0,2,1.0,0,Private room
1450010761001251260,1285.0,2,1.0,11,Entire home/apt
1015419830531426849,2208.0,2,2.0,11,Entire home/apt
1490733545635068544,1066.0,3,1.0,4,Entire home/apt
1477043579259947228,576.0,2,1.0,5,Entire home/apt
47074868,1016.0,8,3.0,31,Entire home/apt
1448191512072248457,1852.0,3,1.0,3,Private room
1238573722863304579,1629.0,4,2.0,27,Entire home/apt
1192948312345564574,1692.0,2,1.0,5,Private room
1416719974012811250,1620.0,4,1.0,1,Entire home/apt
52668107,1059.0,2,1.0,45,Entire home/apt
42496921,606.0,3,1.0,29,Private room
1406017913274204249,1592.0,2,1.0,0,Entire home/apt
48487379,643.0,2,1.0,6,Entire home/apt
1999474,1778.0,4,2.0,62,Entire home/apt
783323033709254719,2690.0,6,3.0,285,Entire home/apt
704291373053286436,1248.0,8,2.0,38,Entire home/apt
51349167,2575.0,4,2.0,147,Entire home/apt
703529770161493521,710.0,2,1.0,10,Private room
1289941463975891953,1561.0,2,0.0,8,Entire home/apt
1108046743305002218,900.0,4,1.0,1,Entire home/apt
1136419530488001170,1665.0,6,3.0,18,Entire home/apt
1350052424377387759,1265.0,4,2.0,2,Entire home/apt
613670646624538748,965.0,3,1.0,204,Entire home/apt
677050610673208398,1119.0,2,1.0,6,Entire home/apt
1271045248178112111,978.0,2,1.0,47,Private room
1496603435114373085,529.0,1,1.0,6,Private room
1361885505964512985,515.0,4,1.0,1,Entire home/apt
1071830196899038632,3313.0,10,3.0,10,Entire home/apt
1435877464637776422,630.0,2,1.0,10,Private room
25889443,250.0,1,2.0,202,Private room
53866767,658.0,3,2.0,42,Entire home/apt
841466421657641892,1610.0,4,2.0,42,Entire home/apt
11591964,687.0,1,1.0,292,Entire home/apt
1471192067587715848,1048.0,2,1.0,0,Private room
996655141403382156,610.0,2,1.0,96,Entire home/apt
876028252135165320,855.0,2,1.0,40,Private room
45055700,489.0,2,1.0,32,Private room
655729078889133114,1530.0,2,1.0,29,Private room
45450842,2072.0,2,1.0,6,Private room
1225785697095687481,1060.0,5,2.0,97,Entire home/apt
655881845309046568,1990.0,8,3.0,63,Entire home/apt
1093200425589946781,391.0,1,1.0,28,Private room
1113128978430794438,1437.0,14,3.0,8,Entire home/apt
953931833439012228,1955.0,6,3.0,42,Entire home/apt
795186900770604705,410.0,2,1.0,94,Entire home/apt
45098739,641.0,2,0.0,267,Private room
1502232598202410053,1125.0,4,1.0,1,Entire home/apt
1490927762834791005,1192.0,4,1.0,2,Entire home/apt
36976190,280.0,1,1.0,13,Private room
27701696,4492.0,2,1.0,158,Entire home/apt
1424177722478741694,2379.0,2,1.0,1,Entire home/apt
46960511,1883.0,2,0.0,70,Entire home/apt
1377776695627007043,933.0,2,1.0,8,Private room
44665118,2520.0,2,1.0,3,Entire home/apt
1172001206496856347,1217.0,3,1.0,20,Entire home/apt
1451704395988956743,1607.0,2,1.0,3,Private room
1198503632429004272,595.0,2,1.0,20,Private room
53926970,3665.0,4,2.0,7,Entire home/apt
24920134,1350.0,7,3.0,402,Entire home/apt
783895244995553317,1060.0,2,1.0,42,Entire home/apt
51218483,1100.0,4,2.0,48,Entire home/apt
1236597755942120962,1046.0,4,1.0,15,Entire home/apt
900142540541504253,1394.0,5,2.0,122,Entire home/apt
1334953095058578329,923.0,3,1.0,8,Private room
50007629,1200.0,4,1.0,182,Private room
33852280,665.0,4,2.0,133,Entire home/apt
11572034,6550.0,6,3.0,69,Entire home/apt
1145712281011960868,356.0,1,1.0,0,Private room
773800592883620732,2748.0,8,4.0,57,Private room
45597090,2167.0,4,2.0,225,Entire home/apt
16443480,372.0,1,1.0,34,Private room
690735033692546159,817.0,5,2.0,27,Entire home/apt
1384142931516533074,2383.0,6,2.0,10,Entire home/apt
826154058653336188,561.0,2,0.0,25,Entire home/apt
26869842,1407.0,2,2.0,0,Entire home/apt
625910506639588424,1488.0,4,2.0,97,Entire home/apt
1050374144476498695,1305.0,5,2.0,61,Entire home/apt
21725370,890.0,1,1.0,1,Private room
1310554181004740978,262.0,1,1.0,0,Private room
948049739680164217,491.0,4,1.0,14,Private room
1447214255916429874,1452.0,2,1.0,0,Private room
792118806512100108,2500.0,2,1.0,101,Entire home/apt
1172686160577137698,5677.0,2,1.0,8,Private room
1076152081791988096,749.0,4,3.0,139,Entire home/apt
35712405,1014.0,2,1.0,5,Private room
18332729,1249.0,4,2.0,61,Entire home/apt
1397986968629174208,909.0,2,2.0,0,Entire home/apt
1487857946124175053,1506.0,3,2.0,0,Private room
1445697274926422787,622.0,4,1.0,7,Private room
701404496985362430,2011.0,6,3.0,163,Entire home/apt
1310192876070196868,3035.0,7,3.0,6,Entire home/apt
1100293771842434610,2100.0,5,2.0,4,Entire home/apt
1347529224101815361,585.0,2,1.0,19,Private room
24494873,5619.0,4,2.0,11,Entire home/apt
802851578882386122,948.0,2,1.0,26,Private room
1249516887139276832,4726.0,2,1.0,0,Private room
49029012,1500.0,4,2.0,87,Entire home/apt
1359512314428836031,376.0,2,1.0,15,Private room
1195734211345440954,1955.0,6,3.0,3,Entire home/apt
1117903684742094628,2039.0,2,1.0,43,Entire home/apt
1464061112684887514,1686.0,4,2.0,0,Entire home/apt
859616879376868024,2628.0,4,2.0,97,Entire home/apt
1389403040167667540,1304.0,8,3.0,19,Entire home/apt
832616695758855280,550.0,2,1.0,14,Private room
731236322578550844,1191.0,4,2.0,92,Entire home/apt
592656820625369404,1015.0,2,1.0,1,Private room
9131949,1815.0,4,2.0,41,Entire home/apt
50287230,333.0,2,1.0,114,Entire home/apt
1161707284311291607,860.0,2,1.0,33,Entire home/apt
1441594516571324348,736.0,15,2.0,4,Entire home/apt
21112024,1015.0,3,1.0,154,Private room
682389322810613362,2300.0,6,3.0,1,Entire home/apt
582881358934791920,2043.0,4,2.0,37,Entire home/apt
32167383,900.0,2,1.0,0,Private room
43180589,977.0,5,2.0,142,Entire home/apt
1071714518918437789,1700.0,3,1.0,48,Entire home/apt
1174138741816395326,958.0,5,2.0,46,Private room
1127866408741835418,1398.0,12,3.0,18,Entire home/apt
23277189,781.0,2,0.0,149,Private room
1481285243478516470,815.0,5,1.0,7,Entire home/apt
1166141485776295201,1200.0,3,1.0,28,Entire home/apt
52964236,1252.0,2,1.0,233,Entire home/apt
16570489,818.0,3,1.0,133,Entire home/apt
1487291912214190239,607.0,2,1.0,0,Private room
970984113858266891,2654.0,12,5.0,44,Entire home/apt
1382850594386490461,1170.0,4,2.0,17,Entire home/apt
1106559025329341252,1666.0,4,2.0,58,Entire home/apt
45454286,1315.0,2,1.0,30,Entire home/apt
664345742596749634,262.0,1,1.0,0,Private room
16924860,2743.0,10,3.0,201,Entire home/apt
757555080336966587,704.0,1,1.0,134,Private room
1460992536244564853,2148.0,4,2.0,0,Entire home/apt
602802465936045483,1329.0,3,1.0,33,Entire home/apt
603559653844143802,1281.0,2,1.0,106,Entire home/apt
45593985,414.0,3,1.0,81,Entire home/apt
1115339598931051833,351.0,1,1.0,13,Private room
42718029,292.0,1,1.0,19,Private room
1064672602501971085,1084.0,2,1.0,14,Entire home/apt
49648255,729.0,3,1.0,194,Entire home/apt
1518105840256589350,976.0,2,1.0,0,Entire home/apt
1454339651672939631,1247.0,3,1.0,7,Entire home/apt
46886338,688.0,2,1.0,175,Private room
52440446,11872.0,16,0.0,28,Entire home/apt
48283959,941.0,4,2.0,33,Entire home/apt
661475326194621175,1299.0,5,2.0,106,Entire home/apt
970366595688234796,2701.0,9,3.0,120,Entire home/apt
1034074689390914580,701.0,8,2.0,94,Entire home/apt
1139882441586650293,717.0,2,1.0,89,Entire home/apt
858654718461200918,909.0,2,1.0,17,Entire home/apt
1426968055929082332,743.0,2,1.0,2,Private room
39051753,1511.0,2,1.0,18,Private room
1500985756250467333,1315.0,6,3.0,1,Entire home/apt
599970069977725068,6812.0,4,2.0,13,Entire home/apt
1316895045648572889,2066.0,2,1.0,2,Entire home/apt
1465087835378068031,2534.0,4,2.0,6,Entire home/apt
1415628927227763024,1764.0,6,2.0,3,Entire home/apt
18268410,262.0,2,1.0,0,Private room
745183772535989679,557.0,2,1.0,139,Entire home/apt
710025202474359325,1827.0,8,2.0,60,Entire home/apt
608608952277678783,1910.0,8,4.0,144,Entire home/apt
27701795,4160.0,4,1.0,68,Entire home/apt
764617025318447864,548.0,2,1.0,80,Entire home/apt
1186369862399847828,917.0,6,2.0,48,Entire home/apt
577692942127377598,1330.0,2,1.0,51,Entire home/apt
6214515,1240.0,2,1.0,190,Private room
623867389254301102,1800.0,4,2.0,126,Entire home/apt
1375437979453246304,1267.0,4,2.0,13,Entire home/apt
1154439818909574398,740.0,2,1.0,1,Entire home/apt
601513071994211897,499.0,2,1.0,19,Private room
6345035,908.0,2,1.0,59,Entire home/apt
1518462568893975567,458.0,4,1.0,0,Entire home/apt
1460958818694947978,835.0,2,1.0,11,Private room
970582103571783442,1485.0,6,2.0,78,Entire home/apt
1150809518767266781,1515.0,4,2.0,12,Entire home/apt
14371044,1421.0,4,2.0,1,Private room
27929385,1567.0,3,1.0,171,Entire home/apt
1509079236800571116,5091.0,16,8.0,0,Entire home/apt
1353826634726209812,950.0,2,1.0,19,Entire home/apt
780534446456257950,1041.0,2,1.0,5,Entire home/apt
54021434,558.0,1,1.0,89,Private room
811471873499268962,1296.0,4,1.0,0,Private room
558098020852788093,1640.0,2,0.0,193,Entire home/apt
811879033456226334,2173.0,4,2.0,63,Entire home/apt
22486265,893.0,2,1.0,23,Private room
44291520,403.0,3,1.0,29,Entire home/apt
1181354065806825727,495.0,2,1.0,2,Private room
39919984,2072.0,2,1.0,95,Entire home/apt
11261727,1091.0,2,1.0,77,Entire home/apt
1356080967280337448,232.0,1,1.0,13,Shared room
1137807588798793223,1211.0,2,1.0,9,Entire home/apt
1409050032205854000,560.0,3,1.0,1,Entire home/apt
36549912,450.0,1,1.0,10,Private room
39265778,2416.0,4,2.0,36,Entire home/apt
982114492564908009,315.0,2,1.0,2,Private room
1034259219755321958,3600.0,10,4.0,0,Entire home/apt
1423285152975189227,2227.0,4,2.0,1,Entire home/apt
1395090546029482827,2080.0,4,2.0,19,Entire home/apt
1364647747778366510,1360.0,2,1.0,0,Private room
44806599,1244.0,4,2.0,245,Entire home/apt
1015426263281889826,485.0,2,1.0,82,Entire home/apt
1275672607848477644,1200.0,2,1.0,0,Entire home/apt
917077345862631084,2850.0,2,1.0,51,Entire home/apt
50292379,1036.0,2,1.0,28,Entire home/apt
1507430855289059624,1547.0,2,1.0,2,Entire home/apt
1293746189406649754,1238.0,2,1.0,26,Entire home/apt
995932886847218766,2270.0,6,3.0,49,Entire home/apt
1250219532084042850,17226.0,10,5.0,7,Entire home/apt
54405394,1050.0,4,2.0,275,Entire home/apt
957940152789346419,6082.0,2,1.0,1,Private room
2537481,2345.0,2,1.0,399,Entire home/apt
981382350679584665,2864.0,2,1.0,3,Private room
708880868955947885,1438.0,4,2.0,43,Entire home/apt
1406292731353674188,154.0,1,1.0,0,Shared room
934400182151377264,400.0,2,1.0,78,Private room
29510388,356.0,1,1.0,12,Private room
909548972515315683,1028.0,4,2.0,32,Entire home/apt
52864504,1171.0,2,1.0,47,Entire home/apt
711410914355987416,428.0,4,2.0,7,Entire home/apt
36041789,553.0,2,1.0,349,Private room
23791938,639.0,2,1.0,89,Entire home/apt
42427533,919.0,2,1.0,7,Private room
996335205243923957,816.0,9,2.0,32,Entire home/apt
12603951,1000.0,5,3.0,3,Entire home/apt
863761485282311675,1568.0,2,1.0,39,Entire home/apt
34531448,690.0,2,1.0,150,Entire home/apt
1019018951729125403,1211.0,7,3.0,28,Entire home/apt
984374851651990713,4569.0,5,2.0,30,Entire home/apt
8909112,560.0,1,1.0,253,Private room
1229738042831767520,351.0,3,1.0,36,Entire home/apt
22969299,3797.0,2,1.0,65,Entire home/apt
1060127209203563147,665.0,4,2.0,14,Entire home/apt
15868294,1817.0,2,1.0,2,Entire home/apt
1504495838185775573,2259.0,4,2.0,0,Entire home/apt
923925596564499430,298.0,2,1.0,17,Private room
1248051717822297640,2736.0,3,1.0,46,Entire home/apt
1419896958214272706,810.0,2,1.0,21,Entire home/apt
52865335,414.0,2,1.0,79,Private room
1105927178005189960,912.0,2,1.0,39,Entire home/apt
678391988616794589,802.0,4,2.0,13,Entire home/apt
42672067,1143.0,5,2.0,21,Entire home/apt
17151177,585.0,2,1.0,18,Private room
1418532516500256927,560.0,1,1.0,0,Private room
1221126375368573192,500.0,1,1.0,1,Private room
1412421706526928957,889.0,2,1.0,13,Entire home/apt
1365583071020908504,1435.0,4,1.0,13,Entire home/apt
856657085496276518,582.0,2,1.0,79,Private room
1071841361087059584,1700.0,10,3.0,63,Entire home/apt
1146515330215379858,1249.0,2,1.0,46,Entire home/apt
817291,1171.0,4,2.0,86,Entire home/apt
772550250233437084,861.0,2,1.0,54,Entire home/apt
1224052096875973265,1508.0,4,2.0,11,Entire home/apt
1349520922324698238,185.0,1,1.0,5,Shared room
1295142804435467483,2534.0,4,2.0,24,Entire home/apt
1035542019278582111,1394.0,4,2.0,62,Entire home/apt
26643544,684.0,4,1.0,25,Entire home/apt
1077815448353824545,1359.0,4,2.0,18,Entire home/apt
1221231006506759324,1235.0,4,2.0,12,Entire home/apt
32934617,782.0,2,1.0,50,Entire home/apt
912263486504434260,509.0,1,1.0,22,Private room
16203622,2388.0,6,3.0,177,Entire home/apt
39584060,898.0,2,1.0,312,Entire home/apt
995944881221016485,985.0,5,2.0,24,Entire home/apt
1472744240914400223,907.0,5,2.0,7,Entire home/apt
23879225,551.0,2,1.0,7,Private room
1186364322864561037,966.0,5,2.0,58,Entire home/apt
1264538346882787229,616.0,2,1.0,15,Private room
925564070586629213,632.0,5,2.0,25,Entire home/apt
26714845,1171.0,2,1.0,21,Private room
1196806474462396308,1925.0,5,2.0,26,Entire home/apt
1232121775555544768,1170.0,1,2.0,0,Entire home/apt
1331213886403214343,2106.0,1,2.0,0,Entire home/apt
1414974659646248849,2042.0,9,3.0,1,Entire home/apt
44941876,1169.0,4,1.0,122,Entire home/apt
1467761092077163813,734.0,2,1.0,6,Private room
1470096117218250778,691.0,4,1.0,8,Private room
1451017307911369447,1894.0,6,2.0,27,Entire home/apt
32381598,959.0,2,1.0,408,Entire home/apt
2075738,2471.0,2,1.0,116,Entire home/apt
1347021871679183300,9333.0,8,4.0,6,Entire home/apt
1047039446123360071,970.0,3,1.0,53,Entire home/apt
1458386735673449991,407.0,1,1.0,0,Private room
1047837080517718505,1625.0,2,1.0,0,Private room
51304380,774.0,4,2.0,104,Entire home/apt
1470586099068813010,855.0,5,2.0,10,Entire home/apt
1343676121508342477,585.0,4,1.0,5,Entire home/apt
649114581486028905,1396.0,2,1.0,42,Private room
1329687245341624420,849.0,2,1.0,14,Entire home/apt
923983077078516429,598.0,2,1.0,2,Private room
12309502,609.0,2,1.0,190,Private room
547808655250589270,1979.0,6,3.0,95,Entire home/apt
669758663018059836,2036.0,4,2.0,54,Entire home/apt
50827223,999.0,5,2.0,31,Entire home/apt
1496674602439586989,373.0,3,1.0,1,Entire home/apt
52148157,850.0,2,1.0,92,Entire home/apt
1035636810321879956,1096.0,4,1.0,37,Private room
29701007,340.0,1,1.0,34,Entire home/apt
707743859404400612,2090.0,4,2.0,46,Entire home/apt
1284174831799120087,2327.0,6,3.0,10,Entire home/apt
31696070,840.0,2,1.0,78,Private room
1467799758127954515,452.0,1,1.0,0,Private room
823220702836920183,1292.0,2,1.0,12,Entire home/apt
807953006257910138,300.0,1,1.0,0,Private room
26501402,441.0,2,1.0,9,Private room
49083541,550.0,2,1.0,17,Entire home/apt
15955296,998.0,1,1.0,33,Private room
572566398118233481,1020.0,4,2.0,29,Entire home/apt
1480454057489175299,1143.0,2,1.0,0,Entire home/apt
37636797,372.0,2,1.0,195,Private room
22565880,272.0,2,1.0,29,Private room
50130650,1701.0,2,1.0,23,Private room
731440278791660894,3500.0,8,4.0,6,Entire home/apt
1487891314316874768,851.0,1,1.0,0,Private room
1081801734742525920,1296.0,2,1.0,13,Entire home/apt
41072332,582.0,2,1.0,6,Private room
46796540,3235.0,3,2.0,8,Entire home/apt
925515484554911007,2403.0,7,3.0,57,Entire home/apt
46690496,330.0,1,1.0,6,Private room
831014341304628506,2500.0,3,1.0,18,Entire home/apt
1392439452664312496,2028.0,4,2.0,16,Entire home/apt
842386820616716735,952.0,6,2.0,1,Entire home/apt
1274029009963281167,509.0,2,1.0,9,Private room
998706878383993348,797.0,2,1.0,18,Entire home/apt
862412406371983156,1593.0,6,3.0,77,Entire home/apt
1308507700479261732,355.0,12,10.0,0,Private room
1192109419712026503,1877.0,3,1.0,39,Entire home/apt
1344501312769550918,3566.0,6,2.0,0,Entire home/apt
21695250,5000.0,2,2.0,0,Entire home/apt
766215574062569430,740.0,1,1.0,0,Private room
1229185325309437682,585.0,2,1.0,11,Private room
1304864123363048029,280.0,1,1.0,0,Shared room
1452432551060591398,2918.0,2,1.0,0,Entire home/apt
575518139566948919,344.0,1,1.0,15,Private room
32564699,1111.0,7,4.0,113,Entire home/apt
1003585985328287543,995.0,2,1.0,43,Entire home/apt
36000479,1330.0,4,2.0,6,Entire home/apt
42114780,1001.0,4,1.0,143,Entire home/apt
13653458,1047.0,2,1.0,416,Entire home/apt
48123905,1050.0,3,1.0,179,Private room
41483170,1511.0,5,2.0,21,Entire home/apt
1182105570686310182,468.0,2,1.0,16,Entire home/apt
948739327388165222,405.0,3,1.0,56,Entire home/apt
1481474527233420221,1080.0,6,2.0,5,Entire home/apt
671948453419537360,569.0,3,1.0,122,Entire home/apt
37241518,1069.0,5,2.0,75,Entire home/apt
54139529,1119.0,3,1.0,42,Entire home/apt
1379869661866091427,1491.0,2,1.0,3,Entire home/apt
823185713148101290,1077.0,3,2.0,20,Entire home/apt
1220908193954843420,1177.0,3,1.0,23,Entire home/apt
1500370578091142325,1429.0,3,1.0,1,Entire home/apt
1304877209649114670,280.0,1,1.0,0,Shared room
1473452361546998570,2136.0,2,1.0,6,Entire home/apt
669762784827810905,2014.0,4,2.0,207,Entire home/apt
32994453,388.0,1,1.0,59,Private room
45690607,407.0,2,1.0,280,Private room
17791988,3088.0,1,1.0,0,Private room
1073174410173277566,1131.0,4,2.0,44,Entire home/apt
888499590449290770,850.0,3,1.0,7,Entire home/apt
40779179,1212.0,2,1.0,83,Entire home/apt
834199682269391254,1377.0,9,3.0,32,Entire home/apt
32311828,280.0,1,1.0,18,Private room
731380879534372191,1073.0,5,2.0,122,Entire home/apt
17575470,1058.0,4,2.0,138,Entire home/apt
1371416941896881166,1688.0,4,1.0,1,Private room
531810038964588545,898.0,2,1.0,138,Entire home/apt
1393005801416782031,656.0,1,1.0,0,Private room
843426264633976802,3143.0,2,1.0,1,Private room
33023608,1247.0,4,2.0,81,Entire home/apt
1107367817473479375,2013.0,2,1.0,0,Entire home/apt
21931082,829.0,6,2.0,507,Entire home/apt
36516259,2994.0,2,1.0,168,Entire home/apt
1081995873218701642,2183.0,6,3.0,19,Entire home/apt
45237804,11371.0,14,6.0,1,Entire home/apt
16298031,1245.0,5,2.0,77,Entire home/apt
1330469829961295914,1753.0,2,1.0,1,Entire home/apt
53495688,2052.0,7,3.0,135,Entire home/apt
1501076224519874933,1884.0,2,1.0,0,Private room
989085256174749137,1317.0,4,2.0,74,Entire home/apt
1200592962846587423,2511.0,4,2.0,37,Entire home/apt
34057222,672.0,4,1.0,336,Entire home/apt
34448463,864.0,3,1.0,12,Entire home/apt
47884367,744.0,4,1.0,147,Entire home/apt
811790491069996677,1457.0,6,3.0,20,Entire home/apt
1075596440961565637,711.0,2,1.0,41,Private room
797312372091808264,1550.0,4,2.0,19,Entire home/apt
18040481,796.0,2,1.0,293,Private room
1472006060135099831,321.0,1,1.0,3,Shared room
37555455,2382.0,2,1.0,47,Entire home/apt
1211118482286958898,410.0,1,1.0,11,Private room
849904007033197750,495.0,2,1.0,0,Private room
1441541017377425694,1300.0,2,1.0,0,Private room
784251889717301577,1592.0,5,2.0,247,Entire home/apt
20918346,436.0,1,1.0,36,Entire home/apt
1069471972154521625,816.0,3,1.0,95,Entire home/apt
1105415711700041104,990.0,2,1.0,4,Entire home/apt
1328476105635752513,882.0,1,1.0,2,Entire home/apt
1190867270619651210,800.0,4,1.0,6,Private room
704412985837516273,864.0,2,1.0,136,Private room
1242465902168111791,600.0,1,1.0,0,Private room
691309950827928332,1305.0,2,1.0,1,Entire home/apt
877001403322914497,353.0,2,1.0,26,Private room
847197525877442235,460.0,1,1.0,131,Private room
5632011,4853.0,1,1.0,104,Private room
37809949,1580.0,6,3.0,173,Entire home/apt
39773706,950.0,3,1.0,21,Entire home/apt
910859153551768657,2409.0,4,2.0,55,Entire home/apt
14186060,190.0,2,2.0,107,Private room
50293389,447.0,6,2.0,148,Entire home/apt
23884039,2079.0,6,3.0,118,Entire home/apt
17589503,2126.0,2,1.0,3,Entire home/apt
942048629338880807,762.0,2,1.0,3,Entire home/apt
1456084089766405254,440.0,1,1.0,4,Private room
1228662306627387897,343.0,2,1.0,0,Private room
21503313,1412.0,2,1.0,281,Entire home/apt
786183782329360575,1011.0,2,1.0,0,Private room
1279166410234379789,1800.0,6,2.0,0,Private room
1513364737005991770,1068.0,3,1.0,0,Entire home/apt
45000058,1277.0,2,1.0,16,Entire home/apt
48897077,576.0,2,1.0,4,Entire home/apt
7842592,1270.0,2,1.0,116,Entire home/apt
1285875802415633966,2189.0,7,1.0,0,Private room
1150804202082848270,1237.0,2,1.0,19,Entire home/apt
1150811973585395138,1527.0,4,2.0,5,Entire home/apt
17795825,522.0,2,1.0,78,Private room
1181233833531656903,817.0,3,0.0,0,Entire home/apt
726014593799192829,1310.0,2,1.0,84,Entire home/apt
47890322,230.0,3,2.0,0,Entire home/apt
25506575,300.0,1,2.0,62,Private room
13683964,2315.0,4,2.0,35,Entire home/apt
1163997522880398274,1600.0,2,1.0,0,Entire home/apt
1103837933304957944,503.0,2,1.0,4,Private room
897413527740671593,1037.0,2,1.0,96,Entire home/apt
1461753470741280776,459.0,1,1.0,10,Private room
686368959157773079,1066.0,3,1.0,302,Entire home/apt
1442940563756692557,4368.0,4,2.0,1,Entire home/apt
1353831775089549997,1336.0,6,2.0,0,Entire home/apt
39206869,232.0,1,1.0,1,Private room
53392734,1620.0,2,1.0,3,Private room
1070307459348295659,1115.0,4,2.0,74,Entire home/apt
1514775638799935741,2614.0,5,3.0,0,Entire home/apt
780612592789232677,1665.0,3,1.0,137,Entire home/apt
39729591,1150.0,4,2.0,11,Entire home/apt
3049887,1149.0,2,1.0,73,Entire home/apt
715157003172702428,1731.0,4,2.0,4,Entire home/apt
1502325911235989479,563.0,2,1.0,3,Entire home/apt
1227577617552581352,813.0,4,2.0,62,Entire home/apt
580704761446104772,1235.0,4,2.0,128,Entire home/apt
1262977989091233881,2746.0,8,3.0,54,Entire home/apt
1194492081305546080,3814.0,6,3.0,42,Entire home/apt
782870560945180943,985.0,2,1.0,71,Entire home/apt
22935731,1260.0,4,2.0,148,Entire home/apt
1058617479641678150,968.0,2,1.0,86,Entire home/apt
32421024,1121.0,4,2.0,57,Entire home/apt
18430566,1807.0,5,3.0,66,Entire home/apt
17878555,380.0,1,1.0,4,Private room
28130201,1161.0,4,2.0,151,Entire home/apt
1495336149860070510,4979.0,6,1.0,0,Entire home/apt
576850008966563295,2503.0,4,2.0,156,Entire home/apt
32213663,702.0,3,1.0,274,Entire home/apt
1138837111581603720,1207.0,2,1.0,46,Entire home/apt
47814639,713.0,2,2.0,55,Entire home/apt
1338699709392393604,5490.0,12,5.0,10,Entire home/apt
40086816,770.0,3,1.0,586,Entire home/apt
51045452,1167.0,2,1.0,64,Entire home/apt
1095948478035255449,9161.0,16,6.0,30,Entire home/apt
756097526841733019,1464.0,3,1.0,115,Entire home/apt
760050721916353519,789.0,4,0.0,167,Entire home/apt
1460278662102057334,1287.0,2,0.0,2,Entire home/apt
643635895780054444,1380.0,2,1.0,177,Entire home/apt
9649215,1078.0,2,1.0,167,Entire home/apt
1496828883361178743,628.0,2,1.0,1,Entire home/apt
35256381,1102.0,2,1.0,54,Entire home/apt
15699557,751.0,3,1.0,192,Entire home/apt
768142919066780211,1005.0,2,1.0,230,Entire home/apt
1005031623428419097,1726.0,4,2.0,59,Entire home/apt
1219577585834266156,1098.0,2,1.0,0,Entire home/apt
724802297486500821,3130.0,4,2.0,143,Entire home/apt
51241466,913.0,6,1.0,108,Entire home/apt
1343004072485596415,1440.0,3,1.0,20,Entire home/apt
1226944210962584067,796.0,2,1.0,37,Entire home/apt
1268138452709968978,1303.0,4,2.0,41,Entire home/apt
1487828263283369130,864.0,2,1.0,0,Entire home/apt
1120307173356133458,750.0,1,1.0,4,Private room
998819269108360685,616.0,2,1.0,10,Private room
858628308471225828,1359.0,3,1.0,97,Entire home/apt
47355505,433.0,1,1.0,10,Private room
947454818199689619,888.0,6,2.0,17,Entire home/apt
1440110770826701143,350.0,1,1.0,5,Private room
706857117773600014,1047.0,5,2.0,133,Entire home/apt
586867498149461076,3180.0,6,3.0,60,Entire home/apt
1502425731232111006,1221.0,2,1.0,0,Entire home/apt
29235866,1558.0,4,2.0,153,Entire home/apt
710890586486046147,415.0,2,1.0,155,Entire home/apt
956027302279097421,221.0,1,1.0,3,Private room
555180119451324170,1061.0,3,1.0,91,Entire home/apt
43023297,680.0,1,1.0,9,Private room
1420371809297826376,1138.0,2,1.0,10,Entire home/apt
684900543970179827,6395.0,2,1.0,12,Entire home/apt
1127695675602600016,450.0,2,1.0,10,Private room
852930981658536144,820.0,2,1.0,39,Entire home/apt
46886217,738.0,2,1.0,189,Private room
905179650494204058,462.0,2,1.0,101,Private room
950020370795937785,528.0,2,1.0,118,Private room
38652942,2469.0,6,3.0,70,Entire home/apt
1193472524828492411,837.0,2,1.0,11,Entire home/apt
51390406,1952.0,5,2.0,305,Entire home/apt
1445712214413020789,1268.0,4,2.0,28,Entire home/apt
20668834,5509.0,6,2.0,0,Entire home/apt
28911246,563.0,2,1.0,98,Entire home/apt
579220462649503305,1634.0,3,1.0,45,Entire home/apt
990655601194453123,964.0,2,1.0,9,Entire home/apt
9217038,664.0,2,1.0,282,Private room
1348531196640517558,778.0,2,1.0,113,Entire home/apt
1498096673173955283,1675.0,4,2.0,0,Entire home/apt
46623903,881.0,2,1.0,0,Private room
1354561235627137190,1865.0,6,3.0,1,Entire home/apt
18681096,810.0,2,1.0,447,Entire home/apt
724899876468239766,582.0,2,1.0,369,Entire home/apt
44104455,408.0,1,1.0,196,Private room
1396590784940601133,313.0,2,1.0,4,Private room
981356891216855264,2546.0,2,1.0,0,Private room
33051319,866.0,3,1.0,32,Private room
17557255,2520.0,2,1.0,18,Entire home/apt
841294294067291389,9500.0,10,0.0,6,Entire home/apt
28289131,3030.0,2,1.0,0,Entire home/apt
46335694,2945.0,6,3.0,128,Entire home/apt
1498104410890717888,632.0,2,1.0,0,Entire home/apt
41795625,1045.0,2,1.0,12,Entire home/apt
10332429,249.0,1,1.0,35,Private room
42694977,955.0,5,2.0,47,Entire home/apt
783248519531388425,1764.0,2,1.0,101,Entire home/apt
53933726,1317.0,4,1.0,21,Entire home/apt
1381355608239735650,932.0,3,1.0,9,Entire home/apt
44844425,1142.0,2,1.0,169,Entire home/apt
1345281556992979443,419.0,2,1.0,43,Entire home/apt
1338163018712368334,923.0,4,2.0,33,Entire home/apt
811828372500594356,315.0,2,1.0,40,Private room
17284206,255.0,2,1.0,0,Private room
1207643568474016158,333.0,2,1.0,4,Private room
1476830187945707748,1414.0,4,2.0,2,Entire home/apt
902479111025144146,808.0,2,1.0,4,Entire home/apt
869524146812816995,883.0,3,2.0,50,Entire home/apt
31165803,379.0,2,1.0,187,Private room
1308055234781496312,602.0,2,1.0,1,Private room
649345317369979129,899.0,4,2.0,24,Entire home/apt
989714257260999853,3787.0,10,4.0,38,Entire home/apt
1183469893359897958,1622.0,2,1.0,54,Entire home/apt
1489866787041625937,1152.0,2,1.0,0,Entire home/apt
31667129,1420.0,6,2.0,63,Entire home/apt
1422120098687938237,276.0,1,0.0,12,Private room
1281923122734413603,1943.0,2,1.0,46,Private room
900729514439240626,877.0,5,3.0,15,Entire home/apt
53416509,969.0,2,1.0,18,Entire home/apt
1118168061134486118,344.0,3,1.0,14,Entire home/apt
802321198564176746,1180.0,2,1.0,53,Entire home/apt
44836028,450.0,1,1.0,16,Private room
963054121575205549,684.0,2,1.0,68,Entire home/apt
951412979445446352,540.0,2,1.0,5,Private room
565286114447762563,1800.0,4,2.0,43,Entire home/apt
17671151,1120.0,2,1.0,77,Entire home/apt
53375437,8976.0,16,6.0,9,Entire home/apt
28968704,652.0,2,1.0,30,Private room
658712207948579998,1818.0,2,1.0,38,Entire home/apt
46066042,1042.0,4,2.0,94,Entire home/apt
1412500692239464124,576.0,6,1.0,0,Private room
54124864,638.0,3,1.0,168,Entire home/apt
50421249,1980.0,3,1.0,110,Entire home/apt
1452551667768899322,1205.0,6,0.0,5,Entire home/apt
22469779,361.0,2,1.0,3,Private room
26333764,371.0,1,1.0,47,Private room
51769249,1980.0,2,1.0,21,Entire home/apt
1115371886752764301,789.0,1,1.0,0,Entire home/apt
1447411416817800413,1668.0,3,2.0,3,Entire home/apt
1031865815448196462,673.0,2,1.0,237,Private room
940048708972797278,463.0,3,1.0,88,Entire home/apt
43054552,1241.0,4,2.0,533,Entire home/apt
1147965979673907389,1534.0,4,2.0,37,Entire home/apt
858174797911862250,786.0,5,2.0,83,Entire home/apt
583220437362215435,613.0,1,1.0,27,Private room
760041841007932214,619.0,4,0.0,122,Entire home/apt
45830468,1208.0,2,1.0,54,Entire home/apt
705967964815372226,803.0,2,1.0,105,Entire home/apt
1217039050459001580,175.0,2,1.0,2,Private room
1160991526007919697,654.0,1,1.0,10,Private room
16067114,3774.0,6,3.0,307,Entire home/apt
48425892,838.0,6,1.0,31,Entire home/apt
1241552698976833158,1710.0,4,2.0,50,Entire home/apt
41312416,688.0,2,1.0,162,Entire home/apt
39195549,196.0,1,1.0,0,Private room
45675024,1415.0,3,1.0,36,Entire home/apt
1424992327940376170,3000.0,6,3.0,2,Entire home/apt
1048209853158310051,630.0,4,2.0,95,Entire home/apt
1148580195334892173,2587.0,6,3.0,3,Entire home/apt
22221936,356.0,2,1.0,69,Entire home/apt
1127796871806934732,729.0,2,1.0,6,Entire home/apt
1266767145771046409,258.0,2,1.0,6,Entire home/apt
1100338548544177885,542.0,2,1.0,2,Private room
1419072015821812668,2655.0,7,3.0,2,Entire home/apt
43105076,770.0,2,1.0,52,Entire home/apt
1377091321388073856,651.0,2,1.0,0,Private room
33277694,367.0,1,1.0,219,Private room
30184001,1821.0,2,1.0,0,Entire home/apt
765221572005706972,647.0,2,1.0,13,Private room
943639704594956379,3060.0,4,1.0,3,Entire home/apt
27700561,4500.0,4,2.0,10,Entire home/apt
32218750,608.0,2,1.0,43,Private room
13402271,840.0,4,1.0,142,Private room
1404549316491546313,1283.0,2,1.0,7,Private room
552952518635790091,1630.0,2,1.0,135,Entire home/apt
37305066,263.0,2,1.0,6,Private room
30051139,1222.0,4,2.0,242,Entire home/apt
1482358945408017397,484.0,1,1.0,0,Private room
931866606157842778,1200.0,2,1.0,88,Entire home/apt
1060461163791262150,1422.0,6,3.0,60,Entire home/apt
45483471,1277.0,2,1.0,48,Entire home/apt
1511166545296517015,1430.0,2,0.0,0,Entire home/apt
32216129,480.0,2,1.0,11,Private room
1287654358369751965,2442.0,4,1.0,1,Private room
879831709234326458,951.0,2,1.0,68,Entire home/apt
54243791,1142.0,2,1.0,17,Entire home/apt
1282036593613077774,368.0,2,1.0,19,Private room
1487305372183007884,544.0,1,1.0,4,Private room
1137810474276473521,1226.0,3,1.0,13,Entire home/apt
46352407,1157.0,4,2.0,58,Entire home/apt
43180627,1402.0,6,2.0,74,Entire home/apt
1305243244712162900,2000.0,2,1.0,0,Entire home/apt
1374104984067519321,1455.0,4,2.0,22,Entire home/apt
23338960,586.0,2,1.0,211,Private room
25159050,823.0,2,1.0,71,Entire home/apt
28402805,580.0,2,1.0,0,Private room
54034193,1301.0,2,1.0,75,Entire home/apt
48212268,1406.0,7,3.0,83,Entire home/apt
10883847,764.0,2,1.0,471,Private room
945611628914649500,443.0,2,1.0,31,Private room
27627702,550.0,2,1.0,24,Private room
1509579128745576491,1093.0,1,1.0,0,Private room
1169646102281348544,1434.0,3,1.0,2,Entire home/apt
1517734174709390905,1532.0,4,2.0,0,Entire home/apt
19711317,561.0,1,1.0,41,Private room
36276566,1100.0,5,2.0,392,Entire home/apt
1192737103734494147,1716.0,2,1.0,3,Entire home/apt
1296376452815228514,1754.0,6,3.0,3,Entire home/apt
1395635550787060718,832.0,2,1.0,0,Private room
1071757860650814811,851.0,2,1.0,4,Private room
1172656567236086498,2480.0,6,2.0,117,Entire home/apt
700815353973581981,1025.0,4,1.0,77,Entire home/apt
841273813150943812,2912.0,5,3.0,21,Entire home/apt
45641027,490.0,3,1.0,7,Private room
32634370,715.0,2,1.0,300,Entire home/apt
1272545200265781281,1438.0,2,1.0,44,Private room
1079226321442638354,295.0,2,1.0,13,Private room
3904158,863.0,6,2.0,100,Entire home/apt
1282712778457564938,1262.0,3,1.0,33,Entire home/apt
1006544855207949638,1093.0,5,2.0,66,Entire home/apt
813730045071448341,2422.0,4,1.0,5,Entire home/apt
43509463,2936.0,4,2.0,23,Entire home/apt
1448555190005379109,445.0,1,1.0,18,Private room
720398306596649630,816.0,6,2.0,60,Entire home/apt
50137091,487.0,1,1.0,0,Private room
914091413725920783,1167.0,4,1.0,59,Entire home/apt
1313320018472823865,2506.0,8,3.0,25,Entire home/apt
10741796,810.0,2,1.0,213,Entire home/apt
47963343,540.0,4,1.0,4,Private room
25556522,1742.0,2,1.0,366,Entire home/apt
1380733304860412677,52790.0,6,3.0,0,Entire home/apt
52131866,1178.0,7,2.0,75,Entire home/apt
50148641,202.0,2,1.0,29,Private room
2986194,1553.0,4,2.0,48,Entire home/apt
42778339,847.0,2,1.0,122,Entire home/apt
1372912944180421525,1029.0,2,1.0,17,Entire home/apt
54354809,892.0,4,2.0,97,Entire home/apt
1513434482924015307,1270.0,2,1.0,0,Private room
632610669127178671,822.0,2,1.0,88,Private room
984781791028970379,1424.0,2,1.0,56,Entire home/apt
1347208543183299189,978.0,4,2.0,10,Entire home/apt
1391366869778527771,1174.0,6,2.0,15,Entire home/apt
1129256971966489248,1081.0,3,2.0,27,Entire home/apt
1272611597409231783,1016.0,3,1.0,8,Entire home/apt
38696580,1196.0,3,1.0,442,Entire home/apt
15523424,20324.0,2,1.0,5,Private room
1460326433675562248,1036.0,2,1.0,10,Private room
1345581801797808812,686.0,1,1.0,0,Private room
16166817,350.0,1,1.0,99,Private room
48941694,663.0,1,1.0,45,Private room
1270407644150783852,1321.0,2,1.0,54,Private room
1390662304958525179,223.0,1,1.0,0,Private room
1359041238376705742,450.0,3,1.0,2,Private room
18042317,609.0,1,1.0,27,Private room
1371829954460788814,293.0,1,1.0,12,Private room
637817613914367530,480.0,2,1.0,26,Private room
44036616,1511.0,4,2.0,60,Entire home/apt
35683802,3698.0,6,3.0,108,Entire home/apt
849930539047832414,1777.0,8,2.0,13,Entire home/apt
1041343471672688797,1615.0,5,2.0,28,Entire home/apt
46141792,704.0,1,1.0,0,Private room
1210257412389491268,2692.0,7,3.0,19,Entire home/apt
984073067545534896,957.0,6,3.0,86,Entire home/apt
1168366771765401695,540.0,4,2.0,68,Private room
1398747140761014587,1871.0,4,1.0,20,Entire home/apt
1516812709902871006,1211.0,3,1.0,0,Entire home/apt
1208733457100520068,879.0,4,2.0,12,Entire home/apt
798571850100670742,893.0,2,1.0,229,Private room
25980248,1158.0,1,1.0,4,Private room
1114825428322355301,769.0,4,2.0,49,Entire home/apt
12784158,1208.0,2,0.0,28,Entire home/apt
1460994330875612596,4887.0,6,3.0,2,Entire home/apt
783362984185971890,2527.0,2,1.0,2,Entire home/apt
27701507,3497.0,2,1.0,193,Entire home/apt
1325603108658463958,1858.0,4,2.0,2,Entire home/apt
1347069287130845297,632.0,3,1.0,5,Entire home/apt
34041761,2164.0,6,3.0,240,Entire home/apt
1445186188185565807,1700.0,2,1.0,0,Private room
46276864,734.0,2,1.0,23,Entire home/apt
970980117222098511,3264.0,3,1.0,3,Entire home/apt
48845499,1005.0,2,1.0,185,Entire home/apt
40193433,1378.0,2,1.0,3,Entire home/apt
1198320969301028776,4181.0,3,1.0,3,Private room
1196470650191753971,1753.0,8,3.0,82,Entire home/apt
827746161141639764,980.0,4,2.0,0,Entire home/apt
879475646621404304,1307.0,4,2.0,113,Entire home/apt
964809173778123580,1374.0,6,3.0,22,Entire home/apt
584784335669051123,2362.0,4,1.0,0,Entire home/apt
725353384287047032,1330.0,2,1.0,18,Entire home/apt
43769808,668.0,2,1.0,0,Private room
685371920080076536,4077.0,7,4.0,23,Entire home/apt
741255812784265794,2268.0,3,1.0,90,Entire home/apt
7734148,402.0,1,1.0,22,Private room
1500959744236154177,1608.0,4,2.0,3,Entire home/apt
1003640033208777149,520.0,1,1.0,0,Private room
20440559,3403.0,4,2.0,67,Entire home/apt
12368205,1080.0,2,1.0,128,Entire home/apt
27580296,6779.0,12,5.0,103,Entire home/apt
903862348319425813,683.0,1,1.0,0,Private room
1134661884594973509,1479.0,4,2.0,73,Entire home/apt
1195306103382195941,578.0,2,1.0,68,Private room
1260633311772434656,790.0,1,1.0,11,Private room
1395319996193276517,905.0,2,1.0,10,Entire home/apt
593033104555248199,810.0,2,1.0,1,Private room
32763130,594.0,2,1.0,241,Private room
1333648144558890545,1080.0,4,3.0,1,Private room
1157465175288224010,1723.0,3,1.0,21,Entire home/apt
35156461,1374.0,2,1.0,0,Entire home/apt
1370971013747532800,964.0,4,2.0,22,Entire home/apt
19609291,534.0,2,1.0,47,Private room
204887,768.0,1,1.0,32,Entire home/apt
28078933,831.0,3,0.0,184,Entire home/apt
1182778510131741915,990.0,4,2.0,18,Entire home/apt
51486729,785.0,2,1.0,45,Private room
928344634275012359,957.0,2,1.0,41,Entire home/apt
1346582415127176672,815.0,2,1.0,5,Entire home/apt
1338681842933000661,4191.0,2,1.0,2,Entire home/apt
1373577312428468636,900.0,4,1.0,1,Entire home/apt
680596204817194801,619.0,2,1.0,362,Private room
50345126,1350.0,2,1.0,6,Entire home/apt
33518008,702.0,2,0.0,276,Entire home/apt
1179069068165001245,591.0,2,1.0,18,Entire home/apt
894452298755805342,2887.0,6,3.0,46,Entire home/apt
1443481132161425607,1079.0,3,1.0,17,Entire home/apt
1213814153181573387,1093.0,2,1.0,25,Entire home/apt
613173719271512408,2074.0,6,2.0,68,Entire home/apt
710422980328384556,746.0,2,1.0,17,Private room
1512565311906082573,2840.0,12,4.0,0,Entire home/apt
53952357,404.0,2,1.0,86,Private room
835433151326154668,1217.0,4,2.0,95,Entire home/apt
15452875,1620.0,4,2.0,35,Entire home/apt
14169273,1928.0,2,1.0,3,Entire home/apt
1307946503956884827,1280.0,2,1.0,16,Entire home/apt
1389137232190045368,2789.0,3,1.0,10,Entire home/apt
49297085,800.0,2,1.0,165,Entire home/apt
1264743878914491303,2250.0,4,3.0,12,Entire home/apt
944586730058710113,805.0,2,1.0,126,Private room
1415270200737889618,668.0,4,1.0,5,Private room
983399364471013597,579.0,2,1.0,43,Entire home/apt
1342909122000404908,1750.0,2,1.0,1,Entire home/apt
41860102,1100.0,2,1.0,19,Private room
49210082,1105.0,2,1.0,167,Private room
1201095653996321497,1440.0,5,2.0,37,Entire home/apt
912645899705166046,2144.0,5,2.0,50,Entire home/apt
786150013483021947,2130.0,4,2.0,71,Entire home/apt
840424333156629024,333.0,1,1.0,29,Private room
873316233618726807,810.0,2,1.0,70,Entire home/apt
1495143568000002781,398.0,1,1.0,3,Private room
1062527591178210267,959.0,2,1.0,8,Entire home/apt
900427890182187691,1022.0,4,2.0,142,Entire home/apt
1245075914303040879,545.0,2,1.0,31,Entire home/apt
1421736226099612779,1473.0,2,1.0,0,Entire home/apt
51487827,700.0,2,1.0,150,Entire home/apt
31060261,2526.0,4,3.0,36,Entire home/apt
1152063523709260396,1015.0,1,1.0,0,Entire home/apt
790054008302858363,1091.0,2,1.0,42,Entire home/apt
48465400,1845.0,4,1.0,96,Entire home/apt
616050389265878862,850.0,1,1.0,53,Private room
1297413749004817721,10453.0,4,1.0,0,Entire home/apt
742005957583239523,2499.0,6,2.0,48,Entire home/apt
1031734728232187772,1367.0,3,1.0,147,Entire home/apt
54166244,910.0,2,1.0,15,Entire home/apt
1390640975383963827,1998.0,2,1.0,1,Entire home/apt
1480844101930580981,1236.0,3,1.0,10,Entire home/apt
1116268837401675069,461.0,5,1.0,0,Private room
10359194,347.0,2,1.0,133,Private room
1044883237575455731,666.0,3,1.0,33,Entire home/apt
1207113117880755082,881.0,5,1.0,35,Entire home/apt
1119609917469550031,900.0,2,1.0,15,Private room
1147897081423796227,723.0,4,2.0,11,Entire home/apt
53241384,1643.0,6,2.0,62,Entire home/apt
1481534410558726626,995.0,2,1.0,1,Entire home/apt
34126306,1192.0,10,3.0,76,Entire home/apt
1039470418563368242,759.0,2,1.0,37,Entire home/apt
49092122,1361.0,2,1.0,3,Private room
759651805401132910,674.0,1,1.0,5,Private room
18477421,1500.0,4,2.0,66,Entire home/apt
751459478051046754,1370.0,6,2.0,7,Entire home/apt
38695973,842.0,3,1.0,227,Entire home/apt
40733154,2927.0,4,2.0,59,Entire home/apt
1339166380792450084,2649.0,4,2.0,6,Entire home/apt
1429363906978527479,810.0,2,1.0,4,Private room
1031465536322046569,1258.0,4,2.0,58,Entire home/apt
1127786023008315023,1426.0,2,1.0,25,Entire home/apt
1373517950221200718,1757.0,6,2.0,35,Entire home/apt
53590768,1049.0,3,1.0,34,Entire home/apt
1242104955189702106,950.0,16,4.0,14,Entire home/apt
1306014626600192313,540.0,2,1.0,29,Entire home/apt
1190076264517210542,621.0,2,1.0,24,Private room
552203986431498449,483.0,2,2.0,16,Entire home/apt
51235258,950.0,2,1.0,91,Entire home/apt
48980844,882.0,3,1.0,91,Entire home/apt
1005011428269418842,1292.0,2,1.0,59,Entire home/apt
852311081669119592,870.0,2,1.0,23,Entire home/apt
1011184666391649732,427.0,2,1.0,85,Private room
33157666,1212.0,1,4.0,41,Entire home/apt
45531657,900.0,2,1.0,66,Entire home/apt
1102916521996995692,3002.0,4,2.0,45,Entire home/apt
979205075377113004,1460.0,6,3.0,50,Entire home/apt
1147518334848935910,1080.0,2,1.0,0,Private room
783307566312088136,12796.0,8,4.0,16,Entire home/apt
933405461783918929,3572.0,4,2.0,11,Entire home/apt
1193830455846989317,1085.0,2,1.0,72,Entire home/apt
1264820586085482996,767.0,4,2.0,17,Entire home/apt
1008627279239650985,4290.0,2,1.0,0,Entire home/apt
1126896143572296588,1131.0,2,1.0,10,Entire home/apt
1379839453680597965,1434.0,2,1.0,9,Entire home/apt
555269704057628871,2740.0,7,3.0,9,Entire home/apt
39255798,1150.0,6,2.0,206,Entire home/apt
42845092,1254.0,4,2.0,2,Entire home/apt
1186515045633787933,4126.0,8,3.0,19,Entire home/apt
46373075,1818.0,2,1.0,91,Entire home/apt
54392931,1035.0,2,0.0,177,Entire home/apt
1435787031222142151,405.0,2,1.0,0,Private room
935520498472582949,1260.0,2,1.0,41,Private room
13530446,421.0,2,1.0,133,Private room
1456056333226402240,9000.0,6,3.0,2,Entire home/apt
555166566722700811,3382.0,2,1.0,11,Private room
765152712796825077,1354.0,4,2.0,111,Entire home/apt
1285824169111735091,2978.0,2,1.0,0,Private room
1044214843318966495,2682.0,10,3.0,58,Entire home/apt
673841192690797487,330.0,1,1.0,7,Private room
1258244174488496661,815.0,4,2.0,41,Entire home/apt
17328739,630.0,4,2.0,533,Entire home/apt
747302908088307957,1934.0,3,1.0,96,Entire home/apt
23675458,964.0,2,1.0,109,Entire home/apt
554468636607917393,3946.0,3,1.0,102,Entire home/apt
1083028257096833064,497.0,2,1.0,6,Private room
20331632,1024.0,5,2.0,577,Entire home/apt
44402324,3570.0,16,6.0,1,Private room
50677801,1045.0,4,2.0,60,Entire home/apt
1179815387807949645,713.0,1,1.0,0,Private room
7480645,400.0,1,1.0,144,Private room
1117673288195154350,644.0,1,1.0,23,Private room
660539134886057052,2000.0,3,2.0,121,Entire home/apt
1147967895420751911,1505.0,4,2.0,17,Entire home/apt
1154010170574434424,2103.0,6,3.0,106,Entire home/apt
1482248785797137922,904.0,2,1.0,5,Private room
571692703460510088,2700.0,6,3.0,0,Entire home/apt
52094627,2089.0,3,1.0,107,Entire home/apt
1130664576002494000,1921.0,6,3.0,13,Entire home/apt
1311692839811443564,1038.0,4,1.0,27,Entire home/apt
1399513332529296335,1087.0,5,2.0,14,Entire home/apt
30181844,388.0,4,1.0,98,Private room
1416910569465043073,1809.0,4,1.0,4,Entire home/apt
587792764072398593,736.0,2,1.0,20,Private room
731609100325521141,4128.0,5,3.0,107,Entire home/apt
1126260342253512644,2416.0,2,1.0,0,Entire home/apt
54127808,570.0,2,1.0,86,Private room
16528664,1619.0,4,2.0,198,Entire home/apt
1503795699350629246,648.0,4,2.0,7,Entire home/apt
27702514,3696.0,2,1.0,133,Entire home/apt
1295798925833167965,1095.0,4,1.0,18,Entire home/apt
758715204038380743,683.0,2,1.0,79,Entire home/apt
9026128,1213.0,4,2.0,111,Entire home/apt
1502705035969658736,958.0,6,4.0,1,Entire home/apt
1010422382010998652,811.0,2,1.0,22,Private room
38976816,350.0,2,1.0,47,Private room
1228555585934297195,1158.0,6,2.0,51,Entire home/apt
1221133479274261637,1345.0,4,2.0,0,Private room
628876422256845513,1750.0,3,1.0,46,Entire home/apt
1253516779922191708,540.0,1,1.0,16,Private room
729679475602203026,2140.0,6,3.0,34,Entire home/apt
890019212226745538,353.0,1,1.0,23,Entire home/apt
1362400105493292847,1642.0,5,2.0,27,Entire home/apt
837059272345513583,1964.0,2,1.0,4,Private room
39464732,1187.0,2,1.0,169,Entire home/apt
1133812384965628367,450.0,2,1.0,45,Private room
45689052,450.0,2,1.0,279,Entire home/apt
29521079,264.0,1,1.0,50,Private room
9415443,1057.0,2,0.0,496,Entire home/apt
599922280411621257,1275.0,5,2.0,103,Entire home/apt
31678796,1033.0,6,2.0,225,Entire home/apt
958021448613467739,3205.0,6,3.0,56,Entire home/apt
847187037048793937,1154.0,4,2.0,52,Entire home/apt
48287522,1097.0,4,2.0,432,Entire home/apt
1183566678423680793,1159.0,3,1.0,40,Entire home/apt
1424307382180284868,450.0,2,1.0,2,Private room
1434392161675166796,2092.0,2,1.0,19,Entire home/apt
1265443294394297457,333.0,2,1.0,27,Private room
14278552,226.0,2,1.0,234,Private room
24158910,2943.0,6,3.0,25,Entire home/apt
53493922,1118.0,4,2.0,19,Entire home/apt
609332320283529657,4862.0,6,3.0,192,Entire home/apt
35617214,475.0,1,3.0,64,Private room
1495928978355195126,890.0,4,2.0,1,Entire home/apt
1187110186886725640,858.0,3,1.0,21,Entire home/apt
705785158298336001,1330.0,2,1.0,52,Entire home/apt
884000823142145544,1089.0,2,1.0,11,Entire home/apt
1487067410386506931,752.0,2,1.0,3,Entire home/apt
953595690845153278,2134.0,4,2.0,73,Entire home/apt
1435151816974485212,1024.0,4,2.0,0,Entire home/apt
1490775301449241265,863.0,2,1.0,9,Entire home/apt
1147966187486203176,1505.0,4,2.0,28,Entire home/apt
1516762754291555485,453.0,3,1.0,0,Entire home/apt
20050802,406.0,2,1.0,147,Private room
1263833611620085047,2375.0,4,2.0,18,Entire home/apt
1479989044832258361,3933.0,2,1.0,0,Private room
1446106947228634293,3986.0,8,3.0,6,Entire home/apt
1124998061082804940,1069.0,3,1.0,40,Entire home/apt
38759121,986.0,2,1.0,78,Entire home/apt
2863665,953.0,2,1.0,215,Private room
29452902,539.0,4,1.0,83,Entire home/apt
51218202,3499.0,8,3.0,67,Entire home/apt
1077733727609186031,3277.0,4,2.0,38,Entire home/apt
1009630495021098242,196.0,1,1.0,7,Private room
933341841286685943,3000.0,2,1.0,1,Entire home/apt
742035549097165822,4469.0,4,2.0,61,Entire home/apt
27526826,1382.0,8,3.0,264,Entire home/apt
46602566,4311.0,15,5.0,110,Entire home/apt
517803624698273223,1900.0,4,2.0,99,Entire home/apt
1421120799828966014,665.0,3,1.0,15,Entire home/apt
926137050779025258,450.0,2,1.0,2,Entire home/apt
817575361981374100,1387.0,5,3.0,85,Entire home/apt
991903494708010058,847.0,5,2.0,62,Entire home/apt
1256052427226280568,944.0,3,1.0,35,Entire home/apt
1392387170560941890,1884.0,2,1.0,2,Entire home/apt
1436326327022648840,1993.0,6,3.0,21,Entire home/apt
1096511174386247673,715.0,4,1.0,8,Entire home/apt
48782699,823.0,2,1.0,5,Private room
867327163490316624,1022.0,2,1.0,1086,Private room
786912576433658791,2724.0,7,3.0,49,Entire home/apt
1118357842820932054,827.0,4,2.0,2,Entire home/apt
909588574995870660,641.0,1,1.0,12,Private room
901690754652443780,280.0,2,1.0,0,Private room
27106455,832.0,2,1.0,225,Entire home/apt
54275472,1224.0,2,1.0,162,Private room
42936860,1331.0,4,2.0,50,Entire home/apt
1467078662609803179,842.0,7,2.0,8,Entire home/apt
50422336,1663.0,2,1.0,5,Private room
1084726910388473315,575.0,2,1.0,31,Entire home/apt
952889359220373661,2318.0,2,1.0,21,Entire home/apt
1207581702967739772,903.0,6,2.0,13,Entire home/apt
52865721,1554.0,2,1.0,80,Entire home/apt
48770109,260.0,1,1.0,26,Private room
51251527,1020.0,9,2.0,216,Entire home/apt
644948669072058135,738.0,4,2.0,196,Entire home/apt
1197157715329694792,1620.0,2,1.0,11,Private room
722546376209116698,800.0,1,1.0,18,Private room
46019657,1110.0,3,1.0,161,Entire home/apt
31316765,240.0,2,1.0,2,Private room
948018549241236931,1416.0,5,2.0,11,Entire home/apt
1501117268479375655,1655.0,2,1.0,1,Private room
1444314553845526052,1473.0,2,1.0,0,Entire home/apt
1471323650962934432,1451.0,5,2.0,17,Entire home/apt
23607431,589.0,2,1.0,157,Entire home/apt
1452389099055749612,1402.0,2,2.0,0,Entire home/apt
934957386021471177,485.0,2,1.0,74,Private room
36973508,1045.0,4,2.0,3,Entire home/apt
898590055811237924,1305.0,4,2.0,36,Entire home/apt
994233541931171706,1621.0,4,2.0,578,Entire home/apt
726533892970682420,909.0,2,1.0,19,Entire home/apt
37327386,3274.0,9,3.0,145,Entire home/apt
743298160171983944,581.0,1,1.0,22,Entire home/apt
22833543,1091.0,4,2.0,242,Entire home/apt
924711489055776959,485.0,2,1.0,50,Private room
1447251414681881019,959.0,4,1.0,3,Private room
40989042,500.0,2,1.0,136,Private room
1398194832601864436,706.0,2,1.0,14,Entire home/apt
924097454560015779,1742.0,2,1.0,51,Entire home/apt
1151059822010157106,1081.0,4,1.0,87,Entire home/apt
1270606311579061975,406.0,2,1.0,25,Private room
709534476923180635,960.0,4,2.0,3,Entire home/apt
49438083,327.0,1,1.0,76,Private room
1427204584309339843,1807.0,2,1.0,1,Private room
17318939,980.0,4,2.0,104,Entire home/apt
54166143,1078.0,4,2.0,7,Entire home/apt
1164518164119053694,1060.0,4,2.0,20,Entire home/apt
1434888957671496719,3020.0,4,2.0,0,Entire home/apt
49658554,663.0,2,1.0,6,Entire home/apt
987032557675277821,601.0,1,1.0,122,Private room
782494334404489163,1700.0,2,1.0,65,Private room
1092150520069166661,799.0,2,1.0,28,Private room
23580437,988.0,6,2.0,153,Entire home/apt
818337238106544862,600.0,2,1.0,3,Entire home/apt
861559808818140901,1328.0,2,1.0,40,Entire home/apt
831208750153947263,871.0,2,1.0,3,Private room
1224073936562025248,3860.0,11,3.0,23,Entire home/apt
811563270856120430,1683.0,6,2.0,95,Entire home/apt
28312851,502.0,3,1.0,34,Entire home/apt
1411412291385369312,2947.0,5,2.0,14,Entire home/apt
587880467900295860,640.0,2,1.0,10,Private room
1306023447496287536,514.0,1,1.0,0,Private room
1450206615340125163,1108.0,4,1.0,0,Entire home/apt
1445046466170894833,1465.0,2,1.0,14,Entire home/apt
51927134,323.0,1,1.0,23,Private room
42718821,4241.0,15,6.0,24,Entire home/apt
1003673014874032429,1110.0,6,4.0,117,Entire home/apt
47377265,1129.0,2,1.0,125,Entire home/apt
1075416466840688164,1709.0,4,2.0,15,Entire home/apt
821051261889582660,875.0,5,2.0,105,Entire home/apt
632661594699068163,242.0,1,1.0,17,Private room
41817435,4250.0,4,2.0,0,Entire home/apt
50385779,2859.0,5,2.0,26,Entire home/apt
44317959,982.0,3,1.0,67,Entire home/apt
45735867,1350.0,10,3.0,2,Private room
45491796,475.0,1,0.0,93,Private room
1315663797241095792,359.0,2,1.0,0,Private room
1064656755648772741,855.0,4,1.0,39,Private room
699436138190780149,1710.0,10,2.0,172,Entire home/apt
688325444965400414,953.0,4,2.0,146,Entire home/apt
1303262460841484568,5478.0,5,2.0,1,Entire home/apt
28013120,225.0,2,1.0,21,Private room
913694931432604948,880.0,3,2.0,36,Entire home/apt
1155831154741996885,661.0,4,2.0,13,Entire home/apt
38076417,4181.0,6,2.0,77,Entire home/apt
1463901809803191450,2029.0,4,2.0,1,Entire home/apt
568168620303594159,675.0,4,2.0,84,Entire home/apt
743761997461376255,3034.0,10,4.0,155,Entire home/apt
984203983242251754,2755.0,6,3.0,18,Entire home/apt
1422596644976505417,534.0,1,1.0,25,Private room
816919048119336820,1500.0,3,1.0,0,Entire home/apt
828982147051426846,3376.0,8,3.0,92,Entire home/apt
667377655893439904,296.0,4,1.0,5,Private room
705751111354367523,1727.0,2,1.0,17,Entire home/apt
872405673833959397,977.0,3,1.0,30,Entire home/apt
1463497646296606534,1189.0,4,2.0,2,Entire home/apt
608245959662950135,502.0,2,1.0,125,Private room
19552844,1025.0,2,1.0,168,Entire home/apt
29826476,841.0,2,1.0,181,Entire home/apt
746712872532346027,540.0,2,1.0,27,Private room
688440842695492343,440.0,2,1.0,61,Private room
9390448,362.0,2,1.0,2,Private room
680572719206832609,602.0,2,1.0,402,Entire home/apt
14883971,1036.0,2,2.0,130,Entire home/apt
626937094364637442,1367.0,3,1.0,51,Entire home/apt
45091073,710.0,2,1.0,11,Private room
984385792516796856,777.0,4,1.0,178,Private room
979102205588330834,720.0,2,1.0,46,Private room
17865289,659.0,2,5.0,10,Private room
22161120,796.0,3,1.0,407,Entire home/apt
1270356387463620015,3017.0,6,2.0,21,Entire home/apt
23882515,1010.0,2,1.0,0,Private room
552233920325144669,778.0,6,2.0,475,Entire home/apt
563823579007904778,773.0,2,1.0,222,Private room
52409031,547.0,2,1.0,109,Private room
787017421342798305,611.0,2,1.0,0,Private room
43833230,564.0,2,1.0,27,Private room
1380821551861311244,1658.0,5,2.0,17,Entire home/apt
1468959968204815187,386.0,2,1.0,1,Private room
1379210586450749183,650.0,1,1.0,3,Private room
54282694,909.0,4,1.0,3,Entire home/apt
50289070,485.0,2,1.0,207,Private room
1155837036793122179,693.0,2,1.0,0,Private room
1233532142502127545,1685.0,3,1.0,18,Entire home/apt
865238121464207837,1770.0,2,1.0,14,Entire home/apt
39758348,7033.0,6,3.0,42,Entire home/apt
948725201904382322,826.0,4,2.0,100,Entire home/apt
31444567,920.0,2,2.0,1,Entire home/apt
26426087,720.0,3,1.0,751,Entire home/apt
36524791,396.0,2,1.0,18,Private room
35570989,1646.0,4,2.0,181,Entire home/apt
1462544133707135714,1500.0,2,1.0,3,Entire home/apt
642000846896127102,1570.0,8,2.0,131,Entire home/apt
1055178569431083469,558.0,2,1.0,46,Private room
1216038509395456521,393.0,2,1.0,21,Private room
1368979329008175870,976.0,6,2.0,14,Entire home/apt
1305133854888306096,500.0,2,1.0,5,Private room
1196379561646798162,1200.0,4,1.0,30,Private room
1178477665562374926,1283.0,2,1.0,2,Entire home/apt
1065541200832712280,580.0,3,1.0,34,Private room
1372590068993193064,356.0,1,1.0,11,Private room
1303754441717092213,1007.0,2,1.0,10,Entire home/apt
48736934,618.0,2,1.0,43,Entire home/apt
1184373238130658506,600.0,2,1.0,41,Entire home/apt
1246061577608865654,517.0,1,1.0,14,Entire home/apt
1036144352124680939,437.0,2,1.0,19,Entire home/apt
10996559,6106.0,16,7.0,0,Private room
735446057481018048,1305.0,4,1.0,146,Entire home/apt
1448955650603786963,454.0,3,1.0,1,Entire home/apt
953895270948412366,1284.0,2,1.0,38,Private room
23517655,2600.0,6,3.0,145,Entire home/apt
883411865108003539,909.0,2,1.0,26,Entire home/apt
1422708452447053217,398.0,1,1.0,12,Private room
25457640,909.0,5,2.0,322,Entire home/apt
1303133028278993888,531.0,2,1.0,1,Private room
1512530573840398652,4997.0,16,4.0,0,Entire home/apt
1511599784691278967,1685.0,6,2.0,0,Entire home/apt
1013782257573384733,2553.0,3,2.0,99,Entire home/apt
27090710,657.0,2,1.0,80,Private room
599349768725348220,2225.0,6,2.0,93,Entire home/apt
1370387311449178964,9460.0,16,5.0,32,Entire home/apt
12715247,630.0,2,1.0,56,Private room
7972176,966.0,2,1.0,15,Private room
1381614990210166499,450.0,2,1.0,12,Private room
1184107079176155524,461.0,1,1.0,0,Private room
1180489565194364943,470.0,2,1.0,5,Entire home/apt
1069821388722561719,315.0,2,1.0,37,Private room
1492909133882756266,9330.0,4,2.0,1,Entire home/apt
897393613987324079,1309.0,2,1.0,140,Entire home/apt
43245019,963.0,4,1.0,196,Entire home/apt
1433403200396252503,978.0,5,2.0,4,Entire home/apt
988433871596573033,609.0,1,1.0,25,Private room
1161176192837610517,560.0,2,1.0,0,Private room
28165465,1101.0,7,2.0,290,Entire home/apt
1121814081248903191,2023.0,5,3.0,24,Entire home/apt
1513984947814014012,1970.0,4,2.0,0,Entire home/apt
51247239,940.0,9,2.0,214,Entire home/apt
37810069,838.0,4,2.0,389,Entire home/apt
54127132,855.0,3,2.0,11,Entire home/apt
1461832113307994921,936.0,3,1.0,8,Entire home/apt
1351037983408017593,378.0,2,1.0,2,Private room
30734316,505.0,2,1.0,107,Private room
939771743992537892,1112.0,5,2.0,16,Entire home/apt
39438737,1064.0,5,1.0,441,Entire home/apt
38521735,264.0,1,1.0,14,Private room
1058589590825135630,468.0,2,6.0,0,Private room
957251643759236369,1440.0,2,1.0,5,Entire home/apt
710927682773415084,1642.0,2,1.0,1,Private room
623218686909116383,3087.0,4,3.0,2,Entire home/apt
721990723241876445,403.0,2,1.0,142,Private room
1399517125923223247,2067.0,5,2.0,6,Entire home/apt
47834830,825.0,2,1.0,64,Private room
584965387639318375,1336.0,4,2.0,112,Entire home/apt
1095623518815329897,810.0,4,1.0,47,Entire home/apt
37659118,210.0,1,0.0,15,Private room
48216280,900.0,2,1.0,2,Entire home/apt
1348667631471515015,1892.0,8,4.0,16,Entire home/apt
1110470992239286326,10180.0,16,8.0,57,Entire home/apt
23018732,763.0,4,1.0,35,Entire home/apt
1055311821567390132,9022.0,16,8.0,28,Entire home/apt
35550017,1403.0,3,1.0,135,Entire home/apt
856475962382216966,1400.0,2,1.0,3,Entire home/apt
23598308,552.0,2,1.0,142,Private room
1427524773398055355,665.0,2,1.0,27,Entire home/apt
782076732156790722,693.0,1,1.0,3,Private room
1100055051023941347,990.0,3,1.0,8,Entire home/apt
26255938,827.0,4,1.0,382,Private room
734050051325241121,740.0,4,1.0,4,Entire home/apt
667214739872332914,315.0,1,1.0,52,Private room
1334854971847858325,338.0,2,1.0,9,Entire home/apt
1293495589492739327,1131.0,4,2.0,29,Entire home/apt
724054941183174037,638.0,3,2.0,9,Entire home/apt
1385065508555059421,775.0,4,2.0,8,Private room
674895370955198914,818.0,4,2.0,1,Entire home/apt
905393571501210239,815.0,5,2.0,4,Entire home/apt
872670432231012621,563.0,1,0.0,20,Private room
1131993325046038466,486.0,2,1.0,0,Private room
652931935623532438,968.0,6,2.0,143,Entire home/apt
714565493530385582,1147.0,2,1.0,74,Entire home/apt
1322599788545957506,905.0,3,1.0,7,Entire home/apt
1272134165497433886,695.0,3,1.0,9,Entire home/apt
23453072,6380.0,4,3.0,10,Entire home/apt
879155359674781365,1051.0,2,1.0,71,Entire home/apt
1232009788654955383,446.0,2,1.0,41,Private room
1494687630076624124,1526.0,2,1.0,0,Entire home/apt
1281238771302918382,1466.0,2,1.0,31,Entire home/apt
24294391,6444.0,16,8.0,61,Entire home/apt
31237949,274.0,1,1.0,80,Private room
830432569689941231,1736.0,6,3.0,75,Entire home/apt
774663770511627487,2000.0,6,3.0,62,Entire home/apt
1287206842168922672,6300.0,4,2.0,1,Entire home/apt
894124060354851960,950.0,2,1.0,102,Private room
1089457052820109919,1121.0,5,2.0,5,Entire home/apt
14232422,1029.0,4,1.0,311,Entire home/apt
1126936644445916674,2419.0,12,5.0,36,Entire home/apt
1359513352451385118,986.0,3,1.0,4,Entire home/apt
1177111076973363588,1612.0,6,1.0,72,Entire home/apt
1009387708788930283,1483.0,2,2.0,4,Entire home/apt
1446403060301282184,1263.0,2,1.0,1,Private room
12310341,1162.0,3,2.0,8,Entire home/apt
871237092225081319,1953.0,8,2.0,28,Entire home/apt
893610450279277029,1110.0,3,0.0,87,Entire home/apt
50199728,685.0,4,2.0,2,Entire home/apt
913019152222112182,1283.0,4,2.0,113,Entire home/apt
1514001585724322023,1234.0,2,1.0,0,Private room
1495638788999521021,1169.0,2,1.0,1,Private room
777814352679981118,700.0,1,1.0,26,Private room
1193408833415601228,2466.0,4,2.0,68,Entire home/apt
4642549,4788.0,2,1.0,165,Private room
1020341954182218913,900.0,2,1.0,120,Entire home/apt
1472457012418747028,435.0,3,1.0,15,Entire home/apt
1045234728636479138,1355.0,2,1.0,29,Entire home/apt
876938688489006675,1320.0,4,2.0,24,Entire home/apt
1197757301704528078,1104.0,3,2.0,0,Entire home/apt
21212741,426.0,2,1.0,106,Private room
1320365187857850993,729.0,2,1.0,7,Private room
27579535,470.0,2,1.0,213,Private room
33341187,274.0,1,1.0,6,Private room
1363943483565244181,559.0,2,1.0,16,Private room
752129914190052813,850.0,2,3.0,4,Entire home/apt
51537663,1064.0,4,3.0,1,Entire home/apt
982511209134782298,1500.0,5,2.0,113,Entire home/apt
1424758165782022168,2138.0,6,2.0,2,Entire home/apt
45670211,858.0,3,1.0,219,Entire home/apt
801465863865500445,1516.0,3,0.0,59,Entire home/apt
1404644423332412410,1108.0,4,2.0,2,Entire home/apt
15240630,360.0,1,1.0,3,Private room
1157240282326994343,855.0,3,1.0,29,Entire home/apt
1139364366099274704,1750.0,8,3.0,0,Entire home/apt
1356069837164301093,601.0,2,1.0,12,Private room
1345932833857466387,2987.0,4,2.0,9,Entire home/apt
28254120,380.0,1,1.0,180,Private room
1334080666524828666,3550.0,4,1.0,1,Entire home/apt
1214548645285573137,2070.0,2,1.0,13,Entire home/apt
1495824786469644789,3142.0,4,1.0,1,Entire home/apt
50700094,1117.0,3,1.0,210,Private room
1159742613844877359,789.0,2,1.0,2,Entire home/apt
1133689320452555924,1615.0,4,2.0,19,Entire home/apt
626904731652762979,888.0,4,1.0,152,Entire home/apt
1008838266746886502,546.0,2,1.0,21,Private room
38793911,1803.0,6,3.0,2,Entire home/apt
49503395,1108.0,5,2.0,76,Entire home/apt
1491159885372993696,153.0,1,1.0,0,Shared room
904284575709397994,4453.0,4,2.0,5,Entire home/apt
917421847893696974,3150.0,2,1.0,212,Entire home/apt
862569124908560799,445.0,4,1.0,1,Private room
816909708323600996,1500.0,3,1.0,0,Entire home/apt
1429327705265042889,1711.0,6,2.0,32,Entire home/apt
1005009473865981572,1343.0,4,1.0,51,Entire home/apt
662397707206752195,419.0,2,1.0,149,Entire home/apt
1497000668406662442,1327.0,2,1.0,0,Private room
1500346905004231031,408.0,2,1.0,3,Private room
23190893,720.0,2,1.0,42,Private room
1223494488890303490,561.0,3,2.0,17,Entire home/apt
37831062,653.0,4,0.0,0,Private room
1314147300933052835,616.0,2,1.0,15,Private room
785795979368982473,510.0,1,1.0,4,Private room
1387156354324313411,1678.0,4,2.0,16,Entire home/apt
36757844,2565.0,5,2.0,122,Entire home/apt
1340798364033693371,495.0,2,1.0,6,Private room
1304464351009986855,243.0,2,1.0,7,Entire home/apt
43278717,1126.0,2,1.0,203,Private room
785731583626194957,1479.0,2,1.0,115,Entire home/apt
727593201116471839,1200.0,2,1.0,158,Entire home/apt
27961899,960.0,2,1.0,25,Private room
53221491,941.0,2,1.0,40,Private room
20267233,727.0,2,1.0,111,Entire home/apt
1460317481840169384,2075.0,2,1.0,1,Private room
709619979302533321,1838.0,5,2.0,31,Entire home/apt
18641108,1521.0,12,3.0,213,Entire home/apt
1499763329559211684,732.0,2,2.0,0,Entire home/apt
45830039,2610.0,2,1.0,10,Entire home/apt
1374197718099935266,1499.0,4,2.0,32,Entire home/apt
1503738860988242802,692.0,2,1.0,0,Entire home/apt
1283661539420005246,733.0,3,1.0,40,Entire home/apt
40660950,1109.0,2,1.0,228,Entire home/apt
41819694,1150.0,4,1.0,137,Entire home/apt
598662265140838850,3946.0,2,1.0,44,Private room
1001517,2373.0,6,2.0,88,Entire home/apt
921140975901903537,1613.0,4,2.0,22,Entire home/apt
1462435893384563891,2995.0,7,4.0,5,Entire home/apt
53536273,382.0,1,1.0,2,Private room
708124276122887105,940.0,4,2.0,101,Entire home/apt
1300772303615161104,1664.0,6,3.0,11,Entire home/apt
20541514,351.0,2,1.0,4,Private room
858785022905607703,1001.0,2,1.0,100,Entire home/apt
50527107,1210.0,2,1.0,19,Entire home/apt
39027669,1208.0,4,1.0,38,Entire home/apt
53292256,765.0,4,2.0,104,Entire home/apt
12453709,1035.0,2,1.0,312,Entire home/apt
577400146520152157,4304.0,4,1.0,7,Entire home/apt
49095359,784.0,2,1.0,15,Entire home/apt
41855209,304.0,2,1.0,19,Private room
28512770,1090.0,2,1.0,122,Entire home/apt
578355501166207034,2045.0,7,3.0,57,Entire home/apt
1501734346193098380,734.0,2,1.0,0,Private room
1245915123651733276,1193.0,12,3.0,12,Entire home/apt
699209329514822807,1456.0,3,1.0,24,Entire home/apt
1187114646588159260,2264.0,4,1.0,1,Private room
1304611866710554559,2700.0,5,2.0,30,Entire home/apt
1395784800818380854,1476.0,2,1.0,1,Entire home/apt
15478176,1377.0,3,1.0,338,Entire home/apt
53591651,681.0,2,1.0,81,Entire home/apt
51105581,400.0,1,1.0,0,Private room
1193743447907775294,765.0,2,1.0,79,Entire home/apt
1091526468734434270,7902.0,6,2.0,23,Entire home/apt
43517679,1200.0,2,1.0,1,Entire home/apt
1008882644638737133,1370.0,6,3.0,66,Entire home/apt
634049907053982161,1947.0,4,1.0,64,Entire home/apt
1227773715655455789,1138.0,2,1.0,15,Entire home/apt
1312620068446142832,1314.0,4,1.0,39,Entire home/apt
1513185320032242792,150.0,2,1.0,0,Entire home/apt
2715327,707.0,8,2.0,43,Entire home/apt
17191471,1491.0,2,1.0,301,Entire home/apt
13507686,3191.0,4,2.0,296,Entire home/apt
10754507,1658.0,6,3.0,56,Entire home/apt
41380591,1206.0,2,1.0,11,Private room
916827657577590893,660.0,2,1.0,6,Private room
672376032108832684,1099.0,2,1.0,3,Private room
42290306,2470.0,8,3.0,107,Entire home/apt
1487269863878147056,526.0,1,1.0,1,Private room
1086368562687676353,485.0,2,1.0,8,Private room
1390934132068723981,898.0,2,1.0,13,Private room
866186424429070382,2189.0,8,4.0,69,Entire home/apt
1237063225000898270,684.0,1,1.0,24,Entire home/apt
1284015532381259965,1080.0,4,2.0,9,Entire home/apt
52984911,1445.0,4,1.0,87,Private room
728570467584789924,810.0,2,1.0,136,Entire home/apt
29629990,2283.0,2,1.0,5,Private room
1481250989543442060,798.0,2,1.0,1,Entire home/apt
1226420913690479045,2069.0,4,2.0,54,Entire home/apt
811023145661288236,1725.0,2,1.0,78,Entire home/apt
39225472,968.0,3,1.0,205,Entire home/apt
600702932521490437,1020.0,4,2.0,5,Entire home/apt
592669153370796763,1718.0,6,3.0,6,Entire home/apt
779029020065808904,968.0,2,3.0,0,Private room
49079003,575.0,2,1.0,81,Entire home/apt
1137799346204608735,1228.0,3,1.0,35,Entire home/apt
42452601,995.0,5,2.0,281,Entire home/apt
1203712144728154411,560.0,4,2.0,25,Entire home/apt
22225916,3446.0,8,4.0,257,Entire home/apt
16964657,2850.0,1,0.0,0,Private room
53903649,1110.0,3,1.0,144,Entire home/apt
33808135,1155.0,3,1.0,96,Entire home/apt
737644228432541311,1062.0,4,1.0,20,Entire home/apt
608169411061889340,1736.0,6,3.0,26,Entire home/apt
1285562689333452133,218.0,1,1.0,1,Shared room
744230399849399959,2544.0,6,3.0,94,Entire home/apt
26362789,1615.0,4,2.0,46,Entire home/apt
44207323,1082.0,3,1.0,270,Entire home/apt
1328379085023652183,68.0,1,0.0,7,Shared room
1056568956956207307,695.0,2,1.0,91,Private room
902860409869599745,665.0,2,1.0,21,Private room
1412415483447710095,617.0,2,1.0,2,Entire home/apt
14548301,2060.0,6,3.0,225,Entire home/apt
958059412400128364,592.0,5,2.0,71,Entire home/apt
1287928569284260457,1200.0,2,1.0,18,Private room
47030571,442.0,2,1.0,18,Private room
1406724090974063453,2624.0,4,1.0,1,Entire home/apt
47797306,981.0,4,2.0,24,Entire home/apt
1176433842231646098,722.0,2,1.0,33,Entire home/apt
42272287,2853.0,4,2.0,71,Entire home/apt
1242888645020424962,1013.0,2,2.0,4,Entire home/apt
976717695430875399,617.0,2,1.0,28,Private room
1458153280743824919,1862.0,5,2.0,6,Entire home/apt
1265297765156699205,59800.0,16,8.0,0,Entire home/apt
623173038085483895,2217.0,3,1.0,230,Private room
1109564396354145538,810.0,2,1.0,5,Private room
955855418078319464,11010.0,4,2.0,1,Private room
48565208,903.0,2,1.0,76,Entire home/apt
1305284898595962088,4610.0,12,6.0,10,Entire home/apt
1209567715223945602,2314.0,4,2.0,20,Entire home/apt
861685970826977270,1400.0,6,2.0,2,Entire home/apt
1302376121237527620,882.0,2,1.0,42,Entire home/apt
704497699012265541,375.0,1,1.0,51,Private room
18547832,937.0,3,0.0,252,Entire home/apt
1434184857229634860,1376.0,2,1.0,3,Entire home/apt
1075291400344893671,898.0,4,1.0,151,Entire home/apt
51655757,583.0,4,2.0,137,Entire home/apt
1316883688916403173,1836.0,2,1.0,0,Entire home/apt
49588579,1214.0,5,2.0,7,Entire home/apt
1335007895803556582,3419.0,2,1.0,0,Entire home/apt
52862815,848.0,3,1.0,60,Entire home/apt
1460424629170240229,804.0,2,1.0,0,Private room
1227925276966051627,2272.0,4,1.0,0,Entire home/apt
979331665330743729,881.0,5,2.0,43,Entire home/apt
1455896982665268054,1343.0,4,1.0,1,Entire home/apt
1499527163285145540,1138.0,4,2.0,3,Entire home/apt
1420502799949386039,461.0,3,1.0,4,Private room
1467093932309929432,643.0,2,1.0,8,Entire home/apt
1095600222828608853,1318.0,4,1.0,8,Entire home/apt
1358877194064639659,419.0,2,1.0,3,Entire home/apt
1285023091964394934,3029.0,4,2.0,26,Entire home/apt
1417547167179100024,450.0,3,1.0,4,Shared room
1462637260249240039,1323.0,4,1.0,5,Private room
40407791,1436.0,4,2.0,191,Entire home/apt
21500839,523.0,1,1.0,0,Private room
1337023021844074045,542.0,6,2.0,17,Entire home/apt
28291980,242.0,1,1.0,219,Private room
852909650750334198,1163.0,2,1.0,72,Entire home/apt
1450851007612329445,1036.0,2,1.0,15,Private room
939721,1285.0,3,1.0,550,Entire home/apt
53847355,432.0,1,1.0,10,Private room
1227782462604552144,1517.0,4,1.0,8,Entire home/apt
1156003182836484189,717.0,3,1.0,90,Entire home/apt
1496049022166660676,999.0,2,1.0,6,Entire home/apt
1003632456040078500,843.0,2,1.0,30,Entire home/apt
1298631002393007393,350.0,2,1.0,8,Private room
990094201646363618,773.0,2,1.0,162,Private room
613214535996109108,1470.0,4,2.0,104,Entire home/apt
1418055728217709664,668.0,2,1.0,16,Private room
1492128314705677627,383.0,1,1.0,1,Private room
1152904791310899804,687.0,2,2.0,18,Entire home/apt
1514041450200346972,1055.0,2,1.0,0,Private room
1150803749289750838,1253.0,2,1.0,49,Entire home/apt
40471419,400.0,1,10.0,1,Private room
1141711480419307145,1092.0,2,1.0,3,Private room
837025363971285746,810.0,3,1.0,72,Private room
1244287879944570573,637.0,1,1.0,0,Private room
831437141770860659,849.0,5,2.0,14,Private room
1394261661510061542,461.0,5,1.0,3,Private room
637196374653815676,1861.0,4,2.0,34,Entire home/apt
813713367341290940,1125.0,2,1.0,1,Private room
34223134,312.0,2,1.0,20,Private room
679013054758176884,461.0,3,1.0,26,Private room
32845487,1170.0,2,1.0,1,Private room
688986037160035058,700.0,2,1.0,76,Private room
1297489611173158863,9370.0,7,6.0,3,Entire home/apt
1458740729272354951,2031.0,4,2.0,3,Entire home/apt
19387851,315.0,2,1.0,91,Private room
1010920323813587539,874.0,1,1.0,19,Entire home/apt
1358850974901123986,1631.0,4,2.0,3,Entire home/apt
800529161311953002,2739.0,6,2.0,51,Entire home/apt
1438703179788894051,954.0,2,1.0,15,Entire home/apt
797220839777787697,1009.0,3,1.0,124,Entire home/apt
1474176488861387388,869.0,2,1.0,1,Entire home/apt
1117504212033171808,1200.0,3,2.0,38,Entire home/apt
49534841,599.0,2,1.0,81,Entire home/apt
1084341625589384494,567.0,4,1.0,6,Private room
1011810881157874753,2199.0,6,3.0,66,Entire home/apt
1210308767373368766,2151.0,6,2.0,16,Entire home/apt
46730096,1177.0,3,1.0,3,Entire home/apt
1452177708843469490,619.0,2,1.0,2,Entire home/apt
1015964358339552241,719.0,2,1.0,46,Entire home/apt
1282719623762250482,585.0,2,1.0,73,Private room
612176091957274792,980.0,2,1.0,64,Entire home/apt
1120494131860223777,4515.0,6,3.0,29,Entire home/apt
23455685,676.0,4,1.0,92,Private room
1424777157774682532,745.0,2,1.0,3,Entire home/apt
1419983015512849139,534.0,2,1.0,4,Private room
1513928160113759832,1654.0,2,1.0,0,Entire home/apt
1174623459221959704,1951.0,12,4.0,9,Entire home/apt
1502635271614404681,1801.0,2,1.0,0,Private room
1315422003281295490,1023.0,2,1.0,3,Entire home/apt
44853221,855.0,2,1.0,226,Entire home/apt
1106427492990237075,1960.0,3,1.0,249,Entire home/apt
1269679054304641929,9000.0,5,3.0,0,Entire home/apt
28602888,1743.0,2,1.0,322,Entire home/apt
20624811,2190.0,4,3.0,109,Entire home/apt
757192105294867952,270.0,1,1.0,37,Private room
998164018031318153,964.0,4,2.0,103,Entire home/apt
45848803,2109.0,3,2.0,0,Entire home/apt
1407990362694026025,10598.0,10,5.0,7,Entire home/apt
1104995396629144472,2590.0,5,2.0,85,Entire home/apt
1000771993579025549,1451.0,2,1.0,23,Entire home/apt
15816486,550.0,2,1.0,82,Private room
856077453562445400,716.0,2,1.0,262,Entire home/apt
651374624211341292,2170.0,4,2.0,39,Entire home/apt
1237945357313440482,649.0,2,1.0,79,Entire home/apt
583993787297398421,400.0,2,1.0,74,Private room
870381543808235311,1166.0,2,1.0,14,Private room
25428392,1668.0,5,3.0,10,Entire home/apt
923375951953694278,10800.0,16,6.0,3,Entire home/apt
873369004813211553,1170.0,2,1.0,13,Entire home/apt
1159798080902324970,1237.0,6,2.0,12,Entire home/apt
1217057587690056629,1120.0,4,2.0,83,Entire home/apt
994886744552862447,1502.0,7,3.0,57,Entire home/apt
28310400,1372.0,4,1.0,54,Entire home/apt
1084204809235290692,495.0,2,1.0,0,Private room
691919094054577273,2246.0,6,3.0,59,Entire home/apt
35944954,2772.0,6,3.0,168,Entire home/apt
53535541,382.0,1,1.0,2,Private room
22797304,1213.0,2,1.0,444,Entire home/apt
1343587369538335799,800.0,4,1.0,5,Private room
24798699,1853.0,4,2.0,42,Entire home/apt
573918081535232885,329.0,2,1.0,9,Private room
1010441814373306330,1089.0,3,1.0,33,Entire home/apt
817293646147746017,192.0,2,1.0,10,Private room
45204921,729.0,2,1.0,79,Private room
581182264456582435,776.0,1,1.0,0,Entire home/apt
1137802679356702396,1249.0,2,1.0,17,Entire home/apt
42234735,297.0,2,1.0,26,Entire home/apt
635689347472834108,2551.0,6,3.0,39,Entire home/apt
975341158121567245,665.0,2,1.0,25,Entire home/apt
919783451490722222,1112.0,4,2.0,17,Entire home/apt
1368301711829359964,637.0,2,1.0,4,Private room
898060658278867548,1530.0,4,2.0,59,Entire home/apt
1377570470989564804,702.0,4,2.0,0,Entire home/apt
857478189716477876,964.0,7,2.0,94,Entire home/apt
1483574536665922445,2189.0,6,2.0,2,Entire home/apt
810372728210270163,1658.0,5,2.0,45,Entire home/apt
45568288,1384.0,6,3.0,59,Entire home/apt
564435476936974799,1003.0,1,1.0,0,Private room
790639428130162556,450.0,1,1.0,21,Private room
43801276,915.0,2,1.0,0,Entire home/apt
1419617222982817816,1377.0,2,1.0,10,Entire home/apt
31958184,458.0,2,1.0,57,Entire home/apt
671050694008702112,2063.0,4,2.0,0,Entire home/apt
52950572,933.0,2,1.0,66,Entire home/apt
54324590,1191.0,3,1.0,117,Entire home/apt
701233976557549136,829.0,2,1.0,162,Entire home/apt
1075557472849289665,873.0,2,1.0,8,Entire home/apt
1038574552593267185,780.0,4,2.0,30,Entire home/apt
1120470952168077492,821.0,4,1.0,17,Entire home/apt
740158222813438486,684.0,2,1.0,15,Private room
1919310,441.0,2,1.0,146,Private room
921838605680545046,1710.0,6,3.0,33,Entire home/apt
43149669,1615.0,3,1.0,164,Entire home/apt
806470944326760920,1328.0,2,1.0,44,Entire home/apt
17237046,900.0,6,2.0,161,Entire home/apt
41775381,1233.0,2,2.0,17,Private room
580670511864012602,1236.0,2,1.0,51,Entire home/apt
1237121236240430772,1080.0,2,1.0,28,Entire home/apt
696214957030759065,1320.0,5,1.0,41,Entire home/apt
565931811126952066,2801.0,10,3.0,97,Entire home/apt
22833902,1018.0,2,1.0,325,Entire home/apt
48485245,679.0,3,0.0,60,Entire home/apt
1485142708905935232,1134.0,2,1.0,0,Private room
900938615091866701,1253.0,7,2.0,17,Entire home/apt
1359895939555829714,1372.0,2,1.0,2,Entire home/apt
921962407268346173,1396.0,6,2.0,88,Entire home/apt
1337838088548951352,978.0,2,1.0,6,Entire home/apt
1144500262500568106,434.0,1,1.0,6,Private room
1028342387623065363,3238.0,2,1.0,29,Entire home/apt
1298536303925003676,627.0,2,1.0,50,Private room
1417615118433022784,762.0,5,1.0,36,Entire home/apt
1452973249503922673,1486.0,4,2.0,23,Entire home/apt
1107438088219563986,794.0,4,1.0,50,Entire home/apt
30355571,992.0,2,1.0,0,Entire home/apt
990146547972932860,450.0,2,1.0,9,Private room
49574621,570.0,3,1.0,2,Private room
42298692,540.0,4,1.0,279,Entire home/apt
1229859380055129638,2435.0,6,3.0,31,Entire home/apt
697794699902365440,1955.0,7,2.0,49,Entire home/apt
1068134986169944441,5623.0,5,2.0,6,Entire home/apt
33559765,711.0,2,1.0,146,Entire home/apt
1044261445981919154,733.0,3,1.0,48,Entire home/apt
854930814779554831,1460.0,4,2.0,32,Entire home/apt
819818924538661252,760.0,2,1.0,75,Entire home/apt
1235929899773663702,1246.0,4,1.0,23,Entire home/apt
1229671385012608787,2459.0,4,2.0,24,Entire home/apt
598752156237869943,743.0,2,1.0,47,Entire home/apt
1318342980668316619,4185.0,16,6.0,9,Entire home/apt
1090017377021678886,791.0,4,2.0,17,Entire home/apt
36334287,923.0,3,1.0,223,Entire home/apt
40863654,926.0,3,1.0,188,Entire home/apt
864056974052814298,748.0,2,1.0,7,Private room
548536745581240251,556.0,2,1.0,192,Private room
23110558,1795.0,2,1.0,254,Entire home/apt
1422797918188153931,964.0,2,1.0,19,Entire home/apt
778288721204085622,1422.0,2,1.0,108,Entire home/apt
47077697,2646.0,10,4.0,33,Entire home/apt
861864700086857707,805.0,2,1.0,96,Entire home/apt
715158800537082264,606.0,2,1.0,8,Private room
554267228090964928,3610.0,6,4.0,182,Entire home/apt
39336057,2641.0,4,2.0,13,Entire home/apt
52955036,580.0,2,1.0,21,Private room
1408058788679805971,4706.0,6,3.0,7,Entire home/apt
622653015204774823,495.0,2,1.0,25,Private room
36919442,360.0,2,1.0,5,Private room
1450048456155850381,1512.0,6,3.0,19,Entire home/apt
1274656623324285061,1825.0,2,1.0,46,Entire home/apt
909472811194512669,941.0,2,1.0,80,Entire home/apt
820919360330262867,299.0,1,1.0,1,Private room
1192036986460339342,1229.0,2,1.0,102,Entire home/apt
53690490,1970.0,6,3.0,187,Entire home/apt
1302263247312349545,418.0,1,1.0,2,Private room
33561836,8722.0,12,6.0,132,Entire home/apt
1437906829571230765,1492.0,4,2.0,4,Entire home/apt
904284917583555924,4453.0,4,2.0,9,Entire home/apt
842629477987377190,5291.0,6,3.0,55,Entire home/apt
50014376,1757.0,2,1.0,7,Private room
1344941840175927793,457.0,2,1.0,5,Private room
16756086,1032.0,1,1.0,13,Private room
577524727184932577,2500.0,2,1.0,1,Entire home/apt
984390010072569189,4383.0,6,2.0,5,Entire home/apt
988772672303556641,2391.0,4,1.0,59,Entire home/apt
917359353236347265,1240.0,2,1.0,30,Entire home/apt
707323616501589563,600.0,2,1.0,40,Private room
36314967,1571.0,2,1.0,0,Hotel room
4390555,368.0,1,1.0,4,Private room
16188050,974.0,5,2.0,304,Entire home/apt
1137847760575844071,232.0,1,1.0,15,Shared room
872655643172516809,2495.0,3,1.0,126,Entire home/apt
644331646600368632,1045.0,2,1.0,4,Entire home/apt
51033153,2100.0,8,3.0,50,Entire home/apt
904291780156168449,4454.0,4,2.0,3,Entire home/apt
48422711,1215.0,3,1.0,53,Entire home/apt
1246051807409955284,2162.0,3,2.0,36,Entire home/apt
48964026,771.0,2,1.0,54,Entire home/apt
742169052210151323,1269.0,5,1.0,56,Entire home/apt
19621424,865.0,1,0.0,12,Entire home/apt
826143776992003701,9000.0,2,1.0,0,Private room
50524697,842.0,2,1.0,27,Entire home/apt
602745956403647863,1137.0,6,2.0,78,Entire home/apt
21353488,1091.0,2,1.0,70,Entire home/apt
905088065510651417,284.0,1,1.0,13,Private room
1375498827111088341,1531.0,4,2.0,32,Entire home/apt
963797574155885882,298.0,1,1.0,83,Private room
51146375,1800.0,2,1.0,20,Private room
856182043300101321,1128.0,4,2.0,29,Entire home/apt
597710769082603073,5007.0,5,2.0,63,Entire home/apt
33916661,440.0,2,0.0,1,Entire home/apt
1184737886740103120,556.0,3,2.0,12,Entire home/apt
21153091,312.0,2,1.0,60,Private room
1509690539444932337,2138.0,6,3.0,0,Entire home/apt
897421244599720020,1136.0,2,1.0,143,Entire home/apt
1318867401520817083,766.0,2,1.0,4,Entire home/apt
577556749215408715,2507.0,6,4.0,128,Entire home/apt
807320221371351924,1002.0,4,2.0,110,Entire home/apt
754578383495064024,576.0,3,1.0,279,Entire home/apt
6185520,250.0,1,2.0,29,Private room
589079067752398197,2446.0,2,1.0,0,Private room
588502931832499812,926.0,4,2.0,118,Entire home/apt
1277151543179517765,339.0,2,1.0,2,Private room
1472895130958868738,238.0,2,1.0,0,Private room
48244955,1326.0,4,1.0,9,Private room
1492896360976521661,4000.0,1,1.0,0,Private room
10257549,461.0,3,1.0,576,Entire home/apt
1212469606515410000,1883.0,2,1.0,58,Entire home/apt
1420267583734128242,810.0,2,1.0,22,Entire home/apt
29241744,381.0,1,1.0,55,Entire home/apt
1147968096212489143,1534.0,4,2.0,36,Entire home/apt
1377201492049081086,4235.0,8,4.0,10,Entire home/apt
1471905239101397496,1080.0,1,1.0,1,Private room
30315998,1020.0,2,1.0,128,Entire home/apt
1300875214715715104,549.0,3,1.0,1,Private room
1259048220786302476,1217.0,3,1.0,54,Entire home/apt
34754192,733.0,5,2.0,141,Entire home/apt
1411204247312795913,441.0,2,1.0,2,Private room
1175719831349699232,352.0,2,1.0,1,Private room
36758603,3648.0,6,2.0,34,Entire home/apt
755471108231890084,672.0,4,1.0,34,Entire home/apt
1129887503716956538,1720.0,4,2.0,3,Entire home/apt
1201560583898098030,558.0,4,1.0,24,Entire home/apt
25546613,5786.0,12,4.0,0,Entire home/apt
1451639962723709708,457.0,4,1.0,3,Entire home/apt
22355027,700.0,2,1.0,167,Private room
1385191289143554471,480.0,2,1.0,1,Private room
22980023,1027.0,2,1.0,156,Entire home/apt
1247326016520534664,2293.0,4,2.0,47,Entire home/apt
1376190156217894825,1511.0,6,2.0,12,Entire home/apt
1113121776785557207,1800.0,2,1.0,45,Entire home/apt
957982008788349589,1868.0,4,2.0,40,Entire home/apt
913297305602288452,1080.0,5,1.0,13,Private room
39205851,403.0,2,1.0,75,Private room
46452447,1180.0,8,3.0,373,Entire home/apt
1284065124408049699,3600.0,3,2.0,0,Entire home/apt
1472671261729733001,446.0,2,1.0,0,Private room
1294394681382187225,765.0,6,2.0,0,Private room
36633514,824.0,5,1.0,471,Entire home/apt
40532942,835.0,2,1.0,88,Entire home/apt
1182688507659529712,510.0,2,1.0,10,Entire home/apt
1439223535931255586,823.0,4,2.0,13,Entire home/apt
1020353794474069824,377.0,2,1.0,63,Private room
29334817,1266.0,4,2.0,73,Entire home/apt
744991426437546068,638.0,2,1.0,39,Entire home/apt
955260950068748165,320.0,3,1.0,0,Private room
984051292741857641,3982.0,5,2.0,4,Entire home/apt
705071261416190850,1003.0,4,2.0,98,Entire home/apt
1137809825719080730,1228.0,3,1.0,19,Entire home/apt
20591260,732.0,2,1.0,122,Private room
897814958151038521,1155.0,2,2.0,0,Private room
1150789746616940667,1442.0,7,3.0,8,Entire home/apt
1002562838869062128,720.0,3,1.0,7,Entire home/apt
33771691,272.0,1,1.0,73,Private room
796408641163356012,1231.0,2,1.0,180,Private room
763205436006680413,750.0,3,3.0,1,Private room
39275913,360.0,2,1.0,55,Private room
786245794892768792,1517.0,4,1.0,26,Entire home/apt
969156539314747627,400.0,1,1.0,1,Private room
1177551720666141883,485.0,3,1.0,11,Entire home/apt
1304476690339440962,823.0,2,1.0,17,Entire home/apt
1338527310532417216,2158.0,2,1.0,2,Entire home/apt
1445779762736505248,774.0,2,1.0,0,Private room
644780139133945307,3643.0,4,3.0,33,Entire home/apt
34757705,1246.0,3,1.0,57,Private room
968855429747523704,693.0,2,1.0,2,Private room
882789753585962960,1111.0,2,1.0,155,Entire home/apt
1279171893523283891,1340.0,4,2.0,13,Entire home/apt
46838430,686.0,6,2.0,3,Entire home/apt
44538206,182.0,2,1.0,19,Private room
43350822,397.0,5,0.0,37,Entire home/apt
944281126051688567,1177.0,4,1.0,12,Private room
36604011,903.0,3,1.0,181,Entire home/apt
1111637578370628425,420.0,2,1.0,61,Entire home/apt
911536426639869936,1500.0,2,1.0,2,Entire home/apt
1150811107966574560,1538.0,4,2.0,37,Entire home/apt
48241465,428.0,2,1.0,12,Private room
1255608212972809149,495.0,3,1.0,15,Private room
29822819,745.0,4,2.0,80,Entire home/apt
1484910614025585871,756.0,1,1.0,2,Private room
45951686,1343.0,6,3.0,105,Entire home/apt
802517445601607265,456.0,1,1.0,4,Private room
982108597691976468,351.0,2,1.0,7,Private room
1298042322610167908,5018.0,2,1.0,0,Private room
1375477493659347113,815.0,1,1.0,3,Private room
1079323346549332893,593.0,4,1.0,52,Entire home/apt
17494584,505.0,1,1.0,85,Private room
1473537312564088355,1288.0,6,2.0,1,Entire home/apt
762369412503593323,3808.0,2,1.0,6,Entire home/apt
611467274546860351,765.0,1,1.0,0,Private room
1484267683880154747,1317.0,3,2.0,0,Entire home/apt
47814492,935.0,4,2.0,185,Entire home/apt
17880682,412.0,2,1.0,36,Private room
982040396869864951,1225.0,5,2.0,35,Entire home/apt
1133675110202576669,461.0,6,1.0,23,Private room
757356396768639547,3240.0,10,4.0,75,Entire home/apt
16314601,1178.0,4,2.0,82,Entire home/apt
53282244,990.0,4,2.0,49,Entire home/apt
818050986280993657,428.0,2,1.0,41,Private room
8346216,797.0,2,1.0,203,Entire home/apt
1392864596355577397,1305.0,3,2.0,9,Entire home/apt
812173707493925097,1213.0,6,2.0,16,Entire home/apt
906474078002849767,1111.0,2,1.0,110,Entire home/apt
934209234533675781,441.0,6,2.0,12,Entire home/apt
1364228835466551661,919.0,6,3.0,14,Entire home/apt
7114006,828.0,3,1.0,77,Entire home/apt
32991559,421.0,1,1.0,30,Entire home/apt
46688405,1260.0,2,1.0,3,Entire home/apt
1485645006713989999,530.0,4,1.0,0,Private room
45637903,450.0,3,1.0,380,Private room
54139367,1024.0,2,1.0,434,Entire home/apt
1450214091258204699,1026.0,4,1.0,5,Entire home/apt
1450777543420335138,7319.0,9,4.0,5,Entire home/apt
1480146796917442783,1185.0,5,3.0,0,Entire home/apt
1071233826630351796,540.0,2,1.0,1,Private room
913234930355572765,409.0,2,1.0,1,Private room
32139580,837.0,1,1.0,25,Private room
771859562953008848,2143.0,4,2.0,167,Entire home/apt
1290772494495692854,441.0,2,1.0,8,Private room
724105189115113667,1792.0,3,1.0,93,Entire home/apt
672376244515489866,540.0,1,1.0,1,Private room
678329851782001476,1036.0,4,2.0,97,Entire home/apt
1386605753259364857,600.0,2,1.0,5,Private room
33911290,873.0,4,1.0,193,Entire home/apt
655251015269813119,546.0,2,1.0,10,Entire home/apt
29855084,200.0,2,1.0,0,Private room
590687740843697216,250.0,1,1.0,12,Shared room
29708293,687.0,2,1.0,146,Entire home/apt
38906476,393.0,2,1.0,12,Private room
569413836263357860,470.0,3,2.0,21,Entire home/apt
2894095,1806.0,6,2.0,112,Entire home/apt
979317554403920673,713.0,2,1.0,10,Private room
7894745,3181.0,14,4.0,33,Entire home/apt
646445055517423021,1742.0,4,2.0,96,Entire home/apt
44064588,238.0,1,1.0,17,Shared room
1039152542487108116,1131.0,5,2.0,22,Entire home/apt
1227016420664450555,1709.0,4,2.0,54,Entire home/apt
925509705787631884,606.0,2,1.0,117,Entire home/apt
973220167199427576,173732.0,16,16.0,0,Entire home/apt
52126070,313.0,2,1.0,242,Private room
49198433,550.0,1,1.0,8,Private room
30043309,65000.0,4,5.0,1,Entire home/apt
1488366346599027886,989.0,2,1.0,6,Entire home/apt
1303261520735999202,5040.0,4,2.0,0,Entire home/apt
752382913081298221,2694.0,3,1.0,117,Entire home/apt
1389945373788282859,1430.0,5,2.0,18,Entire home/apt
1349448904227448404,814.0,4,1.0,0,Entire home/apt
1396128920316560538,862.0,4,1.0,25,Entire home/apt
1375724889658491040,395.0,1,1.0,0,Private room
1147960744065799313,1250.0,2,1.0,8,Entire home/apt
54125696,1010.0,2,1.0,116,Entire home/apt
1290269285555822839,2374.0,8,2.0,15,Entire home/apt
17141244,2711.0,6,3.0,153,Entire home/apt
1273198344440638791,599.0,4,2.0,0,Entire home/apt
660834066342346838,1449.0,2,1.0,55,Entire home/apt
1259059107878396846,1424.0,4,2.0,35,Entire home/apt
610309536107494030,1392.0,4,2.0,193,Entire home/apt
42049980,1511.0,3,2.0,106,Entire home/apt
1509756246065476321,2276.0,4,2.0,0,Entire home/apt
31833665,585.0,2,0.0,33,Private room
1377682946730222411,324.0,2,1.0,56,Private room
1223228686381021450,2681.0,9,2.0,38,Entire home/apt
18395150,1500.0,5,2.0,102,Entire home/apt
567604409458770802,1442.0,5,2.0,206,Entire home/apt
42272240,2667.0,4,2.0,103,Entire home/apt
972651363120636732,1149.0,5,2.0,37,Entire home/apt
1381282701849953767,2700.0,2,1.0,0,Entire home/apt
1461286899336359984,688.0,2,1.0,0,Entire home/apt
866664086375573382,710.0,2,1.0,51,Private room
974248535532831663,1533.0,4,2.0,44,Entire home/apt
1506113322970100191,922.0,8,2.0,1,Entire home/apt
1259578465589642513,455.0,4,1.0,0,Private room
570237832197008147,432.0,2,1.0,39,Entire home/apt
643494716437676093,542.0,1,1.0,123,Private room
48446499,1706.0,2,1.0,87,Private room
11047959,1545.0,9,3.0,152,Entire home/apt
904294861967461026,2494.0,4,2.0,1,Entire home/apt
892222483874933476,273.0,1,1.0,216,Private room
419110,606.0,2,1.0,49,Private room
853707681690048732,650.0,2,0.0,0,Private room
664415528437612181,335.0,4,2.0,20,Entire home/apt
959454294230965916,936.0,2,1.0,79,Private room
580265139484630382,807.0,3,1.0,190,Entire home/apt
1432784402766305216,1851.0,6,2.0,3,Entire home/apt
784068816492781506,635.0,2,1.0,5,Entire home/apt
1477839993082430861,600.0,2,1.0,0,Private room
636053718705684160,5489.0,4,2.0,9,Entire home/apt
593632375375401381,1549.0,4,2.0,132,Entire home/apt
41104609,1936.0,8,3.0,15,Entire home/apt
25938875,3033.0,10,3.0,6,Entire home/apt
1321011918578233566,3929.0,2,1.0,0,Private room
1338571946998989491,915.0,2,1.0,5,Entire home/apt
53593001,1518.0,2,1.0,93,Entire home/apt
42559924,9352.0,2,1.0,3,Private room
1476947762703041519,1212.0,4,2.0,0,Entire home/apt
51325492,1165.0,3,1.0,131,Entire home/apt
844712047530378526,1656.0,6,2.0,25,Entire home/apt
53331157,956.0,5,2.0,33,Entire home/apt
46535097,450.0,1,1.0,54,Private room
912043028420564865,952.0,4,1.0,130,Entire home/apt
1302953190156144664,727.0,3,1.0,20,Private room
1131805255867488410,2229.0,4,2.0,33,Entire home/apt
41411743,457.0,1,1.0,65,Private room
944995635582836038,945.0,2,1.0,181,Entire home/apt
547123458164575680,5786.0,6,3.0,3,Private room
741969366454992115,984.0,2,1.0,37,Entire home/apt
1186364745114244290,917.0,6,2.0,62,Entire home/apt
856737594326198486,526.0,1,1.0,12,Private room
1450084647639539050,1350.0,4,2.0,0,Private room
22249267,1062.0,5,2.0,171,Entire home/apt
21150577,242.0,1,1.0,37,Private room
1180774248705926006,525.0,2,1.0,60,Private room
684232082719963546,254.0,2,1.0,56,Private room
35070433,517.0,2,1.0,64,Private room
1063925850413369727,450.0,2,1.0,122,Private room
1389443995575239767,1350.0,4,2.0,18,Entire home/apt
23374375,4796.0,12,6.0,44,Entire home/apt
1274748698779644449,694.0,5,1.0,4,Entire home/apt
1364599895615368844,2049.0,4,2.0,20,Entire home/apt
924063261882574566,467.0,4,2.0,47,Entire home/apt
1163116601956051992,499.0,4,1.0,9,Entire home/apt
623168948995676007,449.0,2,1.0,13,Private room
873017232110579532,2151.0,4,2.0,47,Entire home/apt
1316267710601802306,1275.0,4,2.0,101,Entire home/apt
22385203,1218.0,3,1.0,181,Entire home/apt
1400115346109924593,378.0,3,1.0,2,Private room
1174513966881022380,1168.0,2,1.0,115,Entire home/apt
1260404395416551661,543.0,2,1.0,9,Entire home/apt
1177611697602880342,593.0,1,1.0,5,Entire home/apt
1471379352623691659,581.0,2,1.0,9,Private room
1174540866807317068,1311.0,2,1.0,143,Entire home/apt
608280859100467631,498.0,2,1.0,117,Private room
921743887871412477,567.0,2,1.0,1,Private room
11688374,845.0,2,0.0,104,Entire home/apt
1173637610978339415,1050.0,4,1.0,4,Private room
12814785,1172.0,2,0.0,203,Entire home/apt
23035161,1372.0,2,1.0,223,Entire home/apt
17589054,1744.0,2,1.0,7,Entire home/apt
1267416418017370784,2443.0,6,2.0,24,Entire home/apt
552087542983432663,1228.0,4,2.0,122,Entire home/apt
1306566892775464879,1037.0,2,1.0,9,Entire home/apt
1243726829232457582,1260.0,4,2.0,14,Entire home/apt
894225848181113843,1430.0,4,2.0,24,Entire home/apt
50617164,750.0,4,1.0,92,Entire home/apt
1084870620783909097,1200.0,2,1.0,0,Private room
800184567231830378,850.0,2,1.0,8,Entire home/apt
1243074249329881081,552.0,2,1.0,21,Private room
32590316,329.0,2,1.0,22,Private room
1375545638800858752,2700.0,6,3.0,3,Entire home/apt
23899844,1365.0,2,1.0,99,Private room
52185451,6428.0,4,2.0,151,Entire home/apt
43342661,4950.0,4,2.0,46,Entire home/apt
1197363069162976215,1529.0,2,1.0,19,Entire home/apt
33912310,1233.0,5,2.0,293,Entire home/apt
1346136043134997707,4127.0,8,3.0,0,Entire home/apt
1024493500237547670,433.0,2,1.0,66,Entire home/apt
42951380,973.0,2,1.0,156,Entire home/apt
944997235277920316,875.0,2,1.0,210,Entire home/apt
1097866751918884805,3215.0,14,4.0,0,Entire home/apt
40425341,4599.0,8,3.0,0,Entire home/apt
1195047637423567459,709.0,2,1.0,41,Private room
1434914038095314982,746.0,2,1.0,1,Private room
24824979,800.0,2,1.0,93,Private room
883511,2948.0,16,10.0,282,Entire home/apt
1024970063741175323,990.0,3,1.0,4,Entire home/apt
544037911145281223,998.0,2,1.0,8,Private room
49637662,1717.0,2,1.0,58,Entire home/apt
1104463740830805155,1679.0,2,1.0,19,Entire home/apt
1502519601379005682,1093.0,5,2.0,1,Entire home/apt
1079972941315593589,444.0,2,1.0,129,Private room
1237121408398031894,771.0,2,1.0,37,Entire home/apt
1434893493219839251,656.0,2,1.0,1,Private room
751538451409750965,2970.0,1,1.0,0,Entire home/apt
957880324727700943,2317.0,2,1.0,1,Entire home/apt
1408711959370647101,852.0,5,2.0,33,Entire home/apt
22125881,558.0,2,1.0,45,Private room
1397284708835778593,1479.0,4,2.0,11,Entire home/apt
833284882445016094,2379.0,3,1.0,43,Entire home/apt
1364013846453925390,532.0,1,1.0,1,Private room
31959754,386.0,2,1.0,70,Entire home/apt
1414062621992831217,1142.0,4,2.0,13,Entire home/apt
1346749578280065285,650.0,2,1.0,5,Private room
912357336191772140,401.0,2,1.0,11,Private room
40870460,1218.0,4,2.0,14,Entire home/apt
1068885198621818888,2100.0,2,1.0,2,Private room
1263994340205837985,3146.0,4,2.0,4,Entire home/apt
53397704,1665.0,6,3.0,10,Entire home/apt
1255829073017269317,1078.0,2,1.0,21,Entire home/apt
1047086966509977696,763.0,2,1.0,15,Entire home/apt
1409681584397176690,1527.0,5,2.0,2,Entire home/apt
1233580754147097615,1183.0,5,2.0,35,Entire home/apt
729773987939235961,1861.0,4,2.0,17,Entire home/apt
1179096081374630485,1816.0,2,1.0,62,Entire home/apt
986520006286670247,457.0,2,1.0,0,Private room
715541488054180677,1875.0,5,3.0,3,Entire home/apt
567324570908844265,1400.0,5,3.0,45,Entire home/apt
1516169339918342669,416.0,2,1.0,0,Entire home/apt
39970181,494.0,2,1.0,54,Private room
21728682,1285.0,5,3.0,201,Entire home/apt
1066156839224881236,189.0,2,1.0,10,Private room
840150378934539067,895.0,4,2.0,20,Entire home/apt
847942005687591356,1666.0,4,2.0,83,Entire home/apt
8105125,5140.0,10,5.0,239,Entire home/apt
1297198059568006925,218.0,3,1.0,3,Shared room
16894567,446.0,1,1.0,32,Private room
52280099,1561.0,4,2.0,5,Entire home/apt
1274656723650930857,1989.0,2,1.0,158,Entire home/apt
1327131609236977857,2327.0,6,2.0,4,Entire home/apt
1496484085013795551,2066.0,7,3.0,0,Entire home/apt
26028236,3053.0,6,3.0,55,Entire home/apt
594101403682533182,585.0,2,1.0,117,Private room
685546853435717091,1511.0,2,1.0,17,Entire home/apt
879766781839537594,3411.0,4,2.0,65,Entire home/apt
812941162003331049,1125.0,2,1.0,1,Private room
1152386418120479954,1094.0,6,3.0,22,Entire home/apt
26357695,1703.0,3,0.0,113,Entire home/apt
854977748890194779,2550.0,6,3.0,15,Entire home/apt
29275515,1045.0,5,2.0,76,Entire home/apt
48854314,1537.0,2,1.0,202,Entire home/apt
15599770,282.0,2,1.0,88,Private room
1437170481193927699,3129.0,4,3.0,0,Entire home/apt
1500237463961099724,629.0,3,1.0,1,Entire home/apt
1071717416477705159,1047.0,2,1.0,36,Entire home/apt
54344829,391.0,1,1.0,24,Private room
1505994125714683097,2733.0,2,2.0,0,Entire home/apt
587722112035476331,640.0,2,1.0,18,Private room
12532545,1280.0,2,1.0,79,Entire home/apt
51450983,602.0,2,1.0,456,Entire home/apt
45766959,3497.0,15,6.0,3,Entire home/apt
1089416163336562832,3050.0,4,1.0,2,Private room
968856058733138866,1629.0,2,1.0,3,Private room
1091464261814359421,1106.0,2,1.0,76,Entire home/apt
770174412691156454,4690.0,6,2.0,59,Entire home/apt
1000768156950395236,1235.0,5,2.0,33,Entire home/apt
1292355869757867791,1819.0,4,0.0,14,Entire home/apt
10187908,1505.0,5,2.0,50,Entire home/apt
1366152792376451785,677.0,2,1.0,8,Entire home/apt
43086745,685.0,2,1.0,92,Entire home/apt
3242026,1092.0,6,3.0,75,Entire home/apt
1290250636347761502,1787.0,10,4.0,12,Entire home/apt
1167512625220210375,1425.0,4,2.0,42,Entire home/apt
784995443400575844,475.0,2,1.0,127,Entire home/apt
5272690,865.0,3,1.0,378,Entire home/apt
731014419774031573,1593.0,4,2.0,43,Entire home/apt
33644475,1142.0,2,1.0,2,Private room
973353768969352680,1182.0,2,1.0,48,Entire home/apt
1252888289459483469,841.0,5,2.0,108,Entire home/apt
1465515021286487395,1300.0,2,1.0,3,Entire home/apt
1196664127098367391,1479.0,2,1.0,33,Entire home/apt
1031521939726884885,570.0,2,1.0,24,Entire home/apt
22186319,554.0,1,1.0,93,Private room
582607734698336955,2595.0,5,5.0,6,Private room
48318505,449.0,1,1.0,14,Entire home/apt
19682986,463.0,2,1.0,35,Entire home/apt
881939416739949114,1176.0,4,2.0,1,Entire home/apt
38191918,957.0,6,2.0,14,Entire home/apt
1194373901498419055,419.0,2,1.0,69,Entire home/apt
953923266253952043,900.0,2,1.0,17,Entire home/apt
37252821,279.0,1,1.0,6,Private room
27581182,804.0,2,1.0,29,Entire home/apt
13689463,1991.0,3,1.0,143,Entire home/apt
1395227324014789654,1209.0,5,1.0,11,Entire home/apt
1387412684681315738,845.0,2,1.0,26,Private room
563311706250628278,899.0,2,1.0,23,Entire home/apt
1115351543472573937,249.0,1,1.0,121,Private room
1193119142696438441,1817.0,4,2.0,30,Entire home/apt
21177426,1479.0,4,2.0,333,Entire home/apt
1363110,391.0,2,1.0,26,Private room
35797,3673.0,2,1.0,0,Entire home/apt
1158142510161736300,2196.0,8,3.0,6,Entire home/apt
32896058,2359.0,5,2.0,136,Entire home/apt
630476978008287926,1600.0,2,1.0,3,Entire home/apt
944996462012077992,902.0,2,1.0,469,Entire home/apt
947165445765841055,945.0,4,2.0,20,Entire home/apt
23400377,391.0,2,1.0,1,Private room
1324010295885496176,328.0,1,1.0,0,Private room
46330194,3929.0,6,1.0,16,Private room
46413642,462.0,4,1.0,261,Entire home/apt
34017258,350.0,2,1.0,12,Private room
712281621421492671,658.0,2,1.0,120,Entire home/apt
832121319042253424,889.0,4,2.0,113,Entire home/apt
47964011,315.0,1,1.0,3,Private room
1150802991824990829,1519.0,4,2.0,22,Entire home/apt
714781529985351882,1026.0,5,2.0,115,Entire home/apt
1235112501378546257,502.0,3,1.0,13,Private room
24134344,992.0,4,2.0,107,Entire home/apt
958882449632899387,1251.0,4,1.0,10,Entire home/apt
1263205978732307933,1281.0,2,1.0,3,Entire home/apt
38908641,21700.0,8,3.0,297,Entire home/apt
1100065015297582258,1287.0,7,2.0,18,Entire home/apt
13031320,7106.0,8,6.0,340,Entire home/apt
1435005867711271751,2330.0,4,2.0,0,Entire home/apt
895687033729595843,1140.0,2,1.0,31,Entire home/apt
995167819544608289,1051.0,4,2.0,125,Entire home/apt
1025690890093487914,883.0,3,1.0,5,Entire home/apt
813236330688754318,2948.0,16,5.0,95,Entire home/apt
723940464465054749,384.0,2,1.0,39,Private room
1502559733955024301,384.0,2,1.0,2,Private room
1497353613493305941,632.0,2,1.0,0,Private room
1236582583958895283,1133.0,6,3.0,30,Entire home/apt
1116232234149482824,461.0,6,1.0,1,Private room
1470550025898719114,1260.0,2,1.0,13,Entire home/apt
1359773619013593553,1570.0,4,2.0,4,Entire home/apt
1110767004225445423,480.0,2,1.0,0,Private room
925356734488393549,2254.0,4,2.0,117,Entire home/apt
1030555358742908652,630.0,2,1.0,8,Entire home/apt
37858286,538.0,4,1.0,135,Private room
791194763441236818,471.0,2,1.0,25,Private room
837096470753682367,714.0,2,0.0,86,Entire home/apt
32844702,1569.0,4,1.0,62,Entire home/apt
1341400001708142334,755.0,2,1.0,4,Entire home/apt
1287099717764447032,720.0,2,1.0,0,Private room
21622910,3681.0,6,3.0,116,Entire home/apt
1482722710898725271,1195.0,6,3.0,6,Entire home/apt
1435041618431961701,334.0,1,1.0,0,Private room
669666892001777683,7902.0,7,2.0,39,Entire home/apt
879110030128311533,330.0,2,2.0,6,Private room
595641368492392303,355.0,1,1.0,3,Private room
1210450799838630762,822.0,2,1.0,5,Private room
42115523,1140.0,2,1.0,0,Private room
49630181,1031.0,2,1.0,160,Entire home/apt
887013271481044352,2851.0,6,3.0,79,Entire home/apt
1108379668915033170,686.0,6,2.0,21,Entire home/apt
7997616,650.0,2,1.0,214,Entire home/apt
1136417900720655372,940.0,2,1.0,3,Entire home/apt
49468545,863.0,2,1.0,49,Entire home/apt
16660745,404.0,4,2.0,1,Entire home/apt
960249667040326754,1318.0,2,1.0,52,Entire home/apt
733271896928743300,2250.0,4,2.0,0,Entire home/apt
1429239215815544507,1213.0,2,1.0,6,Private room
627783687624583272,715.0,2,1.0,65,Private room
1237137538493133496,1132.0,2,1.0,0,Entire home/apt
1274830142462999135,6313.0,10,4.0,12,Entire home/apt
715882997898897852,1216.0,2,1.0,87,Private room
697572659815591281,454.0,2,1.0,23,Entire home/apt
631277740836585532,2125.0,6,2.0,24,Entire home/apt
39946159,381.0,2,1.0,11,Private room
930566470239194448,6241.0,2,1.0,0,Private room
1406208581877594183,727.0,2,1.0,13,Entire home/apt
670445933386260107,480.0,2,1.0,142,Private room
18999214,1477.0,4,2.0,217,Entire home/apt
778230234009314172,1755.0,2,1.0,132,Entire home/apt
1198804942344677739,419.0,2,1.0,29,Entire home/apt
34198075,893.0,2,1.0,549,Entire home/apt
1298631697703315931,958.0,2,2.0,4,Entire home/apt
43835384,751.0,2,1.0,15,Private room
860281989088004845,2483.0,2,1.0,82,Entire home/apt
43877744,865.0,2,1.0,20,Private room
802170785606495117,960.0,2,1.0,23,Private room
913278053055089953,452.0,3,1.0,7,Private room
1150802200343655906,1037.0,2,1.0,19,Entire home/apt
1279928779672894660,12890.0,12,6.0,2,Entire home/apt
19468722,2072.0,4,2.0,0,Entire home/apt
847977884091514927,982.0,2,1.0,41,Entire home/apt
43581361,626.0,2,1.0,189,Private room
1113236744448592645,719.0,2,1.0,49,Private room
697133379985498339,915.0,2,1.0,8,Private room
839233040272911186,499.0,2,1.0,40,Private room
53237248,653.0,3,1.0,17,Entire home/apt
961882829256032541,812.0,1,1.0,0,Private room
1042955305667783433,1190.0,4,1.0,99,Entire home/apt
776333215164457022,1006.0,2,1.0,69,Private room
1277594928602471245,2326.0,5,2.0,0,Entire home/apt
1112557803323343092,1472.0,8,3.0,54,Entire home/apt
1196693637213247658,540.0,2,1.0,0,Private room
1154028410354186536,1100.0,1,1.0,0,Private room
18216593,890.0,2,1.0,49,Private room
16272595,739.0,2,1.0,85,Entire home/apt
970593035138563926,3436.0,5,3.0,51,Entire home/apt
46391688,1050.0,9,2.0,304,Entire home/apt
937199862769711928,439.0,10,1.0,10,Entire home/apt
1434724384280749601,740.0,2,0.0,0,Private room
1500961288433747790,843.0,2,1.0,5,Entire home/apt
46299585,538.0,2,1.0,12,Private room
52584504,415.0,1,1.0,1,Private room
19826110,855.0,4,2.0,148,Entire home/apt
1329155437850485625,1382.0,2,1.0,28,Entire home/apt
754632783609097388,1504.0,8,3.0,76,Entire home/apt
1438558047971208176,206.0,2,1.0,6,Private room
735407576540548215,1087.0,2,1.0,76,Entire home/apt
1182596837047217430,5022.0,15,7.0,22,Entire home/apt
1240135183279102461,3579.0,5,2.0,1,Entire home/apt
1075530090540769056,3256.0,6,3.0,29,Entire home/apt
1068091211703361556,520.0,2,1.0,13,Private room
825990974276640834,1158.0,6,1.0,181,Entire home/apt
863890699519346046,718.0,2,1.0,11,Private room
1389535771402987185,1424.0,3,1.0,11,Entire home/apt
1445120575791670419,2855.0,2,1.0,0,Private room
32040169,576.0,1,1.0,7,Entire home/apt
556649073843001681,965.0,6,3.0,174,Entire home/apt
18707095,383.0,1,1.0,113,Entire home/apt
904302033361504657,2479.0,4,2.0,7,Entire home/apt
837661095932664363,1629.0,2,1.0,1,Private room
1377755484545982240,925.0,2,1.0,2,Private room
1329169108173771438,977.0,3,1.0,15,Entire home/apt
1483426610992677831,909.0,2,1.0,1,Entire home/apt
51312580,1530.0,3,1.0,66,Entire home/apt
650663661521242033,1323.0,4,1.0,155,Entire home/apt
1018726498731785722,686.0,2,1.0,1,Private room
1410984957078336516,7750.0,1,1.0,0,Private room
923819590348948365,3499.0,4,2.0,49,Entire home/apt
47451336,2250.0,2,1.0,8,Entire home/apt
770410856501985943,1363.0,4,2.0,14,Entire home/apt
1363037660495299563,202.0,1,1.0,4,Private room
1409560576500973034,1371.0,2,1.0,4,Entire home/apt
860167997733989868,2752.0,6,3.0,11,Entire home/apt
985643557013230418,1350.0,2,1.0,201,Entire home/apt
728606438619291774,3081.0,12,6.0,105,Entire home/apt
1482223265967927632,725.0,3,1.0,0,Private room
1147961154313481782,1254.0,2,1.0,31,Entire home/apt
1095669992815371252,324.0,1,1.0,10,Private room
871837213967793341,778.0,2,1.0,10,Entire home/apt
1168340108062636851,606.0,2,1.0,75,Private room
8227391,9645.0,2,0.0,24,Entire home/apt
854247693069190865,2103.0,2,1.0,93,Entire home/apt
1480823314260648834,1651.0,4,2.0,0,Entire home/apt
52116359,1210.0,2,1.0,2,Private room
1101781968331111377,1160.0,4,2.0,0,Entire home/apt
817342068073527195,1199.0,2,1.0,2,Private room
989210943639206100,3788.0,3,2.0,11,Entire home/apt
772759520570594959,677.0,4,2.0,88,Entire home/apt
1432026055808487836,481.0,1,1.0,4,Entire home/apt
567568962981764993,1929.0,4,1.0,16,Entire home/apt
9350496,1420.0,4,2.0,422,Entire home/apt
35345199,515.0,2,1.0,11,Private room
924633699088148262,852.0,2,1.0,12,Private room
17559260,2413.0,4,2.0,303,Entire home/apt
1065434711149761445,1200.0,2,1.0,0,Private room
47513428,899.0,4,2.0,58,Entire home/apt
1314817270648834852,729.0,4,1.0,4,Entire home/apt
1324855353368202875,411.0,2,1.0,2,Private room
41885429,816.0,2,1.0,23,Private room
49345226,21554.0,14,7.0,11,Entire home/apt
1386255102682651846,1398.0,4,2.0,13,Entire home/apt
1388824453963821225,1374.0,16,4.0,5,Entire home/apt
49484176,1729.0,4,3.0,4,Entire home/apt
51474616,835.0,3,1.0,66,Entire home/apt
1084784581431513939,285.0,2,1.0,35,Private room
48287640,2159.0,3,3.0,2,Entire home/apt
893603483835374627,762.0,2,1.0,21,Private room
1095236873423602041,1198.0,3,1.0,38,Entire home/apt
42202314,936.0,5,2.0,333,Entire home/apt
19508014,1050.0,2,1.0,138,Private room
1064050933973721603,1450.0,4,2.0,14,Entire home/apt
961863093189765893,1961.0,5,2.0,35,Entire home/apt
894295807843046452,2807.0,5,2.0,19,Entire home/apt
916805324107642504,2072.0,6,2.0,14,Entire home/apt
1380589486710932850,446.0,2,1.0,11,Private room
608875988400557096,1548.0,4,2.0,87,Entire home/apt
44810142,1321.0,2,1.0,34,Entire home/apt
938583978723875325,1082.0,4,2.0,81,Entire home/apt
48147069,334.0,2,1.0,30,Entire home/apt
43835171,820.0,3,1.0,80,Entire home/apt
665854767986911241,2657.0,8,3.0,68,Entire home/apt
616237146945477290,1900.0,6,2.0,57,Entire home/apt
22455873,723.0,2,1.0,128,Entire home/apt
701246834666209325,886.0,5,2.0,76,Entire home/apt
787064971687582284,736.0,2,1.0,158,Entire home/apt
1492214333280285858,2829.0,6,3.0,2,Entire home/apt
1136896351000164178,15309.0,16,9.0,1,Entire home/apt
918321067633806674,1179.0,2,1.0,9,Private room
1274533419849430883,894.0,3,2.0,15,Entire home/apt
47730649,1291.0,4,2.0,5,Entire home/apt
618105188707403169,369.0,2,1.0,27,Private room
2601887,1225.0,4,2.0,41,Entire home/apt
26922891,405.0,2,1.0,174,Private room
921620348519216105,520.0,4,1.0,67,Entire home/apt
1480636015521562901,692.0,4,2.0,1,Entire home/apt
48192165,766.0,2,1.0,104,Entire home/apt
28482011,1050.0,6,3.0,13,Entire home/apt
1377098564960565429,891.0,2,1.0,27,Entire home/apt
1153876032208061733,1051.0,2,1.0,75,Entire home/apt
14757856,1103.0,2,1.0,3,Private room
47312161,866.0,6,3.0,143,Entire home/apt
52922924,400.0,1,1.0,5,Private room
931798307947916303,886.0,4,2.0,31,Entire home/apt
677782993443752757,651.0,2,1.0,38,Shared room
884076326728580894,1256.0,4,2.0,166,Entire home/apt
17633843,3575.0,8,3.0,88,Entire home/apt
1069989008702412536,1748.0,4,2.0,83,Entire home/apt
694422783376539982,666.0,2,1.0,158,Entire home/apt
1034346818710994897,1391.0,4,2.0,48,Entire home/apt
40798052,221.0,2,1.0,37,Private room
1287960868093112617,966.0,2,1.0,24,Entire home/apt
847015441434348165,1046.0,3,1.0,49,Entire home/apt
17287328,840.0,4,2.0,4,Private room
669579498585195903,5210.0,6,3.0,51,Entire home/apt
41527815,1331.0,3,2.0,40,Entire home/apt
20590461,1928.0,4,2.0,22,Entire home/apt
1394482340277010457,720.0,6,2.0,0,Entire home/apt
983346963433136851,953.0,2,1.0,64,Entire home/apt
1001384084498547216,576.0,2,1.0,96,Entire home/apt
1274656034513635351,1743.0,3,1.0,118,Entire home/apt
1312651822175860601,560.0,2,1.0,0,Private room
861651404094905060,1002.0,2,1.0,84,Entire home/apt
700485000960495969,1370.0,2,1.0,4,Private room
29857429,309.0,4,2.0,45,Entire home/apt
892123812069977714,1240.0,4,1.0,14,Entire home/apt
1148037061774862444,2894.0,2,1.0,63,Entire home/apt
807400341931599440,2657.0,6,3.0,4,Entire home/apt
568436440838924841,453.0,1,1.0,4,Private room
1435918348870609311,915.0,2,1.0,4,Entire home/apt
45672205,1101.0,3,1.0,294,Entire home/apt
1195795655588257519,46099.0,6,3.0,15,Entire home/apt
51069984,1712.0,16,0.0,120,Entire home/apt
40758281,1455.0,2,1.0,54,Entire home/apt
655991632405749153,759.0,2,1.0,68,Entire home/apt
16845088,955.0,2,1.0,164,Entire home/apt
1207480243982576483,1100.0,2,1.0,31,Private room
1335135601727632633,617.0,1,1.0,2,Private room
1256598516839775252,250.0,1,1.0,8,Private room
1438628893997853440,1029.0,4,1.0,0,Entire home/apt
1472663049188550543,1059.0,2,1.0,3,Entire home/apt
781805069658309731,955.0,3,1.0,27,Entire home/apt
38029154,229.0,2,1.0,50,Private room
1011115605404899548,1278.0,7,2.0,50,Entire home/apt
15972966,458.0,1,1.0,95,Private room
30853727,570.0,2,1.0,41,Private room
910998629987970682,1670.0,4,2.0,85,Entire home/apt
1052408980869595161,234.0,1,1.0,4,Shared room
1478323049239440239,1309.0,4,2.0,1,Entire home/apt
1476932950409379861,548.0,2,1.0,5,Private room
19143872,270.0,1,1.0,0,Private room
593762810267311179,1118.0,3,1.0,99,Entire home/apt
18199088,1900.0,4,2.0,138,Entire home/apt
938636026251098200,689.0,4,2.0,3,Entire home/apt
1035625188264271561,3150.0,4,2.0,0,Entire home/apt
1135851410749891635,990.0,4,2.0,2,Entire home/apt
27027752,647.0,2,1.0,22,Entire home/apt
47076815,550.0,2,1.0,36,Private room
1438592070093226661,335.0,1,1.0,0,Private room
1461707777989314667,1466.0,4,2.0,2,Entire home/apt
27238524,380.0,1,1.0,7,Private room
826857944574287859,1293.0,4,2.0,30,Entire home/apt
1127550085697927079,450.0,2,1.0,16,Private room
27493718,720.0,2,1.0,133,Entire home/apt
920011017311740353,686.0,1,1.0,35,Private room
44449643,1109.0,2,2.0,8,Private room
46948448,1425.0,4,2.0,6,Entire home/apt
1009610000648084931,1417.0,2,1.0,52,Entire home/apt
45125870,5287.0,2,2.0,0,Entire home/apt
1382910989922842404,1208.0,4,2.0,14,Entire home/apt
1198670461781991584,7601.0,14,6.0,22,Entire home/apt
1143614944488402153,411.0,1,1.0,81,Private room
1071201824790988473,1002.0,2,1.0,25,Entire home/apt
728971551007346606,1470.0,4,2.0,117,Entire home/apt
1074066085777808876,1521.0,2,1.0,10,Entire home/apt
1239511623497146024,333.0,1,1.0,93,Private room
1423471645647260245,520.0,2,1.0,1,Private room
1484467103960391816,2300.0,4,1.0,2,Entire home/apt
1373521097951695182,689.0,4,0.0,27,Entire home/apt
1444498257281301238,692.0,3,1.0,9,Entire home/apt
41742847,263.0,1,1.0,13,Private room
990737193088592443,595.0,2,1.0,12,Private room
1287341776437770060,2668.0,6,2.0,3,Entire home/apt
904495800630120905,3243.0,4,2.0,27,Entire home/apt
1324152005306990220,1718.0,7,2.0,21,Entire home/apt
933918374901600845,1886.0,8,3.0,77,Entire home/apt
730287887852851779,950.0,4,1.0,16,Entire home/apt
1411867311184583126,746.0,2,1.0,27,Private room
1158859040839320954,1080.0,2,1.0,21,Private room
778314212582540902,1556.0,2,1.0,156,Entire home/apt
37887939,492.0,2,1.0,861,Private room
1216694947794276178,2195.0,4,2.0,32,Entire home/apt
1228221895823307042,2379.0,6,3.0,3,Entire home/apt
21107757,1244.0,4,1.0,23,Entire home/apt
1497151212089469824,1106.0,2,1.0,0,Private room
1345212380028590070,1507.0,4,2.0,7,Entire home/apt
1005048022815851182,2816.0,6,3.0,72,Entire home/apt
46792871,172.0,1,1.0,10,Shared room
603147381723491548,670.0,2,1.0,57,Private room
1427610885224388526,1104.0,2,1.0,20,Entire home/apt
1198495718027369889,724.0,2,1.0,17,Private room
877712698791106308,650.0,4,2.0,8,Entire home/apt
1137807822609521945,1227.0,3,1.0,19,Entire home/apt
1451042387056379648,668.0,2,1.0,10,Entire home/apt
43487292,1151.0,2,1.0,68,Entire home/apt
719579864473318478,2081.0,2,1.0,8,Entire home/apt
1022555907844152133,1297.0,4,2.0,34,Entire home/apt
1002219943704724886,1200.0,2,1.0,29,Entire home/apt
613202545492661704,1259.0,3,1.0,53,Entire home/apt
1113941326733659295,676.0,2,1.0,44,Private room
750327489025656640,1170.0,5,2.0,6,Entire home/apt
50851744,390.0,2,1.0,177,Private room
903001480064942568,530.0,2,1.0,0,Private room
1440762141715232984,1466.0,2,1.0,0,Entire home/apt
663839686448842568,219.0,1,1.0,11,Private room
1133626393451376972,527.0,1,1.0,1,Private room
49216238,475.0,3,1.0,139,Entire home/apt
989879924293450358,1826.0,5,2.0,42,Entire home/apt
1499520754870728883,379.0,2,1.0,1,Private room
15213515,909.0,3,2.0,43,Entire home/apt
42952339,953.0,2,1.0,1,Private room
1518356968266486778,1096.0,2,1.0,0,Private room
1479306265416390661,1254.0,3,1.0,0,Entire home/apt
1023897936787097842,2520.0,4,2.0,6,Entire home/apt
1171979264868832018,3000.0,6,3.0,7,Entire home/apt
822356931109624744,1125.0,2,1.0,4,Private room
551527339085291777,547.0,2,1.0,59,Entire home/apt
50507512,1054.0,5,2.0,217,Entire home/apt
1306217520936235266,1210.0,3,1.0,15,Entire home/apt
862495353274723499,1632.0,2,1.0,58,Entire home/apt
612164013209587487,2250.0,2,2.0,0,Entire home/apt
1386368138392336762,550.0,4,1.0,1,Private room
810509677550076922,963.0,6,2.0,59,Entire home/apt
54295759,616.0,2,1.0,189,Entire home/apt
1077714205742152590,1286.0,2,1.0,50,Entire home/apt
802281625119971700,342.0,1,1.0,3,Private room
1201561622435507258,899.0,2,0.0,46,Entire home/apt
23418120,736.0,2,1.0,85,Private room
1000734023819274179,2118.0,5,3.0,59,Entire home/apt
1397205437692661868,640.0,2,1.0,0,Private room
27482034,352.0,1,1.0,86,Private room
902860757180280640,618.0,2,1.0,16,Private room
1480789024664934607,771.0,2,1.0,4,Entire home/apt
928293528270279743,662.0,2,1.0,89,Private room
740625815431199058,3896.0,4,2.0,67,Entire home/apt
729918642563249422,300.0,2,1.0,101,Private room
51858955,2389.0,4,2.0,23,Entire home/apt
38697533,1373.0,4,1.0,38,Entire home/apt
31388104,974.0,3,1.0,74,Entire home/apt
46660756,225.0,1,1.0,33,Private room
1348228754094620910,721.0,5,2.0,28,Entire home/apt
29678856,1958.0,2,1.0,13,Entire home/apt
48805111,776.0,2,1.0,7,Private room
1400858400367259701,2030.0,4,2.0,8,Entire home/apt
1309514292429553310,2449.0,4,2.0,27,Entire home/apt
44485507,849.0,1,1.0,7,Private room
51598223,743.0,5,2.0,47,Entire home/apt
28023432,908.0,3,1.0,184,Entire home/apt
1094609308973770285,1142.0,4,1.0,71,Entire home/apt
38159591,1297.0,5,2.0,80,Entire home/apt
24357754,1455.0,2,1.0,22,Entire home/apt
1223102464035551453,924.0,2,1.0,31,Entire home/apt
883483222979822505,452.0,2,1.0,63,Entire home/apt
1422568907589835456,438.0,2,1.0,2,Private room
1501736031077542263,1798.0,4,1.0,1,Entire home/apt
35042247,986.0,2,1.0,363,Private room
1177871225483265635,1685.0,6,2.0,10,Entire home/apt
17345213,713.0,4,1.0,243,Entire home/apt
28912985,757.0,4,2.0,427,Entire home/apt
39152766,665.0,3,1.0,52,Entire home/apt
42670712,446.0,1,1.0,10,Private room
1429945794743959666,1062.0,2,1.0,30,Entire home/apt
1393836952642087619,975.0,4,2.0,22,Entire home/apt
1426294182334932634,1208.0,6,3.0,1,Entire home/apt
655985153661579146,710.0,4,2.0,41,Entire home/apt
640533610923980739,879.0,4,2.0,95,Entire home/apt
862645424636478084,285.0,1,1.0,4,Private room
977150462728013377,656.0,3,2.0,88,Entire home/apt
1453001727800805699,1373.0,4,2.0,23,Entire home/apt
1005178749574686742,732.0,2,1.0,30,Entire home/apt
1375569870208906798,2221.0,2,1.0,0,Entire home/apt
1350133788994747313,760.0,2,1.0,23,Entire home/apt
40152511,5892.0,15,5.0,240,Entire home/apt
745686728958242824,1093.0,4,2.0,20,Entire home/apt
4983049,839.0,2,1.0,106,Entire home/apt
33396798,868.0,4,2.0,113,Entire home/apt
1226771155306556786,2829.0,4,1.0,4,Entire home/apt
908270435697414125,1206.0,7,2.0,33,Entire home/apt
25457905,233.0,2,3.0,73,Private room
1482850357363743038,1903.0,2,1.0,2,Entire home/apt
1371167244741747099,386.0,1,1.0,3,Private room
36341579,360.0,1,1.0,40,Private room
22303745,712.0,1,0.0,20,Private room
1475032444498561037,1639.0,3,1.0,7,Entire home/apt
19453288,1293.0,3,1.0,3,Private room
1030398126787121140,929.0,4,1.0,2,Private room
24178429,547.0,2,1.0,47,Private room
47820907,1214.0,8,3.0,95,Entire home/apt
925958014533363105,2285.0,4,2.0,3,Entire home/apt
28629974,1415.0,2,1.0,27,Entire home/apt
22700005,688.0,2,2.0,31,Private room
1402180722277405243,2125.0,3,0.0,22,Entire home/apt
48088797,445.0,1,1.0,20,Entire home/apt
52635552,1066.0,2,1.0,34,Entire home/apt
598633771341142785,1080.0,4,2.0,61,Entire home/apt
817333553761232328,1732.0,6,2.0,46,Entire home/apt
822365681226271750,1296.0,2,1.0,1,Private room
1115350435332464402,522.0,1,1.0,57,Private room
1329149628968970270,1538.0,3,1.0,3,Entire home/apt
47707460,389.0,3,1.0,98,Private room
1459162355542778021,1159.0,3,1.0,3,Private room
26451582,2035.0,6,3.0,46,Entire home/apt
53380863,774.0,2,1.0,23,Entire home/apt
922469529186815088,1265.0,2,1.0,36,Entire home/apt
1389980372905223758,2057.0,2,1.0,24,Entire home/apt
862600816140194739,597.0,2,1.0,172,Private room
1345199583028302243,1188.0,2,1.0,38,Entire home/apt
1444977761080586330,1947.0,3,1.0,0,Entire home/apt
32268991,459.0,2,2.0,1,Private room
14296624,260.0,1,1.0,0,Private room
1193670066612978884,1254.0,2,1.0,185,Entire home/apt
4084998,1480.0,4,2.0,4,Entire home/apt
1348105224647755420,3226.0,8,2.0,0,Entire home/apt
969897162729860011,1116.0,5,2.0,90,Entire home/apt
883245445780794077,791.0,1,1.0,19,Private room
624023713830517299,3408.0,10,4.0,157,Entire home/apt
21552038,1776.0,5,2.0,393,Entire home/apt
826037506985631111,1299.0,4,2.0,1,Entire home/apt
775212294681795215,1320.0,3,1.0,131,Entire home/apt
1488054502616074086,1045.0,3,1.0,0,Entire home/apt
1262628479373225828,2300.0,2,2.0,6,Private room
911792760321495447,1738.0,4,2.0,40,Entire home/apt
634894010679606075,3358.0,4,2.0,18,Entire home/apt
18488472,633.0,2,1.0,148,Entire home/apt
571022077490708680,480.0,2,2.0,35,Entire home/apt
11324556,1202.0,5,2.0,231,Entire home/apt
684302596123256793,557.0,16,4.0,36,Entire home/apt
36277320,3737.0,14,5.0,290,Entire home/apt
1047181797265093741,2416.0,4,1.0,1,Private room
52297908,1620.0,5,3.0,39,Entire home/apt
22032520,902.0,2,1.0,135,Entire home/apt
52338421,1132.0,2,1.0,55,Entire home/apt
42070528,765.0,2,1.0,120,Private room
968708781811098888,2309.0,6,3.0,113,Entire home/apt
1517504094972643654,2663.0,7,3.0,0,Entire home/apt
773329234277726207,259.0,1,1.0,6,Private room
1350705933869951435,1131.0,2,1.0,15,Entire home/apt
1442041761309252037,1595.0,4,1.0,26,Entire home/apt
1065428468430981457,1200.0,2,1.0,2,Private room
33941659,980.0,4,1.0,104,Entire home/apt
52307145,608.0,4,2.0,29,Entire home/apt
50009318,866.0,5,2.0,47,Entire home/apt
1313334488874204711,405.0,2,1.0,55,Entire home/apt
790124524492332638,590.0,2,0.0,1,Private room
1081802128562186083,1265.0,2,0.0,2,Entire home/apt
694433909334660727,2300.0,5,2.0,18,Entire home/apt
1352412641182275232,1260.0,4,2.0,63,Entire home/apt
11893555,425.0,2,1.0,20,Entire home/apt
934746107108186750,5489.0,12,6.0,19,Entire home/apt
861874057415344217,746.0,2,1.0,87,Entire home/apt
42610451,265.0,1,2.0,9,Private room
49488946,553.0,2,1.0,1,Entire home/apt
1321973488906458213,1530.0,6,3.0,41,Entire home/apt
1340859969851235651,1929.0,2,0.0,19,Entire home/apt
661758938842165541,1920.0,2,1.0,11,Private room
1500703373341890701,1512.0,5,2.0,0,Entire home/apt
1005164970385678269,1980.0,7,4.0,59,Entire home/apt
50022926,1185.0,5,2.0,0,Entire home/apt
1133360363313061384,630.0,2,1.0,3,Private room
1060492785657275140,477.0,3,1.0,83,Entire home/apt
12233970,591.0,3,1.0,9,Entire home/apt
51799961,36829.0,2,2.0,0,Entire home/apt
41841830,1314.0,6,2.0,7,Entire home/apt
1305141784067644594,1801.0,2,1.0,13,Entire home/apt
1051558718490458903,983.0,4,2.0,29,Entire home/apt
1304560018212271383,372.0,2,1.0,1,Private room
856670141161645515,2834.0,4,2.0,40,Entire home/apt
867543459507473126,747.0,2,1.0,96,Entire home/apt
5387427,547.0,2,1.0,289,Entire home/apt
1147964257809794288,1504.0,4,2.0,25,Entire home/apt
1070506316481573619,799.0,2,1.0,60,Private room
1490955950925767427,1317.0,5,2.0,4,Entire home/apt
737141146018056430,1476.0,5,2.0,0,Entire home/apt
887044342277680754,806.0,3,1.0,12,Entire home/apt
36425145,1200.0,3,1.0,7,Entire home/apt
896832136713022312,813.0,2,1.0,158,Entire home/apt
1382385411172396002,2523.0,4,2.0,4,Entire home/apt
1157295678145929289,1418.0,3,1.0,46,Entire home/apt
42315034,1010.0,4,0.0,3,Entire home/apt
1111843513665314902,5500.0,6,3.0,48,Entire home/apt
1480561659444191606,815.0,2,1.0,3,Entire home/apt
23086650,1371.0,8,3.0,290,Entire home/apt
42048426,2211.0,4,2.0,22,Entire home/apt
1295257623809457382,5299.0,6,3.0,12,Entire home/apt
924185201717955178,428.0,2,1.0,18,Private room
23957307,2323.0,2,1.0,10,Entire home/apt
894926236977856351,929.0,4,2.0,47,Entire home/apt
1472234754135305502,437.0,2,1.0,7,Private room
26737504,554.0,2,1.0,3,Private room
53483262,2514.0,4,2.0,18,Entire home/apt
639446862890033673,2092.0,4,2.0,51,Entire home/apt
1299534117698819293,901.0,3,2.0,8,Entire home/apt
42905144,3960.0,5,3.0,71,Entire home/apt
39666670,651.0,2,1.0,106,Private room
1404387618600821767,1722.0,5,2.0,11,Entire home/apt
48519144,1238.0,6,3.0,165,Entire home/apt
1513250752581957039,1401.0,2,1.0,0,Entire home/apt
42316101,2753.0,6,3.0,17,Entire home/apt
1344650662009542974,1710.0,4,1.0,0,Entire home/apt
1185986628923392646,1687.0,2,1.0,79,Entire home/apt
848492615024216810,844.0,2,1.0,83,Entire home/apt
1416058144021878710,1636.0,2,1.0,11,Entire home/apt
38190550,3630.0,7,2.0,117,Entire home/apt
999331862587533763,900.0,1,1.0,2,Entire home/apt
1450993534869070478,221.0,1,1.0,0,Shared room
1187817725352200958,1287.0,3,1.0,3,Private room
1297838796503699147,1245.0,2,1.0,46,Entire home/apt
1176881114001763819,945.0,2,1.0,61,Entire home/apt
1439884404449613159,1283.0,4,1.0,2,Entire home/apt
775611334825711519,913.0,4,2.0,52,Entire home/apt
1447925909534930445,9051.0,8,4.0,2,Entire home/apt
38076336,1984.0,4,1.0,65,Entire home/apt
693466163030170413,397.0,2,1.0,134,Entire home/apt
1500918667096408118,1372.0,4,2.0,0,Entire home/apt
922457676396700264,756.0,2,1.0,64,Entire home/apt
14101317,1300.0,4,2.0,36,Entire home/apt
968464216118234922,653.0,2,1.0,72,Entire home/apt
15602278,721.0,1,1.0,133,Private room
29158112,668.0,2,1.0,47,Private room
45174852,1005.0,5,2.0,145,Entire home/apt
1010462919953059726,1369.0,4,2.0,1,Entire home/apt
657142341091267516,1880.0,6,3.0,37,Entire home/apt
25486065,1504.0,6,4.0,65,Entire home/apt
1165623062116989062,1061.0,7,3.0,34,Entire home/apt
1105537328624884873,4404.0,6,3.0,14,Entire home/apt
1289198620332289492,1261.0,5,2.0,34,Entire home/apt
1346484241828521650,790.0,2,1.0,2,Private room
1410523310416904160,858.0,4,2.0,10,Entire home/apt
52424713,1519.0,3,1.0,158,Entire home/apt
645671840112294133,2497.0,8,4.0,28,Entire home/apt
23169730,523.0,2,1.0,186,Entire home/apt
35403597,775.0,7,2.0,100,Entire home/apt
1442265518722104669,1400.0,2,1.0,0,Private room
1240953147455156274,408.0,2,1.0,17,Entire home/apt
32986966,442.0,2,1.0,124,Entire home/apt
43806500,1446.0,4,2.0,382,Entire home/apt
1288622361848138956,618.0,2,1.0,16,Entire home/apt
15334849,779.0,3,1.0,43,Entire home/apt
53002938,195.0,2,1.0,177,Private room
44104240,371.0,1,1.0,75,Private room
1245042034982282964,636.0,2,1.0,32,Private room
674611654374050824,3487.0,4,2.0,55,Entire home/apt
674851327593982901,1869.0,4,2.0,196,Entire home/apt
1003174296667099840,599.0,2,1.0,120,Private room
48587719,779.0,1,1.0,19,Private room
43849413,763.0,2,1.0,360,Private room
710973460009141586,4168.0,2,1.0,1,Entire home/apt
1442059666836897262,1300.0,2,1.0,3,Private room
929044977106455527,1224.0,4,1.0,1,Entire home/apt
1022024020645813734,1350.0,4,2.0,40,Entire home/apt
1491500045743640773,569.0,2,1.0,6,Private room
14552721,568.0,2,1.0,54,Private room
816186791338827236,1404.0,6,2.0,17,Entire home/apt
1295262758157049161,796.0,6,2.0,8,Entire home/apt
1460897345825064997,405.0,1,1.0,5,Private room
52564977,1051.0,4,2.0,66,Entire home/apt
1445177268783765454,1700.0,2,1.0,0,Private room
17704194,309.0,1,1.0,13,Private room
9827620,437.0,2,1.0,51,Private room
7431670,4153.0,4,2.0,27,Entire home/apt
680659099049252456,1581.0,5,2.0,284,Entire home/apt
1447113108503295551,1048.0,4,2.0,9,Entire home/apt
1391216000794218236,650.0,2,1.0,6,Private room
14773767,1662.0,3,1.0,105,Entire home/apt
1483582725910205388,776.0,14,3.0,1,Entire home/apt
16406139,283.0,2,1.0,325,Private room
29679431,1592.0,3,1.0,18,Entire home/apt
45923797,827.0,2,1.0,110,Private room
22882047,1191.0,4,1.0,9,Entire home/apt
1417783351860530829,1668.0,3,1.0,8,Entire home/apt
22889573,1505.0,2,1.0,491,Entire home/apt
620430192198442648,1561.0,4,2.0,11,Entire home/apt
1094366023342855431,1369.0,2,1.0,25,Private room
9114119,1030.0,2,1.0,29,Entire home/apt
1475569948257804634,640.0,1,1.0,0,Entire home/apt
1399447542994639248,735.0,3,1.0,11,Private room
1233435841274884121,2609.0,2,1.0,29,Entire home/apt
1223363525718853690,2078.0,2,1.0,12,Entire home/apt
49091904,1326.0,4,1.0,35,Private room
1004585896214687979,1169.0,3,1.0,3,Entire home/apt
704286271267882949,2099.0,4,2.0,18,Entire home/apt
47054852,1468.0,4,2.0,38,Entire home/apt
17324127,1780.0,4,1.0,188,Entire home/apt
872484385594183989,300.0,2,1.0,4,Private room
905880010047823624,729.0,2,1.0,23,Entire home/apt
791374111091112851,2090.0,4,2.0,53,Entire home/apt
1447229550799750271,308.0,1,1.0,5,Shared room
1214398685819378165,1200.0,6,2.0,70,Entire home/apt
1069011574590087281,2250.0,7,2.0,67,Entire home/apt
1011560709529325756,1690.0,4,2.0,76,Entire home/apt
549124616579144347,1005.0,4,1.0,94,Entire home/apt
807993042848109893,484.0,2,1.0,18,Private room
637767211609081936,1337.0,3,1.0,67,Entire home/apt
1253080876382639508,1339.0,2,0.0,34,Entire home/apt
1100354555243245797,1330.0,4,2.0,83,Private room
1273344232942671920,550.0,4,2.0,17,Entire home/apt
33716347,600.0,1,1.0,45,Entire home/apt
1330869197320914480,279.0,2,1.0,10,Private room
1317412369737211267,588.0,6,2.0,6,Entire home/apt
1434724174404102729,826.0,2,1.0,0,Private room
1195279911434487824,671.0,2,1.0,57,Private room
1364623966149567469,1360.0,2,1.0,0,Private room
53078448,2035.0,4,2.0,161,Entire home/apt
4015726,1239.0,8,3.0,88,Entire home/apt
1256657997796156960,448.0,2,1.0,68,Private room
1467067010031034636,2006.0,4,2.0,6,Entire home/apt
52777514,1298.0,4,1.0,9,Entire home/apt
587686958879189729,952.0,5,1.0,134,Entire home/apt
1479283707489664386,1254.0,4,1.0,10,Entire home/apt
53381208,2065.0,4,2.0,0,Entire home/apt
17144302,1238.0,2,1.0,69,Entire home/apt
48699472,617.0,3,1.0,126,Entire home/apt
549987500279619278,828.0,5,2.0,106,Entire home/apt
963135138442110758,561.0,3,1.0,117,Entire home/apt
978400800573026864,2176.0,6,2.0,74,Entire home/apt
852242956982723123,1810.0,2,1.0,4,Private room
873276380310445433,1560.0,2,1.0,2,Private room
749624496256426225,600.0,1,1.0,0,Private room
1496125301774932449,750.0,2,1.0,2,Private room
25008219,2016.0,2,1.0,153,Entire home/apt
841936865012345173,1759.0,3,1.0,9,Entire home/apt
1005756580988903838,1026.0,3,1.0,5,Entire home/apt
46570609,1322.0,2,1.0,23,Entire home/apt
1233563570365499993,2506.0,2,1.0,1,Private room
842726005508917296,785.0,2,1.0,5,Private room
1082059656117240086,1200.0,4,2.0,18,Entire home/apt
913159826465349601,2160.0,2,1.0,51,Entire home/apt
25378954,1715.0,2,1.0,396,Entire home/apt
1369115784747355217,918.0,4,1.0,1,Entire home/apt
1198836996947061259,1424.0,6,3.0,33,Entire home/apt
1053283386760216687,1000.0,4,2.0,0,Entire home/apt
1081459046695677438,1204.0,6,2.0,28,Entire home/apt
34688844,496.0,3,1.0,30,Entire home/apt
48314892,1159.0,4,0.0,107,Entire home/apt
754989194500477340,1180.0,2,1.0,27,Entire home/apt
1463084721350802550,1666.0,3,2.0,2,Entire home/apt
17624048,630.0,2,1.0,22,Entire home/apt
33337872,1555.0,5,2.0,251,Entire home/apt
50087976,896.0,16,2.0,294,Entire home/apt
45766419,1836.0,2,1.0,106,Entire home/apt
1453098531138890789,1036.0,2,1.0,6,Private room
1232670342106755799,7200.0,6,2.0,0,Entire home/apt
31882200,2520.0,6,2.0,62,Entire home/apt
28098389,350.0,2,1.0,59,Private room
569080263092206143,1156.0,2,1.0,29,Entire home/apt
2289797,945.0,4,2.0,302,Entire home/apt
1329810135487876306,1045.0,2,1.0,1,Private room
20193879,1018.0,6,2.0,377,Entire home/apt
778236386765976185,1052.0,2,1.0,28,Entire home/apt
979156014906326461,1898.0,6,3.0,70,Entire home/apt
965133579807421559,1086.0,2,1.0,66,Entire home/apt
1374754683518268566,1157.0,4,2.0,18,Entire home/apt
1345905017180611886,1362.0,2,1.0,30,Entire home/apt
747668692030697826,1009.0,2,1.0,66,Entire home/apt
1354415403281032720,33558.0,16,8.0,0,Entire home/apt
919687415849895602,793.0,4,1.0,15,Private room
882729499367580235,856.0,5,3.0,23,Entire home/apt
20603068,567.0,2,1.0,83,Private room
568992724199154578,1012.0,2,1.0,4,Entire home/apt
1231616531137522796,1611.0,4,2.0,16,Entire home/apt
1377034084291587344,2727.0,2,1.0,0,Private room
1274687686090356605,5433.0,6,2.0,63,Entire home/apt
1480772342438399025,1025.0,2,1.0,3,Entire home/apt
53773043,1271.0,4,2.0,0,Entire home/apt
1345810219719211322,2635.0,2,1.0,1,Private room
5750544,1934.0,2,1.0,14,Private room
9842135,333.0,1,1.0,29,Private room
52407076,1470.0,4,2.0,53,Entire home/apt
1107334945299864182,4709.0,2,1.0,0,Private room
582489102188400974,2229.0,15,4.0,99,Entire home/apt
48802404,891.0,2,1.0,527,Entire home/apt
747762739439942000,1495.0,8,3.0,103,Entire home/apt
1227859504885061057,433.0,2,1.0,16,Entire home/apt
1222677911094922174,2285.0,4,2.0,0,Entire home/apt
24793666,983.0,4,2.0,31,Entire home/apt
47123755,1425.0,2,1.0,164,Entire home/apt
1233378717027786800,405.0,1,1.0,5,Private room
8704155,1498.0,4,1.0,117,Entire home/apt
802513212900071182,1269.0,2,1.0,45,Entire home/apt
1333057121616074264,393.0,2,1.0,71,Private room
1200889275099488409,2743.0,2,1.0,8,Entire home/apt
14557923,533.0,2,1.0,449,Private room
988703085681525756,579.0,2,1.0,29,Private room
1215552040191274375,266.0,1,1.0,5,Private room
764608416401034704,1837.0,4,2.0,28,Entire home/apt
32876140,671.0,6,2.0,102,Entire home/apt
1035857498855533440,269.0,2,1.0,74,Private room
54304867,1245.0,4,2.0,459,Entire home/apt
23361174,1469.0,4,1.0,44,Entire home/apt
41981075,857.0,2,1.0,52,Private room
52132192,1095.0,4,2.0,196,Entire home/apt
856064600845974112,1612.0,3,1.0,64,Entire home/apt
1498116260894221393,621.0,2,1.0,0,Entire home/apt
28278179,3472.0,7,2.0,140,Entire home/apt
1312640876365678394,1800.0,4,2.0,23,Entire home/apt
974600249155591030,1847.0,6,2.0,32,Entire home/apt
30829489,802.0,3,1.0,15,Entire home/apt
1426535220899764740,686.0,2,1.0,3,Private room
1176257663921468707,490.0,2,1.0,34,Private room
16870974,676.0,4,2.0,12,Entire home/apt
806844471164119039,963.0,4,2.0,117,Entire home/apt
618030672214866586,950.0,4,2.0,142,Entire home/apt
1084779657700669640,2244.0,4,2.0,60,Entire home/apt
15953568,2394.0,6,1.0,0,Private room
1416273024332074294,1800.0,2,1.0,0,Entire home/apt
1495740764204349805,2845.0,4,2.0,2,Entire home/apt
669629589169355355,7649.0,7,2.0,45,Entire home/apt
48195263,722.0,2,1.0,108,Private room
1465640743072512672,1033.0,3,1.0,4,Entire home/apt
1426347871333689643,2066.0,5,2.0,11,Entire home/apt
697305561687801487,618.0,2,1.0,387,Entire home/apt
1050253870380446536,1407.0,3,1.0,72,Entire home/apt
53545049,515.0,4,1.0,62,Entire home/apt
1045056615096466518,289.0,1,1.0,30,Private room
1034166696900973195,898.0,2,1.0,200,Private room
1514843222880074232,551.0,3,1.0,0,Private room
32426198,628.0,2,1.0,349,Private room
1211841102040871316,1133.0,2,1.0,3,Entire home/apt
1503151661220612603,1750.0,4,2.0,0,Entire home/apt
45127325,534.0,2,1.0,15,Entire home/apt
953632273475435768,2257.0,4,2.0,35,Entire home/apt
17573966,1069.0,4,1.0,75,Private room
21108857,1951.0,2,1.0,13,Entire home/apt
53417600,1132.0,6,3.0,1,Entire home/apt
949450355120145926,1286.0,4,2.0,81,Entire home/apt
888083707749710050,1900.0,3,2.0,0,Entire home/apt
926064226283932986,2381.0,4,2.0,4,Entire home/apt
858635676470043345,1374.0,6,2.0,22,Entire home/apt
1338765478669856821,3790.0,2,1.0,1,Entire home/apt
1392228775329503074,3200.0,5,2.0,0,Entire home/apt
33499321,2139.0,16,4.0,288,Entire home/apt
50283304,540.0,2,0.0,12,Entire home/apt
1211907317695718899,2240.0,4,2.0,15,Entire home/apt
2905087,414.0,2,1.0,31,Private room
863901757452886909,677.0,2,1.0,16,Private room
31517259,683.0,3,1.0,31,Entire home/apt
41647604,266.0,1,1.0,5,Private room
1233465551492065194,1823.0,4,2.0,20,Entire home/apt
41825521,2347.0,4,2.0,151,Entire home/apt
1154491198983236116,1200.0,4,1.0,0,Entire home/apt
51169945,751.0,5,3.0,25,Entire home/apt
1263842764591636485,309.0,2,1.0,59,Entire home/apt
1260938556664679750,1567.0,4,1.0,19,Entire home/apt
19839294,3329.0,2,1.0,62,Entire home/apt
1313323962535554157,1328.0,4,2.0,30,Entire home/apt
833377478705224801,2306.0,4,1.0,17,Entire home/apt
21439451,1417.0,2,1.0,2,Private room
1080020463056195690,1799.0,4,2.0,3,Entire home/apt
944514093411454657,870.0,4,2.0,20,Entire home/apt
707185749111131795,376.0,1,1.0,104,Shared room
1245429055553934021,450.0,2,1.0,5,Private room
53256360,431.0,2,1.0,62,Entire home/apt
3685560,2289.0,2,1.0,0,Private room
1056780397522044359,2232.0,10,5.0,40,Entire home/apt
40036162,865.0,3,2.0,83,Entire home/apt
813360673630101761,405.0,2,1.0,140,Entire home/apt
1059781142883078169,537.0,3,1.0,8,Entire home/apt
1216113838651387708,1243.0,4,2.0,23,Entire home/apt
1506668917739085000,437.0,2,1.0,2,Private room
852477870180490296,308.0,1,1.0,24,Private room
23828570,1168.0,4,2.0,190,Entire home/apt
1479968356781443626,3933.0,2,1.0,0,Private room
29987132,432.0,2,1.0,320,Private room
35010388,549.0,1,1.0,115,Private room
50114308,436.0,2,1.0,37,Entire home/apt
742696468461782160,3221.0,6,3.0,129,Entire home/apt
990656985160841358,1095.0,2,1.0,1,Entire home/apt
7894426,1738.0,10,3.0,7,Entire home/apt
54168473,540.0,2,1.0,1,Entire home/apt
659364280713863131,2286.0,3,2.0,176,Entire home/apt
1410361738613319971,2206.0,4,2.0,5,Entire home/apt
1211886647473627847,2656.0,4,2.0,7,Entire home/apt
1237683857557920017,603.0,2,1.0,57,Entire home/apt
1161757452409279219,795.0,2,1.0,42,Entire home/apt
812628724159163021,798.0,1,1.0,2,Private room
50420842,599.0,2,1.0,52,Private room
36026734,998.0,6,2.0,279,Entire home/apt
990036573035178027,652.0,3,1.0,98,Entire home/apt
970981121253316081,3627.0,3,1.0,1,Entire home/apt
40863218,1112.0,3,0.0,166,Entire home/apt
3293072,1762.0,2,1.0,154,Entire home/apt
45700820,597.0,2,1.0,686,Entire home/apt
50342102,2458.0,4,3.0,98,Entire home/apt
864834638026931827,1472.0,2,1.0,74,Entire home/apt
40553695,596.0,2,1.0,174,Private room
1074264798874239220,2271.0,2,1.0,0,Private room
1462486923400331294,797.0,6,3.0,8,Entire home/apt
44205835,2034.0,4,2.0,21,Entire home/apt
31537704,613.0,2,1.0,453,Private room
46691090,1056.0,6,2.0,71,Entire home/apt
651355463338435826,2170.0,4,2.0,24,Entire home/apt
562585760522462105,384.0,2,1.0,69,Private room
1456087754903300872,589.0,2,1.0,34,Private room
1253627417464921634,800.0,2,1.0,0,Entire home/apt
8908774,7850.0,16,10.0,4,Private room
24062943,1308.0,6,2.0,219,Entire home/apt
1008916289860625469,1325.0,4,2.0,190,Entire home/apt
1136918155890292364,1403.0,3,1.0,48,Entire home/apt
52743072,1723.0,4,2.0,45,Entire home/apt
843657675044005114,1297.0,4,1.0,12,Entire home/apt
816949475780613213,2000.0,2,1.0,0,Entire home/apt
1156553338791211642,1588.0,2,1.0,14,Entire home/apt
1191385075355697869,630.0,2,1.0,41,Private room
1060415081993694932,393.0,2,1.0,31,Private room
1502604150469073847,383.0,2,1.0,1,Private room
10090137,774.0,3,3.0,11,Private room
1211610028944420021,1456.0,4,1.0,32,Entire home/apt
1490951025468169594,1830.0,2,1.0,4,Private room
50049729,3287.0,5,2.0,52,Entire home/apt
1472904552903999040,288.0,2,1.0,2,Private room
1061332649001427259,1938.0,2,0.0,31,Entire home/apt
21498978,996.0,2,1.0,255,Entire home/apt
1502321278119452252,828.0,2,1.0,6,Private room
7542820,480.0,1,1.0,11,Private room
1308363424935872179,1693.0,4,1.0,20,Entire home/apt
1442971471878461726,1174.0,6,2.0,5,Entire home/apt
53570151,865.0,4,1.0,37,Entire home/apt
842158456106526947,935.0,4,2.0,94,Entire home/apt
1510333406122220524,2106.0,5,3.0,1,Entire home/apt
1002214507329610304,850.0,1,1.0,7,Private room
953013912242586120,555.0,2,1.0,58,Private room
21852242,2864.0,4,2.0,251,Entire home/apt
1137031781381539628,1122.0,4,1.0,10,Entire home/apt
43215810,859.0,2,1.0,60,Entire home/apt
1425713143668371087,1697.0,3,1.0,2,Entire home/apt
1168176156376550542,849.0,2,1.0,70,Private room
1133785579698201851,411.0,2,1.0,97,Private room
1426129281344639316,928.0,4,1.0,11,Entire home/apt
1377815686128343063,1209.0,3,1.0,0,Private room
46817683,1592.0,2,1.0,145,Entire home/apt
49425539,462.0,2,1.0,533,Private room
1447127929242375358,1970.0,4,0.0,0,Entire home/apt
53631974,562.0,3,1.0,179,Private room
989204788164783718,3355.0,3,2.0,4,Entire home/apt
51447344,4629.0,2,0.0,0,Private room
782882667274705660,1002.0,2,1.0,73,Entire home/apt
20557068,2608.0,5,2.0,229,Entire home/apt
44961847,2008.0,2,1.0,33,Private room
1455189652400407435,1394.0,2,1.0,0,Entire home/apt
859454807008226600,793.0,2,1.0,53,Entire home/apt
724550635286913349,1877.0,4,2.0,137,Entire home/apt
1021966692265476912,985.0,5,2.0,28,Entire home/apt
40092022,500.0,2,1.0,13,Private room
937041963243063769,4397.0,10,4.0,4,Entire home/apt
1186461708253319998,1198.0,5,2.0,21,Entire home/apt
1082897140119710783,1024.0,2,1.0,24,Entire home/apt
1270521288480613949,536.0,2,1.0,48,Private room
1353918410310196369,2250.0,16,6.0,0,Entire home/apt
52372987,1378.0,6,1.0,6,Shared room
25519539,588.0,3,1.0,28,Private room
1397381682700674698,1203.0,2,1.0,0,Entire home/apt
42719154,2636.0,8,3.0,146,Entire home/apt
1516138757065406573,2345.0,10,3.0,0,Entire home/apt
1421178436758469036,461.0,3,1.0,4,Private room
1399559084133300589,1708.0,2,1.0,9,Entire home/apt
41321591,838.0,3,2.0,6,Entire home/apt
50326133,1180.0,5,2.0,273,Entire home/apt
674930359554774565,4489.0,4,2.0,46,Entire home/apt
555313297824688613,2069.0,8,2.0,157,Entire home/apt
8984630,1500.0,4,2.0,0,Entire home/apt
1422591643025941833,390.0,2,1.0,2,Private room
1441542452135303223,1424.0,2,1.0,0,Private room
51602348,2350.0,4,2.0,0,Entire home/apt
3767434,810.0,1,1.0,85,Entire home/apt
35379721,937.0,5,2.0,38,Entire home/apt
50616763,751.0,4,1.0,102,Entire home/apt
4097894,792.0,2,1.0,261,Private room
693427255473088262,3377.0,6,3.0,151,Entire home/apt
1465248375689561928,7886.0,10,4.0,0,Entire home/apt
847127050672369620,1633.0,4,2.0,70,Entire home/apt
720048379769525570,1581.0,6,3.0,19,Entire home/apt
1487996681863558849,476.0,1,1.0,0,Private room
1087868572083962682,2322.0,6,2.0,71,Entire home/apt
1091454742410491681,1477.0,4,1.0,22,Entire home/apt
1492794898516422949,1463.0,2,0.0,7,Entire home/apt
2228415,4250.0,6,3.0,6,Entire home/apt
1127404920977529713,2142.0,5,3.0,53,Entire home/apt
1268299584168649491,2932.0,4,2.0,12,Entire home/apt
34650108,411.0,2,1.0,98,Entire home/apt
48789609,353.0,1,1.0,22,Entire home/apt
839861648412256920,911.0,3,1.0,108,Entire home/apt
28225071,893.0,2,1.0,302,Private room
13624425,604.0,2,1.0,136,Private room
945525278051817340,549.0,2,1.0,83,Private room
41110285,632.0,2,1.0,5,Private room
52112918,1260.0,4,2.0,119,Entire home/apt
20679061,647.0,2,1.0,305,Entire home/apt
5558275,1143.0,2,1.0,138,Entire home/apt
1164581744439631271,816.0,2,1.0,22,Private room
1447208360349495539,2642.0,2,1.0,0,Private room
17481070,940.0,4,1.0,238,Entire home/apt
1166808403564499807,1663.0,12,4.0,33,Entire home/apt
1462549,811.0,2,1.0,135,Entire home/apt
1385639051999630964,2054.0,6,2.0,16,Entire home/apt
1155247746412687772,450.0,2,1.0,0,Private room
566765318500730772,1432.0,6,3.0,16,Entire home/apt
964093796244503668,315.0,1,8.0,47,Private room
1283266628966439761,1109.0,5,2.0,24,Entire home/apt
35881756,613.0,2,1.0,73,Entire home/apt
1037030994417172738,3132.0,5,2.0,8,Entire home/apt
613780781110498304,5440.0,6,3.0,151,Entire home/apt
904296502265449926,2494.0,4,2.0,4,Entire home/apt
14551765,3954.0,2,0.0,12,Entire home/apt
1216188312641357169,399.0,2,1.0,0,Private room
1264601247289358730,1010.0,2,1.0,33,Entire home/apt
996113503482355279,1194.0,8,4.0,7,Entire home/apt
667709718275041534,785.0,2,1.0,97,Entire home/apt
1156750360116751607,1783.0,2,1.0,38,Entire home/apt
689681818851245182,1919.0,4,2.0,2,Entire home/apt
1420700357585117171,1767.0,2,1.0,0,Private room
551525768063606099,723.0,4,2.0,119,Entire home/apt
1475039472496342423,1100.0,4,2.0,4,Entire home/apt
924109249008743305,503.0,2,1.0,0,Entire home/apt
22607815,270.0,1,1.0,120,Private room
1141482687978574123,5961.0,15,5.0,4,Entire home/apt
1344497002941501777,3098.0,5,2.0,13,Entire home/apt
45484715,4286.0,3,1.0,0,Private room
52038256,2059.0,3,1.0,192,Entire home/apt
1026962698662581481,1331.0,4,1.0,73,Entire home/apt
638374096435931264,1400.0,3,1.0,113,Entire home/apt
1287953068152441818,585.0,1,1.0,8,Entire home/apt
28982379,593.0,2,1.0,281,Private room
1236275668319504364,1105.0,2,1.0,12,Entire home/apt
1334078573937004446,2047.0,3,1.0,39,Entire home/apt
15589688,1128.0,3,2.0,43,Entire home/apt
1470680623401325782,1287.0,2,1.0,0,Entire home/apt
27702026,3971.0,2,1.0,155,Entire home/apt
41475387,612.0,1,3.0,9,Private room
46988608,472.0,4,1.0,70,Entire home/apt
998653067762354712,1338.0,5,3.0,21,Entire home/apt
810990776085180542,1103.0,2,1.0,15,Private room
32328567,712.0,2,0.0,114,Entire home/apt
1470442597302198307,1599.0,4,2.0,3,Entire home/apt
1421845841870183819,597.0,5,2.0,10,Entire home/apt
1197860877730684637,2023.0,7,3.0,39,Entire home/apt
1297113784001942858,1080.0,5,2.0,42,Entire home/apt
1153191518890044915,1149.0,2,1.0,5,Private room
1110959136383673461,327.0,2,1.0,95,Private room
1168296107955190822,3158.0,8,3.0,22,Entire home/apt
1500372515385433789,364.0,3,2.0,3,Private room
975422005579444155,405.0,1,1.0,0,Private room
40593677,1256.0,5,2.0,229,Entire home/apt
1486540354123839496,3390.0,16,5.0,7,Entire home/apt
707125343745485899,376.0,1,1.0,104,Shared room
1180049165725771870,1330.0,2,1.0,13,Entire home/apt
42182434,722.0,2,1.0,93,Entire home/apt
1340161938807125140,410.0,1,1.0,1,Private room
857045345771062398,2920.0,4,2.0,0,Entire home/apt
1219036078560782742,993.0,2,1.0,56,Entire home/apt
1280014162672393250,432.0,1,1.0,2,Private room
901784712011779860,1436.0,4,2.0,76,Entire home/apt
1217691498684317142,345.0,1,1.0,27,Private room
882682026805263553,1029.0,2,1.0,15,Entire home/apt
623936618816719054,992.0,4,2.0,2,Entire home/apt
869635347384191818,3753.0,6,2.0,114,Entire home/apt
19176531,8001.0,8,4.0,184,Entire home/apt
863253363667588801,240.0,1,1.0,3,Private room
27677480,252.0,1,1.0,11,Private room
24210008,1112.0,4,2.0,121,Entire home/apt
42179953,999.0,5,3.0,2,Entire home/apt
1253142450209887145,3339.0,4,2.0,1,Entire home/apt
1425288189127539067,1515.0,2,1.0,9,Entire home/apt
1219182474258234410,360.0,1,1.0,2,Private room
1294326366370613984,1749.0,4,2.0,7,Entire home/apt
1460277328957927133,1656.0,4,1.0,4,Entire home/apt
50880922,725.0,3,1.0,80,Entire home/apt
857986319709679671,629.0,1,1.0,11,Private room
1309481589156535176,891.0,3,2.0,15,Entire home/apt
1321997877514206382,1513.0,9,5.0,14,Entire home/apt
899422907050958623,529.0,2,1.0,22,Private room
1293711039212780581,2533.0,4,3.0,1,Entire home/apt
52905994,1409.0,2,1.0,118,Entire home/apt
49079745,850.0,5,1.0,133,Entire home/apt
602892619899889102,270.0,2,1.0,8,Entire home/apt
1417553238178972062,500.0,1,1.0,9,Shared room
988370705340508252,1202.0,6,2.0,105,Entire home/apt
932798855253115412,2001.0,3,1.0,25,Private room
1316902746604074725,2066.0,2,1.0,1,Entire home/apt
1134206455012621544,2970.0,6,3.0,38,Entire home/apt
1298850255038652840,8591.0,16,8.0,10,Entire home/apt
664389005883350480,699.0,2,0.0,115,Entire home/apt
49518952,847.0,4,2.0,4,Entire home/apt
925381696863161040,430.0,2,1.0,56,Private room
49094081,2800.0,4,2.0,4,Entire home/apt
851465975071636131,488.0,1,1.0,0,Private room
1066285429420593449,431.0,1,1.0,1,Private room
1167394048171286027,2250.0,2,1.0,0,Private room
1194336957115022615,1629.0,2,1.0,23,Private room
1111969165434941965,1668.0,5,2.0,106,Entire home/apt
869791284385933516,475.0,2,1.0,48,Private room
31412441,673.0,3,2.0,68,Entire home/apt
17666857,804.0,2,1.0,85,Entire home/apt
1145908048345804515,2563.0,8,3.0,47,Entire home/apt
1371086799379728114,161.0,4,1.0,8,Shared room
51172716,648.0,2,1.0,1,Private room
1026243075269988787,1130.0,3,1.0,11,Entire home/apt
1417160069542618493,2315.0,2,1.0,0,Private room
1297892845170142888,1347.0,4,2.0,30,Entire home/apt
22389553,436.0,2,1.0,343,Entire home/apt
1166238125871291476,880.0,4,3.0,0,Entire home/apt
25377394,1809.0,2,1.0,0,Entire home/apt
1292262938050173563,1159.0,2,1.0,76,Entire home/apt
805130308439602221,648.0,2,1.0,61,Private room
1417106564235915081,1184.0,2,1.0,8,Entire home/apt
6533850,773.0,4,0.0,268,Entire home/apt
1493088771554048907,896.0,5,2.0,2,Entire home/apt
1299547049925226324,5000.0,1,1.0,0,Private room
1273407255295933676,1700.0,2,1.0,0,Entire home/apt
803135178343876527,15756.0,16,7.0,2,Entire home/apt
48093466,994.0,2,1.0,114,Private room
1379417841647016991,815.0,3,1.0,21,Entire home/apt
54195554,5300.0,7,4.0,18,Entire home/apt
1406779086052126487,2600.0,6,3.0,2,Entire home/apt
35786092,1340.0,4,1.0,23,Entire home/apt
1257676160449797884,1215.0,5,2.0,27,Entire home/apt
44182170,1969.0,3,2.0,53,Entire home/apt
1498855795663129488,678.0,3,1.0,0,Entire home/apt
679162267999603624,1281.0,7,4.0,80,Entire home/apt
52075990,2358.0,2,1.0,120,Entire home/apt
46750265,1147.0,2,1.0,240,Entire home/apt
21512492,1167.0,4,1.0,28,Entire home/apt
47509465,733.0,2,1.0,154,Entire home/apt
776734687240960029,1350.0,4,2.0,50,Entire home/apt
592217295260684033,1188.0,4,2.0,70,Entire home/apt
28584111,2533.0,12,4.0,37,Entire home/apt
823379183271762804,2640.0,2,2.0,10,Entire home/apt
10103162,1566.0,3,1.0,417,Entire home/apt
666090150984038744,600.0,1,1.0,83,Private room
16352268,4022.0,4,2.0,273,Entire home/apt
1284945234985454762,1361.0,2,1.0,6,Entire home/apt
53385252,312.0,1,1.0,141,Private room
953572052689561227,1425.0,3,2.0,13,Entire home/apt
53230159,520.0,1,1.0,1,Private room
37249284,774.0,4,2.0,8,Entire home/apt
54306905,10247.0,8,4.0,88,Entire home/apt
9093531,4382.0,2,1.0,95,Private room
803654903896411001,4218.0,2,1.0,0,Private room
728095717275312855,486.0,1,1.0,8,Private room
908955786568858811,544.0,2,1.0,95,Private room
898708658577143929,1234.0,2,1.0,31,Private room
53852645,1464.0,2,1.0,3,Entire home/apt
747751487469875863,1454.0,8,3.0,100,Entire home/apt
999244395621071557,450.0,2,1.0,163,Private room
49043821,450.0,2,1.0,19,Entire home/apt
1507223881214972209,647.0,4,2.0,0,Entire home/apt
11169840,2000.0,2,1.0,42,Entire home/apt
1339919685341151848,1714.0,3,1.0,129,Entire home/apt
17540988,947.0,4,2.0,156,Entire home/apt
897369007814945809,964.0,2,1.0,2,Private room
15346329,631.0,2,1.0,41,Entire home/apt
1306433098696524333,720.0,2,1.0,0,Private room
983717807615871770,1080.0,8,2.0,0,Private room
43834577,564.0,2,1.0,208,Private room
46511051,1710.0,4,1.0,160,Entire home/apt
31713945,376.0,2,1.0,70,Private room
1272622240347833347,610.0,2,1.0,1,Private room
1457481036907730513,1213.0,4,1.0,11,Entire home/apt
1131805869430253290,1217.0,3,1.0,2,Entire home/apt
33400245,569.0,2,1.0,57,Entire home/apt
1010143196352773006,1421.0,4,2.0,53,Entire home/apt
1483671353066215616,961.0,2,1.0,0,Entire home/apt
35431557,584.0,2,1.0,28,Private room
34970627,949.0,2,1.0,89,Entire home/apt
1307319611059894218,266.0,2,1.0,1,Private room
54214222,746.0,2,1.0,104,Entire home/apt
43389841,304.0,2,1.0,93,Entire home/apt
1250386045707410179,900.0,2,1.0,51,Entire home/apt
1183346281861984437,16438.0,2,1.0,0,Private room
576915336546571061,2600.0,2,1.0,1,Private room
823158333803621670,2918.0,2,1.0,7,Private room
52759591,942.0,3,2.0,92,Entire home/apt
689004284399530393,1215.0,4,2.0,159,Entire home/apt
1183372673903242640,1732.0,2,1.0,23,Entire home/apt
853648712710038402,553.0,1,1.0,3,Entire home/apt
23807012,632.0,2,1.0,0,Private room
1417684592246237005,3300.0,1,1.0,0,Private room
1329224787686307845,275.0,2,1.0,21,Private room
746544298469932307,360.0,2,1.0,26,Private room
1343881274009568025,2069.0,4,2.0,13,Entire home/apt
1174137204885531523,2250.0,6,3.0,9,Entire home/apt
6311568,2204.0,3,2.0,1,Entire home/apt
16195879,1056.0,4,1.0,109,Entire home/apt
27447700,1527.0,4,2.0,139,Entire home/apt
32987149,1821.0,4,2.0,11,Entire home/apt
1293755264924974970,1670.0,4,2.0,5,Entire home/apt
1330404993082229093,683.0,2,1.0,9,Entire home/apt
45923100,684.0,2,1.0,41,Private room
1037611522334653772,419.0,2,1.0,116,Entire home/apt
1321030824875638646,4116.0,2,1.0,0,Private room
27458981,643.0,3,3.0,208,Entire home/apt
41955622,304.0,2,1.0,29,Private room
44963734,984.0,2,1.0,148,Entire home/apt
744886537587828110,1015.0,4,1.0,97,Entire home/apt
1425720457520303678,603.0,1,1.0,0,Private room
1066681462050743782,1399.0,4,2.0,35,Entire home/apt
1517695452042671354,1711.0,4,2.0,0,Entire home/apt
33254148,423.0,3,1.0,90,Private room
1384004305472620217,1225.0,4,2.0,65,Entire home/apt
955869904424343361,990.0,4,2.0,56,Entire home/apt
21488661,1461.0,8,3.0,118,Entire home/apt
21769847,1518.0,4,2.0,157,Entire home/apt
1327104107993691151,795.0,2,1.0,0,Private room
1360298866238165859,3156.0,4,2.0,7,Entire home/apt
824701697072235447,299.0,2,1.0,62,Private room
53826331,1120.0,4,1.0,35,Entire home/apt
883730774403415896,2605.0,8,4.0,88,Entire home/apt
15619219,442.0,3,1.0,0,Private room
1133531507812704963,1190.0,5,2.0,15,Entire home/apt
794235671715097719,4917.0,10,5.0,18,Entire home/apt
36035832,1360.0,2,1.0,149,Entire home/apt
15100318,458.0,1,1.0,396,Private room
1425924711427460943,1195.0,2,1.0,1,Entire home/apt
1479159906206045471,1170.0,2,1.0,14,Entire home/apt
1237277279100109671,1032.0,4,1.0,83,Entire home/apt
54361111,1363.0,4,1.0,55,Entire home/apt
1106595017910156178,2297.0,6,3.0,5,Entire home/apt
802871710932104417,948.0,2,1.0,41,Private room
1079732030707231921,1814.0,4,2.0,157,Entire home/apt
26787620,443.0,2,1.0,192,Private room
1237314041452151945,465.0,3,1.0,13,Private room
653538834995412549,676.0,1,1.0,172,Private room
41183941,423.0,8,2.0,29,Entire home/apt
1431934160007426328,919.0,3,1.0,17,Entire home/apt
39399096,3500.0,12,3.0,162,Entire home/apt
42891722,315.0,2,1.0,2,Entire home/apt
1480588731309988735,3397.0,6,3.0,12,Entire home/apt
7693265,910.0,2,1.0,53,Entire home/apt
7390943,720.0,4,2.0,33,Entire home/apt
1357361351575548804,1298.0,4,1.0,19,Entire home/apt
962309493332375503,466.0,4,2.0,47,Entire home/apt
827440167780257469,1127.0,2,1.0,32,Entire home/apt
1227525013716116478,1378.0,6,3.0,13,Private room
1428687536286342752,1213.0,2,1.0,7,Private room
770559030199219274,786.0,2,3.0,0,Private room
1350313348470244317,546.0,2,1.0,18,Private room
899458396573962769,529.0,2,1.0,15,Private room
45064274,1621.0,2,1.0,110,Entire home/apt
1163848347046791584,972.0,2,1.0,12,Private room
1061653249246647517,1942.0,4,2.0,13,Entire home/apt
992306785999145659,708.0,2,1.0,27,Entire home/apt
963739323536104747,70407.0,16,12.0,3,Entire home/apt
1044470691631634685,3150.0,6,3.0,7,Entire home/apt
1437150637489343844,2546.0,4,1.0,2,Private room
53397330,2730.0,4,2.0,97,Entire home/apt
23924789,2000.0,2,1.0,16,Hotel room
1470389652054837364,968.0,2,1.0,4,Entire home/apt
5298333,5619.0,1,1.0,137,Private room
712293492253938039,1022.0,2,1.0,81,Entire home/apt
1183530031257520228,389.0,2,1.0,3,Private room
46104292,2247.0,3,2.0,0,Entire home/apt
887675347273178931,3495.0,14,4.0,63,Entire home/apt
1479311482408110852,1852.0,4,2.0,4,Entire home/apt
1404545977534808166,2250.0,6,2.0,9,Entire home/apt
38761695,547.0,3,1.0,76,Private room
800718369352724319,5174.0,4,2.0,0,Entire home/apt
52362179,1213.0,3,1.0,27,Entire home/apt
48754198,1619.0,4,2.0,125,Entire home/apt
47452038,1376.0,6,2.0,57,Entire home/apt
1001497440387292997,898.0,2,1.0,72,Entire home/apt
53940221,1132.0,4,0.0,339,Entire home/apt
572703401433994424,691.0,2,1.0,7,Private room
826181749068177063,6305.0,4,2.0,1,Entire home/apt
1234811568537122783,2127.0,3,1.0,68,Entire home/apt
48094297,752.0,2,1.0,145,Private room
1406066621246833636,900.0,3,1.0,0,Entire home/apt
1219829693900334287,969.0,2,1.0,27,Entire home/apt
745517736884690255,1050.0,4,2.0,44,Entire home/apt
1420515254722384786,461.0,2,1.0,2,Private room
1498006504153246731,701.0,2,1.0,2,Entire home/apt
604704639764152726,879.0,3,1.0,32,Entire home/apt
47393999,732.0,2,1.0,28,Entire home/apt
1113233187351740203,800.0,2,1.0,0,Entire home/apt
928315861122077642,1195.0,2,1.0,45,Entire home/apt
899122846948073277,3393.0,4,2.0,5,Entire home/apt
27825203,604.0,3,2.0,130,Entire home/apt
48900714,1200.0,2,1.0,2,Entire home/apt
1487295659330633314,564.0,2,1.0,3,Private room
1210083869609515169,1478.0,5,2.0,15,Entire home/apt
17251836,534.0,1,1.0,22,Private room
903638471066397860,618.0,2,1.0,7,Private room
1249416319628713471,1161.0,2,1.0,25,Entire home/apt
44207522,1333.0,4,2.0,62,Entire home/apt
27285642,1301.0,2,1.0,2,Entire home/apt
38582826,873.0,1,1.0,40,Entire home/apt
1475002707389931094,2550.0,10,3.0,2,Entire home/apt
1247500891056759543,1110.0,2,1.0,47,Entire home/apt
53920386,1379.0,2,1.0,415,Private room
709690758091531206,426.0,6,1.0,138,Entire home/apt
27405710,188.0,2,4.0,1,Private room
1356016610896433980,662.0,2,1.0,7,Entire home/apt
1245041948037193407,1335.0,2,1.0,20,Entire home/apt
730750577161289629,2109.0,5,3.0,8,Entire home/apt
1245911065064702724,787.0,2,1.0,50,Private room
900189791134832992,510.0,2,1.0,20,Private room
1466992526054647046,929.0,2,1.0,0,Entire home/apt
49387056,1231.0,2,0.0,104,Entire home/apt
17671370,1050.0,2,1.0,50,Entire home/apt
1389241001288537587,1097.0,3,1.0,14,Entire home/apt
2484037,900.0,2,1.0,164,Entire home/apt
653188439086968114,827.0,2,1.0,25,Private room
9147210,1273.0,2,0.0,14,Private room
1373953340372898424,877.0,2,1.0,9,Entire home/apt
908918228033397594,1800.0,2,1.0,12,Entire home/apt
29316513,3108.0,7,2.0,339,Entire home/apt
43309770,279.0,1,1.0,36,Private room
1195302396233895903,1889.0,4,2.0,43,Entire home/apt
1234102915109882917,1517.0,2,1.0,3,Entire home/apt
654637945042129071,860.0,6,3.0,2,Entire home/apt
932839474035923485,4589.0,12,4.0,66,Entire home/apt
46355783,1893.0,2,1.0,214,Private room
38404040,1440.0,6,2.0,210,Entire home/apt
911669558305576674,1466.0,4,2.0,108,Entire home/apt
1137809620737495865,1211.0,3,1.0,5,Entire home/apt
1218925818485314371,4662.0,6,3.0,25,Entire home/apt
1445124887023997712,638.0,1,1.0,0,Private room
1221952006871365389,1425.0,2,1.0,32,Entire home/apt
13751465,316.0,1,0.0,8,Private room
42429656,317.0,2,1.0,9,Private room
982971696033915955,1120.0,6,1.0,12,Entire home/apt
39896074,1747.0,6,2.0,455,Entire home/apt
599457354214495246,747.0,5,2.0,326,Entire home/apt
1224478744992193667,1986.0,5,2.0,62,Entire home/apt
53778905,1780.0,5,2.0,7,Entire home/apt
755785413515066708,470.0,1,1.0,9,Private room
7719646,560.0,2,0.0,11,Private room
1313982300822305999,4491.0,2,1.0,12,Entire home/apt
871997442647894504,1288.0,5,2.0,38,Entire home/apt
1240558341648313634,410.0,2,1.0,43,Entire home/apt
1339982632400186994,515.0,8,2.0,25,Private room
572715171837935734,606.0,2,1.0,26,Private room
1487282683070838529,642.0,2,1.0,2,Private room
870363471975627725,828.0,2,1.0,69,Entire home/apt
1466952774103476230,1793.0,5,2.0,1,Entire home/apt
2984619,1256.0,2,1.0,145,Entire home/apt
958724340055529017,757.0,4,2.0,16,Entire home/apt
1222662244669182999,720.0,4,3.0,17,Entire home/apt
49732382,1246.0,3,1.0,100,Entire home/apt
889193681067342305,2200.0,4,2.0,7,Entire home/apt
1100046014194480164,963.0,2,1.0,16,Private room
1502274471566827745,734.0,2,1.0,0,Private room
1066990173736557994,233.0,2,1.0,85,Private room
1262009159315511507,473.0,1,1.0,31,Entire home/apt
1282259113625394126,4541.0,2,1.0,6,Private room
40798936,1298.0,2,1.0,54,Entire home/apt
1296454981118622034,403.0,3,1.0,1,Private room
1452380759965166064,763.0,2,1.0,1,Entire home/apt
1148836245652057023,676.0,2,1.0,80,Private room
1388772907841576701,499.0,2,1.0,21,Private room
1488586368587450004,579.0,4,1.0,3,Private room
646417979709173674,1508.0,3,1.0,25,Entire home/apt
26714356,1714.0,2,1.0,3,Private room
988490093617976864,1000.0,2,1.0,5,Entire home/apt
986285445381960498,1519.0,2,1.0,4,Entire home/apt
23093307,1161.0,2,1.0,37,Private room
1413709705274083648,2506.0,4,2.0,5,Entire home/apt
689180756965506213,435.0,2,1.0,49,Private room
30269685,816.0,2,1.0,56,Private room
1004607629592219903,969.0,4,2.0,43,Entire home/apt
1011184672710281883,522.0,2,1.0,84,Private room
36422550,865.0,2,1.0,73,Entire home/apt
1325603930916966311,657.0,4,2.0,23,Entire home/apt
1148579058187882168,900.0,3,1.0,83,Entire home/apt
577462855618819213,1706.0,4,2.0,43,Entire home/apt
1157471115135754561,1144.0,3,1.0,10,Entire home/apt
1429264044723129134,920.0,2,1.0,1,Entire home/apt
1450206362266035550,1998.0,6,0.0,2,Entire home/apt
31958700,3610.0,2,2.0,56,Entire home/apt
593380857149561490,1868.0,6,3.0,42,Entire home/apt
1259520232299255658,6367.0,16,8.0,0,Entire home/apt
8329963,780.0,2,1.0,74,Entire home/apt
1270424786555052475,1891.0,4,1.0,2,Entire home/apt
1324875224583843086,1600.0,8,4.0,3,Entire home/apt
1377883754545033418,1439.0,5,1.0,11,Private room
1501759860656227834,830.0,3,1.0,1,Entire home/apt
43637037,279.0,2,1.0,305,Private room
1102240502687943303,360.0,2,1.0,39,Private room
908151375412357783,965.0,2,1.0,19,Private room
864590723916398019,1528.0,4,1.0,42,Entire home/apt
40535183,446.0,4,1.0,221,Entire home/apt
603648521718919643,813.0,3,1.0,23,Entire home/apt
1128384205254189804,315.0,1,1.0,12,Private room
1054643555595965912,792.0,4,2.0,33,Entire home/apt
50940631,1230.0,8,2.0,125,Entire home/apt
26329281,2847.0,2,0.0,0,Entire home/apt
840608827291286572,1200.0,15,2.0,14,Entire home/apt
674772048242071977,713.0,4,2.0,37,Entire home/apt
1512576774571975929,1402.0,3,1.0,0,Entire home/apt
1353755866737717851,1556.0,3,1.0,3,Entire home/apt
723264291792685457,947.0,3,3.0,5,Entire home/apt
1279893639644561436,1970.0,4,2.0,22,Entire home/apt
51800128,903.0,2,1.0,167,Entire home/apt
1472176680958913160,599.0,2,1.0,17,Private room
37221067,713.0,4,1.0,73,Entire home/apt
948042574990237615,978.0,4,1.0,203,Entire home/apt
836850368661800362,2103.0,4,2.0,1,Entire home/apt
816201081549503135,1500.0,3,1.0,0,Entire home/apt
31495700,1543.0,3,2.0,0,Entire home/apt
609594,510.0,5,3.0,16,Entire home/apt
44101270,475.0,2,1.0,176,Private room
21487078,642.0,2,1.0,123,Private room
1396460636856044213,1438.0,2,1.0,1,Private room
33943818,641.0,2,1.0,257,Entire home/apt
1257739500103147402,399.0,1,1.0,32,Private room
862294088665531480,500.0,1,1.0,6,Private room
43382699,597.0,3,1.0,64,Entire home/apt
1414825661107867696,1080.0,2,3.0,2,Private room
1463434850541744175,1415.0,4,2.0,4,Entire home/apt
1503096027874481600,507.0,2,1.0,2,Private room
1451033628759993267,2538.0,4,2.0,9,Entire home/apt
23715103,1998.0,6,3.0,112,Entire home/apt
1118310846312009983,3201.0,10,5.0,55,Entire home/apt
51623672,1050.0,2,1.0,72,Private room
1357579072042962122,669.0,2,1.0,2,Private room
1210254621865964740,1824.0,6,3.0,17,Entire home/apt
20555102,1050.0,2,1.0,50,Entire home/apt
31190931,284.0,1,1.0,35,Private room
24604619,1275.0,4,2.0,15,Entire home/apt
884353549436607890,1260.0,4,2.0,20,Entire home/apt
991455072380594304,1646.0,4,2.0,40,Entire home/apt
11626067,1802.0,6,2.0,43,Entire home/apt
1116265500053821687,3043.0,8,3.0,40,Entire home/apt
1508192139526640198,1564.0,2,1.0,1,Entire home/apt
53889192,1112.0,4,2.0,36,Entire home/apt
1176111519103385019,872.0,2,1.0,412,Private room
31616185,3460.0,6,3.0,100,Entire home/apt
1010257732638847492,1247.0,4,1.0,92,Entire home/apt
715969050553945203,2116.0,2,1.0,3,Entire home/apt
27904830,6550.0,1,1.0,0,Private room
1237883999278055212,400.0,2,1.0,19,Private room
16169970,1096.0,2,1.0,50,Entire home/apt
1405786761409090212,1049.0,6,2.0,15,Entire home/apt
1206044277136108398,4040.0,10,3.0,73,Entire home/apt
1498073543418915617,1469.0,2,1.0,0,Entire home/apt
42280462,405.0,2,1.0,15,Private room
1303977398548408741,1665.0,2,1.0,6,Entire home/apt
7646656,1029.0,4,2.0,98,Entire home/apt
23187874,605.0,2,1.0,61,Entire home/apt
877772703938804499,863.0,2,1.0,183,Entire home/apt
29982094,443.0,2,1.0,93,Private room
1273883873215967547,2420.0,5,2.0,46,Entire home/apt
927680042212636244,1031.0,7,3.0,42,Entire home/apt
707148819360497010,2010.0,4,2.0,19,Entire home/apt
901741557056551894,721.0,2,1.0,80,Entire home/apt
1111177696557778203,2461.0,4,2.0,24,Entire home/apt
17320443,1814.0,4,1.0,220,Entire home/apt
1066807625621880867,1372.0,2,1.0,4,Entire home/apt
1461780930071966362,328.0,6,1.0,3,Shared room
679714374866598685,461.0,2,1.0,49,Private room
38486515,956.0,5,2.0,356,Entire home/apt
1498093995636630679,459.0,2,1.0,0,Private room
1260958346114459350,1078.0,2,1.0,2,Entire home/apt
1481382570917692440,1738.0,2,0.0,0,Entire home/apt
953943783005768734,2054.0,4,2.0,32,Entire home/apt
23356590,360.0,2,1.0,129,Private room
1217021133585527432,630.0,1,1.0,3,Private room
1299980531395751189,2263.0,6,3.0,36,Entire home/apt
1250738583688885618,697.0,3,1.0,23,Entire home/apt
1416652061715334932,839.0,3,1.0,11,Entire home/apt
1105953715956587620,1940.0,4,2.0,29,Entire home/apt
1086401531604300313,948.0,5,2.0,43,Entire home/apt
1207630450386231443,450.0,1,1.0,25,Private room
1116654891373498468,2384.0,4,2.0,20,Entire home/apt
1169024965638675178,669.0,2,1.0,2,Entire home/apt
53188999,365.0,1,1.0,16,Private room
1496652000628273892,812.0,2,1.0,1,Private room
1465510299879230310,971.0,2,1.0,4,Private room
13914159,897.0,2,1.0,227,Entire home/apt
803597871465264272,2669.0,2,1.0,103,Entire home/apt
1474872691434054076,1022.0,4,2.0,0,Entire home/apt
1275599032417467179,889.0,4,2.0,22,Entire home/apt
720491157644319496,510.0,2,1.0,54,Entire home/apt
20757204,827.0,1,1.0,54,Private room
1460836075070682553,2069.0,4,2.0,4,Entire home/apt
613889257760597928,387.0,1,1.0,15,Private room
1050683495577724664,369.0,2,1.0,25,Private room
1452506039296225226,1318.0,4,2.0,1,Entire home/apt
1308703079672548330,1367.0,3,2.0,6,Entire home/apt
748619155994348162,1600.0,1,2.0,0,Private room
11531343,941.0,2,1.0,61,Entire home/apt
38331314,203.0,1,1.0,0,Private room
37398326,979.0,2,1.0,0,Entire home/apt
40117839,711.0,2,1.0,207,Private room
1501902608945903453,1176.0,2,1.0,2,Entire home/apt
10540306,1038.0,2,1.0,256,Entire home/apt
1482063385468487164,601.0,3,1.0,6,Entire home/apt
964427661453971305,600.0,2,1.0,3,Private room
758726403125124440,605.0,1,1.0,22,Private room
765585468224907137,336.0,3,1.0,31,Entire home/apt
755740363265656173,585.0,2,1.0,64,Private room
1317017269265350085,542.0,2,1.0,52,Private room
1073479016341623075,407.0,1,1.0,5,Private room
1152350570209308513,650.0,2,1.0,3,Entire home/apt
1137804745809078899,1214.0,3,1.0,10,Entire home/apt
39301825,1850.0,8,3.0,161,Entire home/apt
17497469,618.0,3,2.0,139,Entire home/apt
44206837,999.0,3,1.0,267,Entire home/apt
1498097712119218992,705.0,2,1.0,0,Entire home/apt
44555631,535.0,2,1.0,108,Private room
990729599397260751,755.0,2,1.0,11,Entire home/apt
38486314,1328.0,5,2.0,396,Entire home/apt
571786677934728509,450.0,2,1.0,4,Private room
1132754464961102855,884.0,2,1.0,118,Entire home/apt
1097177100460415230,2148.0,4,2.0,12,Entire home/apt
950960608979435877,1000.0,2,1.0,2,Entire home/apt
1450822389589918896,2597.0,5,3.0,7,Entire home/apt
786908529493633060,1778.0,4,1.0,8,Entire home/apt
48673002,1662.0,2,2.0,17,Private room
1069677731405728052,1951.0,4,2.0,97,Entire home/apt
1268885971618736756,2083.0,4,1.0,59,Entire home/apt
51538371,1413.0,4,1.0,91,Entire home/apt
1329200637757882580,790.0,4,2.0,5,Entire home/apt
680572844743461501,538.0,1,1.0,323,Entire home/apt
1255472342009994710,2488.0,2,1.0,13,Private room
857412643625310973,1976.0,4,2.0,75,Entire home/apt
1341394879189979492,643.0,2,0.0,5,Entire home/apt
723129311672322360,588.0,2,2.0,41,Entire home/apt
1139326016751848135,2766.0,8,4.0,6,Entire home/apt
748582358804001788,599.0,2,1.0,23,Private room
20014340,243.0,2,1.0,0,Private room
21266125,952.0,3,0.0,17,Entire home/apt
1323922507936817117,998.0,2,1.0,7,Private room
838021338431153354,314.0,2,1.0,25,Private room
1287038195639598010,945.0,4,2.0,68,Entire home/apt
1471153881231373490,803.0,2,1.0,2,Entire home/apt
1431943006136623691,1872.0,4,2.0,11,Entire home/apt
15772791,630.0,2,1.0,0,Entire home/apt
22232778,1185.0,4,2.0,105,Entire home/apt
53960181,652.0,1,1.0,72,Private room
27162404,1520.0,4,1.0,379,Entire home/apt
841477499830862793,400.0,6,1.0,4,Shared room
866974744928249801,2596.0,6,3.0,47,Entire home/apt
1425493641204904651,483.0,2,1.0,10,Private room
41290719,1227.0,3,1.0,35,Entire home/apt
1297884177709584342,1848.0,4,2.0,40,Entire home/apt
615794271543449102,313.0,2,1.0,37,Private room
1047188332154301023,2724.0,4,1.0,0,Private room
1412647347491860384,1655.0,5,2.0,14,Entire home/apt
1101511882521329081,6240.0,4,2.0,3,Entire home/apt
1169212948267766016,166.0,3,1.0,8,Shared room
8827893,957.0,3,1.0,102,Entire home/apt
1376194013000453757,494.0,2,1.0,0,Private room
41190601,1150.0,2,3.0,0,Private room
26366314,3122.0,2,0.0,0,Entire home/apt
40138342,2590.0,5,2.0,142,Entire home/apt
725526225240096904,1306.0,6,3.0,69,Entire home/apt
863904424713665523,851.0,4,2.0,23,Entire home/apt
846364871281505020,210.0,1,1.0,14,Private room
6144126,502.0,1,1.0,60,Private room
15194815,543.0,2,1.0,81,Private room
785780790149737073,1067.0,2,1.0,12,Entire home/apt
42272228,2853.0,4,2.0,358,Entire home/apt
1434180850567893699,400.0,1,1.0,0,Private room
647044690763131071,1486.0,2,1.0,119,Entire home/apt
53012760,1090.0,2,1.0,56,Entire home/apt
1162357443162061899,1402.0,4,2.0,16,Entire home/apt
1399576688232372482,3683.0,7,3.0,5,Entire home/apt
1443029351442897897,1512.0,4,2.0,10,Entire home/apt
40944031,4598.0,13,4.0,11,Entire home/apt
38386209,2237.0,6,2.0,38,Entire home/apt
52572866,582.0,2,1.0,2,Private room
1396713025787479293,611.0,2,1.0,7,Entire home/apt
39705805,450.0,2,1.0,149,Private room
1444652025612551995,845.0,5,2.0,22,Entire home/apt
1417083975319436799,1312.0,5,3.0,9,Entire home/apt
53464923,570.0,2,1.0,87,Private room
1245044689128428976,582.0,3,1.0,9,Private room
51893784,752.0,2,1.0,58,Entire home/apt
33964571,1099.0,4,2.0,67,Entire home/apt
1076857056066373214,153.0,1,1.0,0,Shared room
44402228,1666.0,14,3.0,5,Private room
24916713,2088.0,4,2.0,148,Entire home/apt
990742368339110093,789.0,2,1.0,4,Entire home/apt
1159717979604172406,1372.0,2,1.0,44,Entire home/apt
12008058,5619.0,4,2.0,79,Hotel room
2444573,1102.0,2,1.0,24,Entire home/apt
1445232172223781379,1483.0,2,1.0,33,Entire home/apt
52918030,733.0,1,1.0,0,Private room
714815412788245307,1443.0,4,2.0,25,Entire home/apt
32591766,450.0,2,1.0,60,Private room
36316339,1126.0,3,1.0,295,Entire home/apt
970979206202060647,3069.0,2,1.0,5,Entire home/apt
930494437162501065,4062.0,2,1.0,9,Entire home/apt
53095958,612.0,3,1.0,36,Private room
1314550026854296039,784.0,3,1.0,32,Entire home/apt
1317589557015850538,3060.0,4,2.0,0,Entire home/apt
754510819384778167,1150.0,3,2.0,45,Entire home/apt
38559645,641.0,2,1.0,2,Private room
1039277980797215283,1973.0,6,3.0,45,Entire home/apt
1296642711739536076,1301.0,2,2.0,6,Entire home/apt
1398910873061154993,972.0,4,1.0,15,Entire home/apt
27480739,1759.0,4,2.0,160,Entire home/apt
45670457,915.0,3,1.0,164,Entire home/apt
1089420736380631378,910.0,2,1.0,32,Entire home/apt
51820053,955.0,2,1.0,22,Private room
1248602364933252706,1544.0,8,2.0,38,Entire home/apt
1263323448232474262,701.0,2,1.0,21,Entire home/apt
34978803,1797.0,4,2.0,139,Entire home/apt
921172795255313565,7736.0,4,3.0,4,Entire home/apt
1016802446833627019,1994.0,3,1.0,133,Entire home/apt
629911289015938699,392.0,3,1.0,2,Private room
48321733,270.0,1,1.0,0,Private room
637972751113816289,1579.0,6,2.0,69,Entire home/apt
53663006,1177.0,4,1.0,8,Private room
906664204053564318,3000.0,16,1.0,0,Private room
1250988803852160285,967.0,4,2.0,86,Entire home/apt
46690881,666.0,2,1.0,33,Private room
652285983301226405,1934.0,6,3.0,8,Entire home/apt
1293890020034390660,6300.0,16,1.0,0,Entire home/apt
1157221492851549784,1355.0,6,2.0,33,Entire home/apt
1006167169492206825,4341.0,6,3.0,40,Entire home/apt
52948949,1033.0,4,1.0,69,Entire home/apt
1175546929316175203,702.0,2,1.0,12,Private room
1044559347351217059,518.0,2,1.0,180,Private room
48209768,1292.0,2,1.0,160,Entire home/apt
1192127838019237622,1791.0,4,1.0,18,Private room
1390116363890297145,1811.0,6,3.0,14,Entire home/apt
612937381022909617,8289.0,16,6.0,71,Entire home/apt
33912126,1257.0,5,2.0,331,Entire home/apt
53154761,2300.0,4,2.0,9,Entire home/apt
34127465,984.0,6,2.0,6,Entire home/apt
1248972294422504363,629.0,2,1.0,16,Entire home/apt
1242270410823874943,1164.0,2,1.0,225,Entire home/apt
25868032,506.0,2,1.0,131,Private room
1097182221929880472,650.0,2,1.0,3,Private room
1192889739316773835,2016.0,9,3.0,55,Entire home/apt
51348811,1179.0,2,1.0,48,Entire home/apt
1018963981948468157,2309.0,3,1.0,28,Entire home/apt
772400173476361322,9785.0,10,4.0,88,Entire home/apt
53476495,1620.0,6,3.0,22,Entire home/apt
1138556131835849684,1369.0,2,0.0,67,Entire home/apt
794820247223725499,320.0,1,1.0,0,Private room
19712271,1539.0,2,1.0,277,Entire home/apt
1112642571550552967,419.0,2,1.0,57,Entire home/apt
859521763524508888,1047.0,5,2.0,77,Entire home/apt
1085783716497992841,495.0,1,1.0,0,Private room
1052874102314225353,1250.0,5,2.0,13,Private room
1260886616120736311,1195.0,4,2.0,27,Entire home/apt
1021228278300790042,687.0,2,1.0,117,Private room
1122547009731514819,699.0,2,1.0,45,Entire home/apt
1494107669920758734,782.0,4,1.0,2,Entire home/apt
52243074,362.0,1,1.0,13,Private room
973965477226374535,867.0,4,2.0,23,Entire home/apt
1310984061024216370,1170.0,2,1.0,6,Private room
818107029061431664,1266.0,4,2.0,98,Entire home/apt
1221854083610252319,1300.0,4,2.0,5,Entire home/apt
1425318961509900576,2448.0,2,1.0,0,Entire home/apt
52029936,988.0,4,2.0,161,Entire home/apt
1253256199144440125,428.0,1,1.0,31,Private room
1465345864032386052,359.0,1,1.0,2,Private room
777668762260186913,1404.0,2,1.0,78,Entire home/apt
1223341157398276545,15307.0,16,8.0,0,Entire home/apt
976260184078678524,654.0,4,2.0,18,Entire home/apt
1129010845710558636,305.0,2,1.0,91,Private room
1919438,1012.0,3,1.0,321,Entire home/apt
1095163597413051858,958.0,2,1.0,59,Entire home/apt
35378879,1445.0,6,2.0,120,Entire home/apt
785714720059114706,1413.0,2,1.0,116,Entire home/apt
1111782053535307427,599.0,2,1.0,83,Entire home/apt
1405268953135560215,720.0,2,1.0,3,Private room
33716213,1093.0,6,3.0,654,Entire home/apt
1308077612131169930,855.0,4,2.0,20,Entire home/apt
47902765,767.0,5,1.0,28,Entire home/apt
1436425782493818668,888.0,1,1.0,3,Private room
17574415,1191.0,2,1.0,83,Entire home/apt
1202994828604600117,720.0,3,2.0,2,Entire home/apt
816758145623999944,1632.0,7,2.0,44,Entire home/apt
44206643,911.0,3,1.0,180,Entire home/apt
46156269,2625.0,2,1.0,0,Private room
684874774522976878,6235.0,4,2.0,54,Entire home/apt
1385054993466653991,1416.0,3,1.0,8,Entire home/apt
47785203,1264.0,4,2.0,14,Entire home/apt
1173576700935539544,1095.0,3,3.0,11,Entire home/apt
1353365609691928348,172.0,1,1.0,1,Shared room
16365524,385.0,1,1.0,312,Private room
10271440,979.0,2,1.0,119,Entire home/apt
766664207517246884,693.0,1,1.0,2,Private room
1509829508524199571,1280.0,2,1.0,0,Entire home/apt
1495287115081135167,763.0,2,1.0,3,Private room
1114251166346423697,800.0,3,2.0,28,Entire home/apt
994228194604723337,425.0,2,1.0,78,Private room
3386326,1539.0,4,2.0,46,Entire home/apt
30452635,1198.0,8,3.0,474,Entire home/apt
2112138,792.0,2,1.0,37,Entire home/apt
53767378,1649.0,4,1.0,83,Private room
1296455946822471089,441.0,3,1.0,8,Private room
844315294142367412,800.0,2,1.0,8,Entire home/apt
14362672,360.0,1,1.0,16,Private room
1450855720077845645,529.0,2,1.0,12,Entire home/apt
1182047773202804360,676.0,4,1.0,81,Entire home/apt
851007023446383278,1595.0,5,2.0,31,Entire home/apt
1426305135819130332,2770.0,16,7.0,0,Entire home/apt
18770807,2024.0,4,2.0,96,Entire home/apt
1478544131146431920,588.0,2,1.0,3,Entire home/apt
607911259432624327,1700.0,5,2.0,54,Entire home/apt
780383774748990827,414.0,2,1.0,99,Private room
41685810,488.0,1,1.0,2,Private room
1129811277434726895,456.0,2,1.0,19,Private room
893137838179100875,1297.0,2,0.0,16,Entire home/apt
1237938488681378289,560.0,3,1.0,18,Entire home/apt
545617811983444071,2853.0,6,3.0,6,Entire home/apt
897081823024775965,333.0,1,1.0,0,Private room
794901213848855468,1365.0,4,2.0,77,Entire home/apt
1151009999571076759,1080.0,2,1.0,10,Private room
927791640993167522,1412.0,3,1.0,30,Entire home/apt
676606203544815520,262.0,1,1.0,3,Private room
41777234,1582.0,2,1.0,11,Entire home/apt
831226564251337416,1046.0,2,1.0,8,Entire home/apt
745110334405587295,700.0,3,1.0,17,Private room
1089426004278475693,438.0,2,1.0,121,Private room
52824244,1066.0,6,3.0,53,Entire home/apt
45206932,3000.0,2,1.0,5,Entire home/apt
22262730,9035.0,16,8.0,154,Entire home/apt
1284339419587705239,559.0,2,1.0,1,Private room
612197320407743604,297.0,1,1.0,3,Private room
1512691417214855704,2219.0,2,1.0,0,Entire home/apt
19914427,1947.0,2,1.0,16,Entire home/apt
1070236449007000751,1440.0,3,1.0,25,Entire home/apt
53131630,354.0,2,1.0,10,Private room
1076869981522649085,1238.0,2,1.0,34,Entire home/apt
947249375700979288,400.0,1,1.0,0,Private room
948014533593307710,1880.0,6,2.0,109,Entire home/apt
11273597,722.0,2,1.0,217,Private room
48301284,718.0,2,2.0,16,Entire home/apt
14489062,2320.0,6,2.0,52,Entire home/apt
832166929737737693,243.0,2,1.0,27,Private room
1235084770044415655,751.0,4,1.0,16,Private room
1294403220472517616,1963.0,4,2.0,3,Entire home/apt
786399338119374130,1903.0,6,2.0,15,Entire home/apt
984908604971413233,966.0,4,1.0,50,Entire home/apt
17653910,340.0,1,1.0,9,Private room
42929288,264.0,2,1.0,4,Private room
1486410957474837722,10683.0,4,2.0,0,Entire home/apt
27636792,675.0,4,2.0,265,Entire home/apt
20728464,1053.0,2,1.0,3,Entire home/apt
1158162452236717941,1200.0,3,2.0,21,Entire home/apt
22910807,1620.0,4,1.0,1,Private room
1269489101995185108,1409.0,5,2.0,34,Entire home/apt
1287768269126938662,539.0,2,1.0,6,Private room
35389735,2928.0,5,2.0,125,Entire home/apt
1503101757951357729,1371.0,2,1.0,0,Entire home/apt
574636407452754140,1199.0,2,0.0,33,Private room
53432946,3016.0,4,2.0,5,Entire home/apt
1424982328092863234,1200.0,4,1.0,0,Entire home/apt
53612780,1537.0,2,1.0,200,Entire home/apt
1201604960350735021,476.0,2,1.0,71,Private room
1190859233321582175,980.0,2,1.0,7,Entire home/apt
504255823943920663,1672.0,2,1.0,19,Entire home/apt
1475565086344771747,1983.0,2,1.0,0,Entire home/apt
28612841,320.0,1,1.0,9,Private room
1067525972749380934,463.0,2,1.0,32,Private room
14710924,550.0,2,1.0,38,Private room
44103053,1482.0,4,2.0,56,Entire home/apt
1237871461145627713,1288.0,2,1.0,50,Entire home/apt
1247361958953069679,836.0,2,1.0,26,Entire home/apt
643640797583488940,1071.0,2,1.0,11,Private room
1237068139328967554,7200.0,1,1.0,0,Private room
1162645796196332514,998.0,3,2.0,29,Entire home/apt
48942501,10269.0,13,7.0,29,Entire home/apt
19950103,608.0,4,2.0,13,Entire home/apt
43206686,2511.0,5,3.0,21,Entire home/apt
981272038976363554,558.0,2,1.0,83,Private room
834243513777900752,500.0,2,1.0,1,Entire home/apt
49257193,1158.0,3,1.0,142,Entire home/apt
869521530420176351,632.0,4,1.0,149,Entire home/apt
1187088677896295430,1822.0,3,1.0,181,Private room
1166901358283319094,1241.0,2,1.0,8,Private room
1071951389928987963,1112.0,5,1.0,155,Entire home/apt
1428356576500904028,1233.0,5,2.0,9,Entire home/apt
795232300292243345,2117.0,4,2.0,94,Entire home/apt
52897994,839.0,2,1.0,11,Entire home/apt
22240715,529.0,3,1.0,276,Entire home/apt
737207810237241781,3500.0,7,4.0,0,Entire home/apt
1395853416796760193,1075.0,4,2.0,5,Entire home/apt
1399397339585823204,6031.0,2,1.0,0,Entire home/apt
22734277,1329.0,2,1.0,118,Entire home/apt
1121182454108780742,2565.0,4,2.0,6,Entire home/apt
41980075,855.0,2,1.0,45,Private room
37326050,6806.0,2,1.0,46,Hotel room
1422838357609557572,5680.0,2,1.0,0,Private room
53949279,5842.0,8,3.0,140,Entire home/apt
29410960,254.0,1,1.0,23,Private room
953153990643240962,697.0,2,1.0,24,Private room
21207483,523.0,2,1.0,26,Private room
51597557,1710.0,4,1.0,64,Entire home/apt
1105814008116647793,916.0,2,1.0,30,Entire home/apt
860287984314007850,743.0,2,1.0,105,Entire home/apt
1184743720199747218,601.0,3,1.0,26,Entire home/apt
51847015,945.0,4,1.0,231,Private room
1416206964454719948,1086.0,2,0.0,18,Entire home/apt
50404628,736.0,2,1.0,113,Entire home/apt
918172418898720470,4781.0,6,3.0,49,Entire home/apt
19660318,450.0,1,1.0,42,Private room
38954767,7562.0,7,3.0,122,Entire home/apt
53463475,860.0,4,2.0,136,Entire home/apt
12223480,1117.0,2,1.0,279,Entire home/apt
1375556092884351343,1639.0,2,1.0,2,Private room
1455896557806470131,364.0,2,1.0,5,Private room
863258621011298260,1276.0,4,2.0,33,Entire home/apt
36642173,833.0,3,0.0,300,Entire home/apt
12932114,2361.0,2,1.0,88,Entire home/apt
879004257973045637,953.0,4,2.0,93,Entire home/apt
702104460419471948,2114.0,3,2.0,49,Entire home/apt
38698115,948.0,5,2.0,76,Entire home/apt
12868857,1288.0,2,2.0,3,Entire home/apt
765115387531216675,2500.0,4,2.0,2,Entire home/apt
1463685980727270433,1109.0,2,1.0,0,Entire home/apt
1040110714840960967,1085.0,4,2.0,23,Entire home/apt
1442442775471561497,1190.0,2,1.0,0,Entire home/apt
741557,1157.0,2,1.0,7,Entire home/apt
33732841,1992.0,6,2.0,312,Entire home/apt
43713007,682.0,2,0.0,90,Private room
852193953766031272,1059.0,4,2.0,29,Entire home/apt
52587041,1190.0,5,2.0,62,Entire home/apt
29157206,813.0,2,1.0,874,Entire home/apt
42411084,389.0,3,1.0,138,Private room
1098841873541053866,855.0,6,3.0,35,Entire home/apt
1009609593465954876,1906.0,4,2.0,95,Entire home/apt
687959824864898814,1618.0,2,1.0,20,Entire home/apt
1508251223914761767,2115.0,7,3.0,0,Entire home/apt
1232067143882605449,1327.0,4,2.0,1,Entire home/apt
1298896276730728932,758.0,2,1.0,11,Private room
752430663609126633,612.0,2,1.0,0,Private room
53595748,1455.0,2,1.0,0,Private room
48532809,497.0,2,1.0,39,Private room
28520107,312.0,1,1.0,23,Private room
1261703390010175904,1620.0,4,1.0,14,Entire home/apt
913036088909257184,1640.0,2,1.0,46,Private room
1183431082893996025,16438.0,2,1.0,0,Private room
1292805835557273281,1045.0,4,2.0,34,Entire home/apt
736685544211388016,675.0,2,1.0,9,Private room
1476862384066014623,800.0,2,1.0,10,Entire home/apt
1130779286420185899,1209.0,4,1.0,12,Entire home/apt
5512602,1249.0,2,1.0,171,Entire home/apt
989223837080171238,361.0,1,1.0,0,Private room
42560489,826.0,2,1.0,4,Private room
9759798,718.0,2,1.0,112,Private room
1275355694671262304,2153.0,3,1.0,50,Entire home/apt
978239391122280027,1658.0,3,1.0,33,Entire home/apt
1016819024457171972,460.0,2,1.0,17,Private room
32206204,630.0,1,0.0,2,Private room
1434873995839567900,4659.0,6,3.0,3,Entire home/apt
715866014673131261,753.0,2,1.0,102,Private room
1147960956890574385,1265.0,2,1.0,24,Entire home/apt
1368816871166989114,745.0,5,2.0,10,Entire home/apt
856044118206508100,5400.0,2,1.0,4,Entire home/apt
12814363,180.0,1,1.0,18,Private room
775966413526471261,1612.0,6,2.0,3,Entire home/apt
904412536042078318,2406.0,6,3.0,35,Entire home/apt
24654866,745.0,5,2.0,512,Entire home/apt
47508343,925.0,3,2.0,9,Entire home/apt
1179076110714833836,796.0,3,2.0,10,Entire home/apt
1488696673420127179,1259.0,6,2.0,0,Entire home/apt
1219882863076745710,720.0,1,1.0,0,Private room
1285794233598016204,731.0,1,1.0,26,Private room
940006423013891310,504.0,3,1.0,12,Entire home/apt
51505210,1440.0,4,2.0,139,Entire home/apt
1208762025242282067,846.0,2,1.0,30,Entire home/apt
1029785321004521851,804.0,4,1.0,26,Entire home/apt
1074170515038544219,585.0,2,0.0,6,Entire home/apt
1499530472239018795,388.0,2,1.0,2,Private room
710291787553971705,606.0,2,1.0,8,Private room
24993168,341.0,2,1.0,37,Private room
1398091382538826591,450.0,1,1.0,0,Private room
680462330468213809,525.0,2,1.0,8,Private room
1268145228391884341,3681.0,3,1.0,16,Entire home/apt
700042799704099444,819.0,2,1.0,92,Private room
43833729,564.0,2,1.0,18,Private room
1363993666158614312,352.0,2,1.0,2,Private room
1479982022070720939,3933.0,2,1.0,0,Private room
11738597,721.0,5,3.0,54,Entire home/apt
659829698515909944,1442.0,4,2.0,103,Entire home/apt
50991887,333.0,2,1.0,48,Private room
653538223925494200,3831.0,8,4.0,4,Entire home/apt
32899927,1624.0,4,1.0,186,Entire home/apt
1470728530627064991,465.0,2,1.0,21,Entire home/apt
1332598706776442894,1057.0,2,1.0,53,Private room
618016171000922207,9800.0,2,1.0,43,Entire home/apt
44596671,3615.0,2,1.0,54,Entire home/apt
34912779,1625.0,4,4.0,0,Entire home/apt
694246099749373340,1883.0,4,2.0,68,Entire home/apt
8408560,473.0,2,1.0,70,Entire home/apt
53942668,634.0,2,1.0,21,Entire home/apt
686500963354234041,877.0,2,1.0,191,Entire home/apt
1076857857474098141,3440.0,8,4.0,11,Entire home/apt
649411674948797370,385.0,2,2.0,59,Private room
41661832,350.0,2,1.0,11,Private room
1499544431357431841,1254.0,6,2.0,4,Entire home/apt
42863564,856.0,2,1.0,1,Private room
1501008706104023374,315.0,1,1.0,4,Entire home/apt
968146279163712262,33600.0,7,3.0,2,Entire home/apt
16976596,1097.0,5,2.0,72,Entire home/apt
836161334873201721,2140.0,2,1.0,5,Private room
913726283762985005,1150.0,2,1.0,85,Entire home/apt
968205783538944259,367.0,1,1.0,25,Private room
14296638,312.0,1,1.0,0,Private room
53642752,7975.0,8,3.0,44,Entire home/apt
595170631713544904,410.0,2,1.0,30,Private room
1228394040230480856,636.0,2,2.0,35,Private room
25977291,744.0,2,1.0,252,Entire home/apt
1925256,1701.0,2,1.0,53,Private room
1261868594102906534,1727.0,4,2.0,42,Entire home/apt
29967925,532.0,2,1.0,194,Private room
1204578347459915029,300.0,1,1.0,18,Private room
1440326052517492531,782.0,2,1.0,4,Entire home/apt
30537467,1018.0,4,2.0,225,Entire home/apt
852980928120092765,500.0,3,1.0,5,Entire home/apt
48980627,2634.0,5,3.0,43,Entire home/apt
1092921294008867056,3555.0,5,2.0,288,Entire home/apt
30124813,500.0,2,1.0,0,Private room
1158860422471220224,571.0,1,1.0,27,Private room
1295214531365333876,1410.0,6,3.0,25,Entire home/apt
844118313505318758,329.0,1,1.0,61,Entire home/apt
42101063,1019.0,2,1.0,2,Private room
20073627,780.0,4,2.0,32,Entire home/apt
1271401078991718918,441.0,2,1.0,29,Private room
19141760,827.0,4,1.0,34,Private room
683968470145626766,595.0,2,1.0,9,Private room
1242275847085575006,1260.0,2,1.0,91,Entire home/apt
1193088033208907912,419.0,2,1.0,22,Entire home/apt
7150076,1715.0,8,2.0,83,Entire home/apt
1513110622820994512,1223.0,6,2.0,0,Entire home/apt
582596078470554414,836.0,2,1.0,41,Private room
715833388386149443,1015.0,2,1.0,4,Private room
1084271607571348708,4764.0,8,3.0,16,Entire home/apt
22377000,300.0,1,5.0,35,Private room
1370542331332767207,929.0,5,2.0,13,Entire home/apt
34135077,1463.0,2,1.0,146,Entire home/apt
599345168672399921,1743.0,4,2.0,19,Entire home/apt
1387135827251508862,1757.0,4,2.0,3,Entire home/apt
51467955,998.0,5,2.0,101,Entire home/apt
1501840359065224127,1018.0,3,0.0,1,Entire home/apt
1496566708894429469,1588.0,3,1.0,6,Entire home/apt
1158885719677935322,2788.0,8,4.0,21,Entire home/apt
12829225,1172.0,3,1.0,181,Entire home/apt
1406793460071934151,547.0,3,1.0,5,Entire home/apt
36850225,1561.0,4,2.0,23,Entire home/apt
559360831111324495,9403.0,3,2.0,3,Entire home/apt
1102475901419744863,1616.0,2,1.0,147,Entire home/apt
1472936223279374612,238.0,2,1.0,2,Private room
1500769159321553704,1046.0,2,1.0,0,Entire home/apt
656532351702518471,1035.0,2,1.0,26,Entire home/apt
863882820223551834,751.0,2,1.0,14,Private room
770576414805120864,544.0,2,1.0,29,Private room
38159108,1860.0,2,0.0,245,Entire home/apt
25428079,158.0,1,1.0,10,Private room
660358143990488534,800.0,1,1.0,2,Entire home/apt
22983125,1183.0,3,0.0,408,Entire home/apt
1034163003564354317,960.0,2,1.0,5,Private room
43333200,774.0,2,1.0,40,Entire home/apt
23574546,747.0,9,3.0,279,Entire home/apt
42562911,300.0,2,1.0,25,Private room
37160127,1100.0,4,2.0,0,Entire home/apt
1479934494594008369,803.0,2,1.0,0,Entire home/apt
33428466,700.0,1,1.0,12,Private room
38778769,866.0,4,1.0,139,Private room
1291460650858223723,637.0,2,1.0,41,Private room
643759738723318723,419.0,2,1.0,283,Entire home/apt
1137803887401145629,1237.0,3,1.0,25,Entire home/apt
776002346198979941,1311.0,4,1.0,43,Entire home/apt
1072410019446426834,895.0,4,2.0,67,Entire home/apt
49040223,172.0,4,2.0,48,Entire home/apt
17773339,331.0,1,1.0,1,Private room
53257822,1986.0,2,1.0,36,Entire home/apt
736434577124400709,11422.0,12,5.0,4,Entire home/apt
54161776,1121.0,3,2.0,24,Entire home/apt
1086217848894993304,580.0,1,1.0,21,Private room
1429885633867845107,771.0,2,1.0,37,Entire home/apt
1177033231111265047,656.0,4,2.0,84,Entire home/apt
16037944,7663.0,16,50.0,5,Entire home/apt
1511223943858552674,3933.0,4,2.0,0,Entire home/apt
15952315,931.0,4,0.0,44,Entire home/apt
33711032,4000.0,2,2.0,28,Entire home/apt
948402833912983184,820.0,2,1.0,43,Private room
712310421672651204,2643.0,5,3.0,42,Entire home/apt
785664454188106884,1367.0,2,1.0,79,Entire home/apt
15134629,838.0,4,2.0,67,Entire home/apt
21840318,1127.0,4,1.0,8,Entire home/apt
1159834946608215593,1155.0,2,1.0,2,Entire home/apt
635555181179663539,810.0,4,2.0,23,Entire home/apt
1061653260375435000,771.0,4,2.0,2,Entire home/apt
49215607,13645.0,10,4.0,68,Entire home/apt
686843235919791900,930.0,4,1.0,143,Entire home/apt
1442203983034002082,1300.0,2,1.0,0,Private room
785009444977796361,972.0,4,2.0,62,Entire home/apt
1132769380361472093,407.0,2,1.0,34,Private room
1212432038966532856,1428.0,4,2.0,91,Entire home/apt
1425610074264138812,3634.0,5,3.0,0,Entire home/apt
44684570,7475.0,4,1.0,66,Entire home/apt
1489081072681768593,1394.0,8,5.0,0,Entire home/apt
990773118582199402,1532.0,4,2.0,144,Entire home/apt
576894685773512398,1760.0,8,2.0,123,Entire home/apt
643551115662623809,1591.0,4,2.0,26,Entire home/apt
1426223153782162290,1183.0,6,3.0,23,Entire home/apt
1118395370579574994,1089.0,6,2.0,81,Entire home/apt
53605859,600.0,2,1.0,91,Private room
36775539,220.0,1,1.0,101,Private room
42205701,1165.0,3,1.0,106,Entire home/apt
994583887175084976,329.0,2,1.0,59,Private room
1371077774418547271,461.0,2,1.0,1,Private room
54259412,575.0,2,1.0,80,Private room
1150810243426456466,1535.0,4,2.0,32,Entire home/apt
903994753655428125,2015.0,4,2.0,26,Entire home/apt
1369975772602164605,1172.0,3,1.0,24,Entire home/apt
40862603,842.0,3,1.0,131,Entire home/apt
13415611,563.0,1,1.0,85,Private room
753195185015699938,1247.0,4,2.0,46,Entire home/apt
547405347067797593,252.0,1,1.0,27,Shared room
854280440113843752,361.0,1,1.0,13,Private room
606340440498831686,650.0,1,1.0,13,Private room
808479908460257812,1461.0,1,1.0,0,Private room
1279014423754641562,973.0,6,3.0,42,Entire home/apt
1127956108077958001,1008.0,4,2.0,30,Entire home/apt
39320596,573.0,6,1.0,2,Private room
30744515,475.0,3,1.0,220,Private room
553099256478263026,2694.0,2,1.0,30,Private room
22587388,410.0,1,1.0,85,Private room
1051715348642918854,2471.0,7,3.0,99,Entire home/apt
1269186386398371560,1211.0,5,3.0,19,Entire home/apt
1457679732992050715,464.0,1,1.0,2,Entire home/apt
579968941725050025,500.0,1,1.0,0,Private room
1013925791863842330,432.0,1,1.0,81,Private room
46797395,1573.0,7,2.0,37,Entire home/apt
936376125772035610,9900.0,16,6.0,14,Entire home/apt
1189750892132723079,1040.0,2,1.0,1,Private room
670954402532369840,4628.0,4,2.0,9,Entire home/apt
38958850,2925.0,9,3.0,0,Entire home/apt
1369705012680864983,276.0,1,1.0,1,Private room
50305243,5400.0,2,1.0,3,Private room
1069610720836416504,1139.0,2,1.0,54,Entire home/apt
1123180950343509608,2368.0,3,1.0,1,Entire home/apt
1440719347084390465,519.0,1,1.0,3,Private room
771919662231888902,7340.0,16,8.0,48,Entire home/apt
1331509760424937804,1746.0,4,2.0,9,Entire home/apt
835672927597909579,421.0,1,1.0,24,Private room
1020994575059343848,946.0,3,1.0,51,Entire home/apt
1379814270520534429,1624.0,6,2.0,6,Entire home/apt
43653301,1160.0,4,2.0,127,Entire home/apt
1447893763065486506,970.0,2,1.0,5,Entire home/apt
1437055507399317376,312.0,1,1.0,2,Shared room
26633803,2847.0,2,0.0,1,Private room
49499404,700.0,4,1.0,0,Entire home/apt
786263924177955470,656.0,2,1.0,105,Private room
46349107,384.0,1,1.0,0,Private room
1487905666268559169,530.0,4,1.0,0,Private room
793631066214230445,10981.0,16,9.0,5,Entire home/apt
1456244481493698523,266.0,2,1.0,2,Entire home/apt
1317540126381711246,4590.0,6,3.0,0,Entire home/apt
1206950587835054333,702.0,2,1.0,18,Private room
1084884590556335276,1200.0,2,1.0,0,Private room
171109,321.0,2,1.0,123,Private room
1151400719404548507,389.0,2,1.0,61,Private room
857285705595913966,3372.0,12,5.0,77,Entire home/apt
21694249,1612.0,4,2.0,315,Entire home/apt
37095453,1867.0,3,1.0,209,Entire home/apt
860508630906443647,2076.0,8,2.0,19,Entire home/apt
665841611666040077,4856.0,6,3.0,109,Entire home/apt
1121792520326552800,1187.0,2,1.0,13,Private room
1125729470431811019,799.0,4,2.0,32,Entire home/apt
950711327236942350,779.0,2,0.0,125,Entire home/apt
1197184331751285570,1592.0,6,2.0,12,Entire home/apt
1340642819384433400,657.0,2,1.0,9,Entire home/apt
1124301728075838392,238.0,2,1.0,4,Private room
1480518996304435457,1042.0,3,1.0,6,Private room
833358711131117335,1039.0,2,1.0,81,Entire home/apt
15813157,350.0,1,1.0,0,Private room
1244286656359695066,1410.0,5,3.0,6,Entire home/apt
1195695292091997314,2520.0,4,2.0,34,Entire home/apt
1018396429455899679,706.0,2,1.0,69,Entire home/apt
684380766665346497,527.0,2,1.0,37,Entire home/apt
52948580,1731.0,6,3.0,163,Entire home/apt
47733646,1248.0,4,2.0,556,Entire home/apt
7002882,232.0,1,1.0,13,Private room
36350458,3388.0,5,2.0,195,Entire home/apt
1445901911969440164,675.0,2,1.0,3,Private room
34179495,3422.0,9,3.0,347,Entire home/apt
51234669,1068.0,4,1.0,4,Entire home/apt
53277280,1730.0,6,3.0,53,Entire home/apt
1418272060118668954,698.0,2,1.0,1,Entire home/apt
1032187592293762864,411.0,2,1.0,65,Private room
54328585,1159.0,4,2.0,47,Entire home/apt
1508316396488977934,1318.0,2,1.0,0,Entire home/apt
1191574064188949206,542.0,4,2.0,14,Entire home/apt
1458016195935617641,750.0,3,1.0,9,Entire home/apt
50571308,1949.0,5,2.0,130,Entire home/apt
673134020795724672,2685.0,2,1.0,123,Entire home/apt
1300293300253200916,1301.0,2,1.0,28,Entire home/apt
1093661232311724401,981.0,5,2.0,14,Entire home/apt
1110953425037778856,2066.0,3,1.0,12,Entire home/apt
1498737809842129640,643.0,2,1.0,1,Entire home/apt
39317234,606.0,2,1.0,7,Private room
811801568298010503,450.0,1,1.0,11,Private room
43024031,3765.0,14,4.0,105,Entire home/apt
54079138,1067.0,3,1.0,201,Entire home/apt
555179456274948407,4928.0,3,1.0,18,Entire home/apt
45469255,740.0,4,2.0,44,Entire home/apt
639501330967219753,2556.0,4,2.0,65,Entire home/apt
1132803743233892402,1929.0,4,2.0,0,Entire home/apt
53157525,1333.0,3,2.0,22,Entire home/apt
634788820987210392,13771.0,16,11.0,41,Entire home/apt
568315380040939741,908.0,2,1.0,15,Entire home/apt
776058486684040432,1249.0,4,2.0,65,Entire home/apt
20520421,640.0,2,2.0,27,Private room
1505253556760507230,585.0,2,1.0,7,Private room
976821048951615247,1203.0,2,1.0,70,Entire home/apt
725596935806143924,2231.0,4,2.0,66,Entire home/apt
10727927,290.0,2,1.0,40,Private room
1236352600428185071,1542.0,6,2.0,28,Entire home/apt
1029685219551150341,1021.0,3,1.0,996,Entire home/apt
1136227367807252375,1398.0,4,2.0,57,Entire home/apt
700639719051731251,500.0,1,1.0,4,Private room
984361418604123700,2811.0,3,1.0,3,Entire home/apt
45701268,1863.0,2,1.0,186,Entire home/apt
797087004970181161,1600.0,4,2.0,30,Entire home/apt
1193522354239550043,1791.0,2,1.0,3,Private room
52739575,954.0,4,2.0,63,Entire home/apt
11885953,774.0,3,1.0,229,Entire home/apt
53495283,1103.0,4,2.0,169,Entire home/apt
1509075947347075877,1816.0,2,1.0,0,Entire home/apt
733502413065131171,695.0,4,2.0,99,Entire home/apt
13110981,1343.0,4,2.0,4,Entire home/apt
823356073389698384,853.0,3,1.0,90,Entire home/apt
747508740240585687,700.0,2,1.0,9,Shared room
4103618,717.0,2,1.0,176,Entire home/apt
31236565,1018.0,4,2.0,18,Entire home/apt
36843482,902.0,2,1.0,155,Entire home/apt
24287835,1557.0,2,0.0,94,Entire home/apt
1461257085387320717,1703.0,3,1.0,4,Entire home/apt
681252032170919524,727.0,2,1.0,46,Entire home/apt
897423803783707070,1043.0,2,1.0,128,Entire home/apt
28738598,1050.0,6,3.0,18,Entire home/apt
1150807242098860371,1250.0,2,1.0,29,Entire home/apt
904287897556331787,4456.0,4,2.0,6,Entire home/apt
910055042100584128,1313.0,3,1.0,40,Entire home/apt
694086441853087672,1816.0,4,1.0,18,Entire home/apt
22194883,1792.0,5,2.0,437,Entire home/apt
1366778349965350587,718.0,4,1.0,19,Entire home/apt
725289300322111762,1465.0,4,2.0,146,Entire home/apt
52843884,3133.0,6,2.0,124,Entire home/apt
1500853706039328917,736.0,2,1.0,3,Entire home/apt
52240001,2160.0,5,3.0,1,Entire home/apt
988612659112088013,3610.0,3,2.0,2,Entire home/apt
10069785,594.0,1,1.0,22,Private room
1409724919153126098,436.0,1,1.0,18,Private room
1406945958844415514,929.0,5,2.0,5,Entire home/apt
988472416519121703,600.0,2,1.0,29,Private room
1471997961735268632,234.0,10,1.0,1,Shared room
1072000345108869010,1363.0,5,2.0,91,Entire home/apt
28075835,1523.0,6,2.0,289,Entire home/apt
47848004,2605.0,4,2.0,135,Entire home/apt
34814520,1708.0,6,3.0,176,Entire home/apt
1416916346932997787,1809.0,2,1.0,2,Entire home/apt
40700002,2629.0,5,2.0,134,Entire home/apt
53230442,3607.0,4,2.0,143,Entire home/apt
974708761781423006,772.0,4,2.0,105,Entire home/apt
1447933502720958800,1736.0,4,2.0,1,Entire home/apt
905042058210312602,1120.0,3,2.0,0,Private room
1346502876272500484,1086.0,4,2.0,64,Entire home/apt
1329855712491620552,800.0,2,1.0,2,Entire home/apt
567489811289479822,1349.0,4,1.0,69,Entire home/apt
45899608,368.0,2,1.0,15,Private room
1013718521379586419,1854.0,4,2.0,7,Entire home/apt
615279646456713362,1311.0,3,1.0,23,Entire home/apt
36387099,1202.0,2,1.0,100,Entire home/apt
1368369044901885374,1739.0,2,1.0,14,Entire home/apt
1466052307654431325,401.0,1,1.0,0,Private room
1024059708232807627,1126.0,3,1.0,6,Private room
1517009038291359373,389.0,2,1.0,0,Private room
19435144,427.0,2,1.0,364,Private room
1495675144486190663,432.0,1,1.0,0,Private room
934912699891353856,3944.0,8,4.0,19,Entire home/apt
39578415,925.0,2,2.0,65,Entire home/apt
1454580984070162367,350.0,1,1.0,0,Private room
1055331673706707955,264.0,2,1.0,0,Private room
881791709606240439,1200.0,2,1.0,2,Private room
1287693214309851805,723.0,2,1.0,10,Entire home/apt
977869631665018075,814.0,2,1.0,52,Private room
19246801,383.0,2,1.0,129,Private room
1189142615535153493,275.0,2,1.0,1,Private room
1338546416879451012,726.0,4,2.0,20,Entire home/apt
930576133018636863,4185.0,2,1.0,0,Private room
45563208,3291.0,4,2.0,9,Entire home/apt
31307837,692.0,4,1.0,9,Hotel room
17347776,2367.0,2,1.0,2,Private room
590908726664076760,1573.0,4,1.0,123,Entire home/apt
48011307,658.0,2,1.0,50,Entire home/apt
25785899,932.0,6,3.0,177,Entire home/apt
45284591,1178.0,2,1.0,17,Entire home/apt
1143084624772790061,4553.0,8,3.0,69,Entire home/apt
48867986,3600.0,2,1.0,1,Private room
1503160164425979104,1922.0,2,1.0,6,Entire home/apt
1421086354957452613,753.0,4,1.0,4,Entire home/apt
48614960,1102.0,2,1.0,123,Entire home/apt
1161616206074425668,1250.0,2,1.0,15,Entire home/apt
1397311225534774413,1750.0,4,2.0,11,Entire home/apt
1272678887009075466,1479.0,4,1.0,2,Entire home/apt
33663277,1871.0,6,2.0,16,Private room
1137804544685269164,1241.0,3,1.0,5,Entire home/apt
1261869920226062416,976.0,2,1.0,1,Entire home/apt
912300781012595520,450.0,1,1.0,2,Private room
38461429,1980.0,5,2.0,32,Entire home/apt
1288676193064695801,2550.0,2,1.0,9,Entire home/apt
983953434651494946,1648.0,4,1.0,26,Entire home/apt
966043592262810546,1700.0,1,1.0,3,Private room
985541838106087635,729.0,3,1.0,28,Entire home/apt
1345815108638819037,1247.0,2,1.0,24,Entire home/apt
1471068896682773862,435.0,3,1.0,12,Entire home/apt
36728509,851.0,3,1.0,27,Entire home/apt
1482994084629979577,2358.0,2,1.0,0,Entire home/apt
35716380,400.0,1,1.0,48,Private room
1467092794523837696,3931.0,4,2.0,0,Entire home/apt
832663736508456246,250.0,1,1.0,0,Private room
831892014035039490,411.0,1,3.0,1,Private room
1373537653573368545,795.0,3,1.0,15,Entire home/apt
24630645,1900.0,5,2.0,1,Entire home/apt
30530005,560.0,2,1.0,47,Private room
1422564820948820024,851.0,4,2.0,12,Entire home/apt
45335248,1772.0,2,1.0,2,Entire home/apt
831812808447599636,1290.0,4,1.0,34,Entire home/apt
48623021,354.0,1,1.0,5,Private room
1285687412472547053,535.0,4,1.0,39,Entire home/apt
1328567774413269585,905.0,2,1.0,17,Entire home/apt
1248038152510103663,1793.0,4,2.0,31,Entire home/apt
549255695101615162,2761.0,2,1.0,0,Private room
1244032440324241132,1635.0,2,1.0,7,Entire home/apt
988590878321371402,765.0,2,1.0,49,Private room
1353872674869183216,1427.0,4,2.0,5,Entire home/apt
858102307319590001,632.0,2,1.0,40,Entire home/apt
53463938,1200.0,2,1.0,70,Entire home/apt
52582252,2204.0,4,2.0,21,Entire home/apt
1255292327665760922,1235.0,1,1.0,3,Private room
1158249129497231771,580.0,2,1.0,41,Private room
1487053308671590254,1704.0,2,1.0,0,Hotel room
1132222050684631369,1281.0,2,1.0,42,Entire home/apt
3624106,774.0,3,1.0,29,Private room
1044177357593305768,2342.0,4,2.0,20,Entire home/apt
600877857995595614,1120.0,3,1.0,89,Private room
33556876,4051.0,7,4.0,229,Entire home/apt
48138395,3325.0,4,2.0,46,Entire home/apt
46334698,1116.0,6,3.0,218,Entire home/apt
1172825335351183777,885.0,4,1.0,44,Entire home/apt
837146175025963557,907.0,2,1.0,0,Entire home/apt
47785071,3046.0,2,0.0,0,Private room
1416756542401837655,1215.0,4,1.0,23,Entire home/apt
577084687644662821,630.0,1,1.0,6,Private room
1508401508560967118,288.0,2,1.0,0,Entire home/apt
736320783509197818,3683.0,8,3.0,85,Entire home/apt
36872067,1254.0,6,2.0,176,Entire home/apt
1109543111201517254,1962.0,8,2.0,23,Entire home/apt
30063299,729.0,3,1.0,322,Entire home/apt
1040900066526498869,620.0,2,1.0,28,Private room
1111523704078974013,1583.0,6,1.0,39,Entire home/apt
805791078787073897,488.0,2,1.0,60,Private room
1440739102422319989,2226.0,4,2.0,11,Entire home/apt
26556101,1065.0,2,1.0,13,Entire home/apt
1434724383684921400,740.0,2,1.0,1,Private room
929968656204683670,345.0,2,2.0,157,Private room
45469172,2303.0,6,3.0,134,Entire home/apt
1216735734898748056,1611.0,4,2.0,29,Entire home/apt
1478385436916069123,352.0,1,1.0,0,Private room
52729414,378.0,1,1.0,12,Private room
1501885077391100982,322.0,2,1.0,2,Private room
1440066016619491481,4336.0,7,4.0,0,Entire home/apt
1290707690851015244,2070.0,3,1.0,38,Entire home/apt
547357923883121506,504.0,2,1.0,9,Private room
1244596842972949645,6939.0,12,3.0,33,Entire home/apt
1119231960654063354,2640.0,16,1.0,0,Entire home/apt
1337777123467772559,2017.0,7,3.0,7,Entire home/apt
54007252,1412.0,4,2.0,38,Entire home/apt
653810945071976783,292.0,2,1.0,45,Private room
735359237816251073,5940.0,16,3.0,35,Entire home/apt
919907582389614653,790.0,2,2.0,11,Entire home/apt
1274033332383908980,1084.0,4,2.0,14,Entire home/apt
1492070052501422967,791.0,2,1.0,1,Entire home/apt
28627420,1738.0,4,2.0,13,Entire home/apt
46223791,850.0,2,1.0,36,Private room
834143531241703935,627.0,4,2.0,43,Entire home/apt
1257236512124925862,679.0,2,1.0,57,Private room
28385767,1535.0,6,4.0,106,Entire home/apt
7842990,1192.0,2,2.0,56,Entire home/apt
817309194738409391,268.0,1,1.0,5,Private room
1515534509846893815,1176.0,5,2.0,0,Entire home/apt
1413064171792947365,227.0,2,1.0,12,Private room
1212642540407320197,534.0,2,1.0,23,Private room
17604553,1253.0,5,3.0,326,Entire home/apt
51326458,648.0,2,1.0,2,Private room
1432684720409574025,1461.0,6,2.0,2,Entire home/apt
895622586509744300,900.0,2,1.0,140,Private room
46455342,1180.0,8,3.0,446,Entire home/apt
1078877460905908073,822.0,2,1.0,2,Entire home/apt
1467449355071553149,1360.0,2,1.0,1,Private room
20067108,1669.0,3,1.0,108,Entire home/apt
1065281102897154711,1463.0,4,2.0,122,Entire home/apt
43477121,567.0,1,1.0,157,Private room
668767639968843168,1400.0,4,2.0,1,Entire home/apt
854345774633938620,355.0,2,1.0,14,Private room
8578441,1150.0,3,2.0,40,Entire home/apt
746607408128953920,1567.0,4,2.0,90,Entire home/apt
903042317630025120,536.0,2,1.0,0,Private room
53212039,684.0,4,2.0,13,Entire home/apt
49730811,708.0,2,1.0,183,Private room
1045837366974007004,2076.0,2,1.0,0,Private room
50171234,880.0,3,1.0,65,Entire home/apt
1439887282739778394,2347.0,5,3.0,0,Entire home/apt
26476676,1843.0,4,2.0,120,Entire home/apt
1387007491749219736,637.0,2,1.0,3,Private room
1147904879927030218,1708.0,2,1.0,79,Entire home/apt
1196531957946587877,1815.0,11,5.0,7,Entire home/apt
1436465182719268163,1050.0,3,1.0,4,Entire home/apt
1352190482877580303,1459.0,4,2.0,4,Entire home/apt
881472615430254056,1338.0,4,2.0,45,Entire home/apt
52905822,360.0,1,3.0,1,Private room
1386642037567884652,600.0,2,1.0,4,Private room
776184249334415174,2233.0,9,3.0,72,Entire home/apt
638872317778086747,512.0,1,1.0,15,Private room
691573845194060594,494.0,4,2.0,276,Entire home/apt
1321674604650037416,650.0,2,1.0,0,Private room
1422121844020939264,350.0,2,0.0,17,Private room
47781924,803.0,4,2.0,558,Entire home/apt
1148990211500508371,719.0,2,1.0,33,Private room
1113054861903925439,1493.0,2,1.0,49,Entire home/apt
600888157195734047,1097.0,2,1.0,13,Entire home/apt
766073233666194481,853.0,2,0.0,107,Entire home/apt
1194505876815027347,279.0,1,1.0,6,Private room
1503943797819898826,5534.0,10,4.0,0,Entire home/apt
1341501943745973864,2234.0,6,2.0,6,Entire home/apt
42294290,663.0,2,1.0,23,Private room
1441788190589819608,1757.0,5,2.0,14,Entire home/apt
1326743655428482605,493.0,4,1.0,26,Private room
1487301133513495207,528.0,1,1.0,1,Private room
929983767662892769,1339.0,2,1.0,17,Entire home/apt
1136976965733113511,925.0,4,1.0,37,Entire home/apt
45068182,1310.0,2,1.0,64,Private room
970978929811465924,3264.0,2,1.0,10,Entire home/apt
1170408775519305680,419.0,2,1.0,112,Entire home/apt
1310991184055956019,3198.0,8,4.0,7,Entire home/apt
1201497841719596122,1546.0,4,2.0,38,Entire home/apt
1181402737296081714,665.0,2,1.0,48,Entire home/apt
1018338859744197559,1900.0,4,2.0,10,Entire home/apt
52923198,1024.0,2,1.0,61,Entire home/apt
1258265678705604163,1907.0,4,2.0,15,Entire home/apt
29990568,12000.0,4,3.0,0,Entire home/apt
1176867170764737432,8428.0,4,2.0,6,Entire home/apt
1102367460856200196,600.0,2,1.0,18,Private room
1513288319836299120,667.0,5,2.0,0,Entire home/apt
558951692249491098,1258.0,4,2.0,168,Entire home/apt
45758009,1304.0,4,1.0,203,Entire home/apt
1495381963579850788,1047.0,2,1.0,5,Entire home/apt
613873336515917141,1274.0,2,1.0,40,Entire home/apt
1442989718286270875,1500.0,2,1.0,0,Private room
1258874292362980675,1314.0,4,2.0,14,Entire home/apt
1431456632389151527,2844.0,2,1.0,7,Entire home/apt
1390920408738130394,773.0,2,1.0,13,Private room
850691624551884487,552.0,2,1.0,65,Private room
17765385,278.0,2,1.0,166,Private room
35616885,2025.0,6,3.0,88,Entire home/apt
1375385093393009609,1865.0,4,2.0,9,Entire home/apt
51987594,470.0,2,1.0,226,Private room
1376871886495411522,1218.0,4,2.0,4,Entire home/apt
46100125,402.0,2,1.0,43,Private room
1181223632116955463,667.0,2,1.0,6,Private room
805847587943804744,1993.0,4,1.0,24,Entire home/apt
39803280,664.0,1,1.0,67,Private room
54313450,971.0,3,1.0,211,Entire home/apt
49791196,1540.0,7,3.0,193,Entire home/apt
1217661485092093266,2022.0,2,1.0,3,Entire home/apt
1455232454972957931,622.0,2,0.0,2,Private room
32366921,1452.0,6,3.0,38,Entire home/apt
1336907623021913355,250.0,6,1.0,6,Shared room
38875670,844.0,4,2.0,20,Entire home/apt
1421212231460078836,451.0,1,1.0,8,Private room
965392864649536809,1666.0,4,2.0,65,Entire home/apt
1451078104553899376,476.0,2,1.0,1,Entire home/apt
51069237,916.0,2,1.0,80,Entire home/apt
53432742,404.0,2,1.0,124,Private room
1163939376518633305,2365.0,3,2.0,21,Entire home/apt
1100401477437534818,2842.0,8,3.0,50,Entire home/apt
1092953508716594403,839.0,2,1.0,380,Entire home/apt
1265362750382652247,1164.0,2,1.0,20,Entire home/apt
1453928702732542358,1099.0,6,3.0,3,Entire home/apt
1505962074513825438,1150.0,4,2.0,0,Entire home/apt
45911328,322.0,2,1.0,62,Private room
10255946,631.0,2,1.0,175,Entire home/apt
837765693680304283,2000.0,4,2.0,69,Entire home/apt
1246048063193393069,2235.0,4,2.0,46,Entire home/apt
1031465535847697412,992.0,2,1.0,39,Entire home/apt
1156167976328687971,1200.0,1,1.0,0,Private room
36037110,639.0,3,1.0,29,Entire home/apt
1414851931374161950,515.0,2,2.0,6,Private room
38539750,910.0,3,1.0,142,Entire home/apt
722480993016117860,3576.0,6,2.0,108,Entire home/apt
46359439,1554.0,2,1.0,186,Private room
1441621338069483832,556.0,2,1.0,0,Private room
1380457148394841473,1963.0,4,2.0,174,Entire home/apt
1094319223635032237,368.0,2,1.0,28,Private room
1330618619107105725,9228.0,4,1.0,0,Entire home/apt
1475452657541126489,203.0,1,1.0,13,Entire home/apt
8897587,2036.0,4,2.0,13,Entire home/apt
1234971753761358467,1350.0,3,1.0,14,Entire home/apt
750015022534061194,462.0,4,2.0,53,Entire home/apt
1506198226775129544,839.0,2,1.0,1,Entire home/apt
53483341,2166.0,5,2.0,90,Entire home/apt
1391493992368619658,333.0,1,1.0,11,Private room
53030084,325.0,1,1.0,32,Private room
1245824527042342870,723.0,4,1.0,7,Entire home/apt
16220104,3675.0,6,3.0,40,Entire home/apt
1380458147354706418,1494.0,2,1.0,665,Entire home/apt
39034022,691.0,4,2.0,46,Entire home/apt
21311657,1093.0,2,1.0,47,Entire home/apt
981252764880035270,724.0,4,2.0,70,Entire home/apt
753752448117605665,809.0,2,1.0,292,Private room
24960308,1077.0,2,1.0,373,Entire home/apt
1075560034927193057,1775.0,4,1.0,32,Entire home/apt
819484430182753407,1710.0,6,2.0,59,Entire home/apt
45494891,465.0,1,1.0,0,Private room
1100377100624469166,2100.0,5,2.0,5,Entire home/apt
47470922,5146.0,4,2.0,94,Entire home/apt
33162428,1170.0,3,2.0,22,Entire home/apt
51753266,1591.0,4,2.0,68,Entire home/apt
1210298588316042584,1090.0,2,1.0,1,Private room
1182666953100669185,758.0,4,2.0,6,Entire home/apt
54332420,395.0,1,1.0,205,Private room
1235213135354634949,1365.0,2,1.0,23,Entire home/apt
575942153354319565,1350.0,3,1.0,89,Entire home/apt
45881322,2043.0,2,1.0,52,Entire home/apt
38406748,606.0,2,1.0,197,Entire home/apt
50379649,458.0,2,1.0,43,Private room
932145117093460015,304.0,1,1.0,17,Private room
1430563688358231335,670.0,3,1.0,3,Private room
1151557874408945137,1480.0,2,1.0,0,Entire home/apt
1158375435458328978,3386.0,8,4.0,42,Entire home/apt
54294516,2058.0,8,4.0,98,Entire home/apt
1239988981482603439,814.0,4,1.0,1,Entire home/apt
31719178,913.0,2,1.0,47,Private room
816962743603177308,3000.0,4,2.0,0,Entire home/apt
590050027781649834,993.0,6,2.0,268,Entire home/apt
1313934454222527067,1462.0,4,2.0,11,Entire home/apt
1111080006347874563,5399.0,8,3.0,44,Entire home/apt
28773374,840.0,3,1.0,282,Entire home/apt
1132838583367866054,1700.0,4,2.0,62,Entire home/apt
27030996,412.0,2,1.0,155,Private room
600058606654604107,6852.0,5,2.0,10,Entire home/apt
603852545322213942,2100.0,6,2.0,33,Entire home/apt
33498681,570.0,2,1.0,92,Private room
1151678958157058329,790.0,4,2.0,9,Entire home/apt
1272458505310704827,984.0,2,1.0,29,Entire home/apt
37044269,2530.0,4,2.0,25,Entire home/apt
18961660,675.0,10,4.0,49,Entire home/apt
818389346583375538,1365.0,2,1.0,50,Entire home/apt
46336183,1186.0,2,1.0,120,Entire home/apt
43769786,668.0,2,1.0,1,Private room
1163964435459810856,735.0,2,1.0,8,Private room
1037719844522311272,172.0,1,1.0,0,Private room
52639824,1248.0,3,1.0,91,Entire home/apt
872158458712871246,726.0,4,1.0,4,Private room
1480601596023112839,941.0,2,1.0,1,Entire home/apt
816945954414997514,1600.0,2,1.0,0,Entire home/apt
9153157,475.0,2,1.0,162,Private room
51838274,1315.0,3,1.0,254,Entire home/apt
21526638,428.0,2,1.0,12,Private room
1516102976637073912,1623.0,2,1.0,0,Private room
898823156589184021,515.0,2,1.0,62,Entire home/apt
668053127544373061,12220.0,16,9.0,1,Entire home/apt
661682546225349478,1235.0,2,1.0,6,Private room
828269398423144755,948.0,2,1.0,60,Entire home/apt
1305215672160417475,2000.0,2,1.0,0,Private room
46195528,1672.0,4,2.0,76,Entire home/apt
1308724648775676996,1963.0,2,1.0,0,Entire home/apt
21531975,504.0,2,1.0,484,Entire home/apt
52388674,2851.0,4,3.0,0,Entire home/apt
811523902957720660,1296.0,4,1.0,0,Private room
20484669,1050.0,2,1.0,89,Private room
18474674,1222.0,3,1.0,143,Entire home/apt
1245170769281606960,1235.0,4,2.0,35,Entire home/apt
1021211015676914832,2536.0,3,1.0,8,Entire home/apt
1364730375685104859,1316.0,2,1.0,10,Entire home/apt
744382241323123131,908.0,2,1.0,41,Entire home/apt
827080963601955422,1258.0,10,3.0,30,Entire home/apt
931378477107092881,239.0,1,1.0,11,Private room
1003749961340353834,1368.0,4,2.0,33,Entire home/apt
812379364802800982,1300.0,2,1.0,0,Entire home/apt
6475335,333.0,2,1.0,114,Private room
16107421,722.0,4,1.0,122,Entire home/apt
13788743,214.0,1,1.0,48,Private room
1104728703356495232,769.0,4,1.0,99,Entire home/apt
913139674648290928,1059.0,4,2.0,44,Entire home/apt
974078897601465813,2955.0,2,1.0,5,Entire home/apt
23965650,1202.0,4,2.0,162,Entire home/apt
1376299970531361667,1045.0,2,1.0,1,Private room
48931980,698.0,1,1.0,0,Private room
47563806,1267.0,2,1.0,91,Private room
997263267330285467,614.0,2,1.0,76,Entire home/apt
950826162726892854,1143.0,2,1.0,15,Entire home/apt
246057,1056.0,2,1.0,313,Entire home/apt
1146526072962621528,1496.0,4,2.0,15,Entire home/apt
44125435,1605.0,2,1.0,37,Entire home/apt
1287906665452244445,460.0,4,1.0,15,Private room
36730636,718.0,2,1.0,42,Entire home/apt
1166005422816473902,4260.0,5,3.0,0,Entire home/apt
54274850,3610.0,15,4.0,60,Entire home/apt
1196281283118697032,4500.0,2,1.0,0,Private room
1168174173941960570,719.0,1,1.0,4,Private room
1487134976232640123,1235.0,3,2.0,0,Entire home/apt
1225324004480276426,469.0,2,1.0,22,Private room
1281966000757436079,980.0,2,1.0,48,Private room
1035808552903374403,548.0,2,1.0,109,Entire home/apt
42668120,1360.0,2,1.0,157,Entire home/apt
1293725668688469420,1230.0,2,1.0,25,Entire home/apt
30693536,688.0,5,2.0,67,Entire home/apt
952901670786829995,466.0,2,1.0,58,Private room
1308733360982476700,1371.0,2,1.0,28,Entire home/apt
1245561729926035547,524.0,2,1.0,14,Private room
1019125793585394415,1577.0,2,1.0,3,Private room
1508001202900197661,540.0,2,1.0,3,Private room
1345339304330948768,841.0,2,1.0,26,Private room
943817299144440225,2189.0,4,2.0,24,Entire home/apt
1506804537485410235,958.0,3,1.0,0,Entire home/apt
33942424,552.0,16,10.0,31,Private room
803546007064511793,1127.0,5,2.0,33,Entire home/apt
1184735839432365964,847.0,6,3.0,7,Entire home/apt
1197452516040260165,1395.0,4,2.0,13,Entire home/apt
1350813915313931416,1135.0,2,1.0,20,Entire home/apt
821202582556703798,521.0,2,1.0,226,Private room
1007970666292646998,1310.0,3,1.0,24,Entire home/apt
970978925201332683,3170.0,2,1.0,2,Entire home/apt
664513410284755635,2347.0,2,1.0,302,Private room
982686722638522687,553.0,3,1.0,75,Entire home/apt
46871082,1035.0,2,1.0,61,Entire home/apt
1112723398840327339,579.0,1,1.0,0,Private room
1306525661302065919,396.0,1,1.0,0,Private room
45469423,928.0,4,2.0,15,Entire home/apt
934748993551413527,1664.0,2,1.0,99,Entire home/apt
1255805274249914783,729.0,1,1.0,10,Private room
1209591611831166908,1031.0,4,1.0,23,Entire home/apt
1206856655508560897,1279.0,3,1.0,61,Entire home/apt
46025713,1091.0,2,2.0,6,Entire home/apt
1205117305227071728,750.0,1,1.0,1,Private room
1179053563900553128,1031.0,2,1.0,1,Private room
952243357543361582,675.0,8,2.0,7,Private room
897418623310740577,1842.0,4,2.0,107,Entire home/apt
686473413732567214,850.0,2,1.0,203,Entire home/apt
929150915255297941,1093.0,2,1.0,11,Private room
30589152,1823.0,2,1.0,282,Entire home/apt
868477016902007890,458.0,1,1.0,18,Private room
25839052,1120.0,2,1.0,41,Entire home/apt
44431087,758.0,5,2.0,123,Entire home/apt
1446031676974264428,1112.0,2,1.0,8,Entire home/apt
823243786677028218,1207.0,2,1.0,76,Entire home/apt
1410860296432859597,591.0,4,1.0,4,Entire home/apt
1138557252581947755,1847.0,2,1.0,43,Entire home/apt
1255476356278418570,2690.0,2,1.0,4,Private room
608577762342395982,1105.0,2,1.0,7,Entire home/apt
1105813518607570969,963.0,2,1.0,22,Entire home/apt
1317532881363892233,4590.0,6,3.0,1,Entire home/apt
13622586,827.0,2,1.0,17,Private room
781057424158382648,10712.0,15,5.0,59,Entire home/apt
1407791170701809478,671.0,2,1.0,7,Entire home/apt
900246338421949125,910.0,4,2.0,19,Entire home/apt
48040960,774.0,2,1.0,86,Private room
1509552397260067461,560.0,2,1.0,0,Private room
22076039,1747.0,2,1.0,338,Entire home/apt
17876817,1093.0,2,1.0,3,Entire home/apt
30641909,808.0,2,1.0,73,Entire home/apt
1090097884055045453,550.0,2,1.0,3,Private room
1071231945660073427,1298.0,3,1.0,12,Entire home/apt
861821981814971940,1188.0,5,2.0,104,Entire home/apt
792275101951035145,963.0,3,1.0,35,Entire home/apt
1003919315715691813,819.0,4,2.0,46,Entire home/apt
1432963285969977402,2461.0,6,3.0,11,Entire home/apt
21996494,684.0,6,3.0,88,Entire home/apt
1353670405989503777,441.0,1,1.0,5,Private room
1130756128978433363,2922.0,8,3.0,17,Entire home/apt
1323189420463314572,1440.0,4,2.0,16,Entire home/apt
1084409672098184511,2444.0,5,2.0,40,Entire home/apt
1344422775360011227,1085.0,6,3.0,7,Entire home/apt
756013467733598139,471.0,5,1.0,40,Entire home/apt
636114151864926129,1496.0,4,1.0,119,Entire home/apt
1101009735100963899,628.0,3,1.0,13,Entire home/apt
33748853,817.0,1,1.0,20,Private room
53188085,1500.0,4,2.0,0,Entire home/apt
46925351,855.0,2,1.0,1,Entire home/apt
1209902016989333736,589.0,1,1.0,6,Private room
659354611817261144,1105.0,4,1.0,97,Entire home/apt
1385017901354863362,540.0,2,1.0,0,Private room
52481672,452.0,4,2.0,0,Entire home/apt
22345103,1749.0,4,1.0,172,Entire home/apt
24357355,573.0,2,1.0,165,Private room
33406296,2843.0,6,3.0,25,Entire home/apt
21107601,1142.0,4,1.0,127,Entire home/apt
52377065,2700.0,4,2.0,39,Entire home/apt
951820608603755575,390.0,2,1.0,79,Private room
41800684,1005.0,4,2.0,64,Entire home/apt
1089454280687987855,1425.0,5,2.0,4,Entire home/apt
42990686,1121.0,5,2.0,72,Entire home/apt
1172657739838421070,1075.0,2,1.0,120,Entire home/apt
1399275240497822096,2958.0,2,1.0,10,Entire home/apt
40261631,690.0,2,1.0,5,Entire home/apt
847874682556731027,721.0,2,1.0,95,Entire home/apt
587139502130027253,819.0,2,1.0,138,Entire home/apt
1449957563097553123,403.0,1,1.0,1,Private room
20088237,1600.0,2,1.0,39,Entire home/apt
28932104,2143.0,8,3.0,107,Entire home/apt
647143720314385912,838.0,4,2.0,54,Entire home/apt
916893332448625117,1228.0,2,1.0,109,Entire home/apt
32165387,360.0,1,1.0,15,Private room
1453874414593338317,14272.0,4,4.0,1,Entire home/apt
46494601,11436.0,10,5.0,96,Entire home/apt
35423582,683.0,2,1.0,157,Entire home/apt
568878380076825629,1260.0,4,2.0,53,Entire home/apt
41270999,320.0,2,1.0,1,Private room
23326074,2016.0,7,2.0,145,Entire home/apt
1379818467285878726,455.0,2,0.0,5,Entire home/apt
1047194694813960391,720.0,5,2.0,26,Entire home/apt
23107833,544.0,2,1.0,29,Private room
15087013,2533.0,7,3.0,210,Entire home/apt
1114000938351466227,637.0,1,1.0,52,Private room
1137933372388124303,2118.0,5,3.0,20,Entire home/apt
938573843306155268,2687.0,5,2.0,0,Entire home/apt
43629747,3640.0,16,1.0,10,Entire home/apt
13301453,1724.0,3,1.0,368,Entire home/apt
861901244531737572,5475.0,8,4.0,96,Entire home/apt
786403870434124861,1360.0,8,3.0,65,Entire home/apt
1136272667479145153,1262.0,2,1.0,26,Entire home/apt
31983971,1068.0,4,2.0,125,Entire home/apt
1500336494587796859,474.0,1,1.0,0,Private room
1471829991090975231,1347.0,3,1.0,12,Entire home/apt
755032284539473108,318.0,1,1.0,156,Private room
19015777,1400.0,4,2.0,24,Entire home/apt
616535215738827757,1989.0,2,0.0,346,Private room
1158436611766755067,1080.0,4,1.0,0,Entire home/apt
1148083527807916776,440.0,1,1.0,3,Private room
1069663394168663102,741.0,4,2.0,35,Entire home/apt
1395139029973777844,485.0,1,1.0,11,Private room
1376500759443411146,332.0,1,1.0,6,Private room
712248804016088171,783.0,4,1.0,74,Entire home/apt
25326247,785.0,2,1.0,160,Entire home/apt
51210875,3319.0,2,1.0,74,Entire home/apt
742282759211664897,763.0,2,1.0,129,Entire home/apt
1377001782843926366,1376.0,4,2.0,6,Entire home/apt
1164660797294556575,931.0,2,1.0,35,Private room
1066245993511790872,640.0,4,2.0,0,Entire home/apt
1179080600373332909,830.0,2,1.0,0,Private room
49947822,960.0,2,1.0,55,Entire home/apt
31515721,453.0,1,1.0,7,Private room
53904385,21264.0,16,10.0,96,Entire home/apt
1060937532763013032,2700.0,2,1.0,0,Entire home/apt
1491169122351090479,153.0,1,1.0,0,Shared room
1288398562800401303,765.0,4,1.0,1,Entire home/apt
1307583953529572501,677.0,2,1.0,2,Private room
13256174,264.0,1,4.0,20,Private room
1024970651740544621,1179.0,5,2.0,22,Entire home/apt
1414191792829164728,1305.0,2,1.0,2,Entire home/apt
708210442700508134,906.0,2,1.0,15,Entire home/apt
964483819175341746,376.0,1,1.0,133,Shared room
1486971180922223895,1237.0,4,2.0,0,Entire home/apt
43835934,2855.0,3,1.0,1,Private room
900998357188677896,789.0,2,1.0,5,Entire home/apt
30720271,9906.0,12,4.0,82,Entire home/apt
1479948647269472754,815.0,2,1.0,1,Entire home/apt
590116902891641748,1030.0,2,1.0,413,Private room
1089441023273683236,1473.0,5,2.0,0,Entire home/apt
50365858,579.0,2,1.0,71,Entire home/apt
567176,212.0,1,1.0,28,Private room
1150972941196305383,13974.0,14,7.0,30,Entire home/apt
943487430869903098,900.0,2,1.0,13,Private room
30694058,533.0,2,1.0,68,Entire home/apt
1040546201451099276,491.0,2,1.0,6,Private room
1271335368731444149,1309.0,4,2.0,22,Entire home/apt
1197888988770004372,886.0,2,1.0,12,Entire home/apt
928221765842455602,548.0,2,1.0,2,Private room
45660082,2070.0,2,1.0,128,Entire home/apt
1182693050682572981,15321.0,16,8.0,3,Entire home/apt
1372712621183147290,450.0,1,1.0,18,Private room
1485730073511440060,1015.0,2,1.0,0,Private room
1350000921498782667,776.0,2,1.0,1,Private room
53659484,618.0,2,1.0,123,Private room
760234869416669927,2100.0,2,1.0,3,Private room
774768276333050679,1414.0,6,2.0,67,Entire home/apt
1137028659700009106,2355.0,10,2.0,24,Entire home/apt
976121635990925643,1800.0,3,3.0,0,Private room
42720200,932.0,6,2.0,109,Entire home/apt
23906388,1165.0,6,2.0,390,Entire home/apt
1405236484456825458,1715.0,4,2.0,2,Entire home/apt
706601143263877992,1210.0,2,1.0,61,Entire home/apt
19637583,1352.0,5,3.0,33,Entire home/apt
1169652306171979188,1418.0,3,1.0,2,Entire home/apt
49385032,930.0,2,1.0,30,Entire home/apt
1287183710345077539,723.0,4,1.0,11,Entire home/apt
1050156601897677113,944.0,2,0.0,8,Entire home/apt
1479189211970789325,2155.0,2,1.0,6,Entire home/apt
19642597,860.0,2,1.0,137,Entire home/apt
629801433113332081,1280.0,2,1.0,3,Private room
15937616,360.0,2,1.0,247,Private room
1202192133407312923,1433.0,4,2.0,25,Entire home/apt
31525431,2226.0,4,2.0,76,Entire home/apt
522522237236263754,571.0,2,1.0,120,Entire home/apt
1212466267232727454,2250.0,4,2.0,9,Entire home/apt
1019893253607457920,447.0,2,1.0,25,Private room
33397722,476.0,2,1.0,63,Entire home/apt
1115267350143743749,1723.0,5,2.0,37,Entire home/apt
51235201,3051.0,4,2.0,0,Entire home/apt
49552781,3545.0,6,3.0,133,Entire home/apt
1511111082796679041,815.0,2,1.0,2,Entire home/apt
27756025,446.0,2,1.0,211,Entire home/apt
1382783090882881426,1800.0,8,2.0,6,Entire home/apt
922470638088067821,829.0,4,2.0,157,Entire home/apt
1429874982037254302,350.0,3,1.0,2,Private room
1379839181312585812,1292.0,2,1.0,18,Entire home/apt
1517422415005525497,558.0,2,1.0,0,Private room
21909114,1648.0,4,2.0,241,Entire home/apt
45732622,858.0,2,1.0,74,Entire home/apt
589048698141665639,453.0,4,2.0,26,Entire home/apt
1445876065888548588,1281.0,4,2.0,7,Entire home/apt
8538889,306.0,2,1.0,97,Private room
41551745,1752.0,6,3.0,211,Entire home/apt
1498629175744316210,9000.0,6,2.0,3,Entire home/apt
665072263669450755,710.0,2,2.0,7,Private room
28732808,641.0,6,1.0,472,Entire home/apt
23749474,475.0,2,1.0,2,Private room
32842342,679.0,3,1.0,207,Entire home/apt
846431530414487355,850.0,2,1.0,0,Private room
1461776097443054807,467.0,2,1.0,3,Private room
51606268,1420.0,7,2.0,110,Entire home/apt
1132754618610318278,2036.0,4,2.0,78,Entire home/apt
53398444,400.0,1,1.0,1,Private room
38383804,511.0,4,2.0,25,Private room
34840332,675.0,1,1.0,2,Private room
1426336958664052984,958.0,4,2.0,27,Entire home/apt
1377300903441150744,2042.0,8,3.0,33,Entire home/apt
1212338527239340122,881.0,4,2.0,32,Entire home/apt
643315530913068538,20683.0,2,2.0,4,Entire home/apt
1327035311352843872,935.0,4,2.0,45,Entire home/apt
1391628555855427549,639.0,2,2.0,40,Entire home/apt
964747689800276534,466.0,4,1.0,44,Entire home/apt
1121873281310068331,1369.0,2,1.0,1,Private room
694259258726121095,1709.0,4,2.0,128,Entire home/apt
953127109781129061,1858.0,4,2.0,44,Entire home/apt
44192750,887.0,4,2.0,92,Entire home/apt
1508184957049955944,2154.0,6,2.0,2,Entire home/apt
1080092519882917830,630.0,2,1.0,26,Private room
52715999,327.0,1,1.0,24,Private room
739843990759705884,1250.0,4,1.0,8,Entire home/apt
14551700,840.0,3,2.0,33,Entire home/apt
600883519028480320,1283.0,3,2.0,38,Entire home/apt
1019667794087347384,1059.0,5,2.0,58,Entire home/apt
33012827,843.0,5,2.0,106,Entire home/apt
1312716527287301357,1272.0,2,1.0,2,Entire home/apt
1440152277877825667,365.0,2,1.0,12,Private room
17867879,2120.0,2,1.0,7,Entire home/apt
53646522,1494.0,7,2.0,56,Entire home/apt
37882191,645.0,4,3.0,28,Entire home/apt
19288431,197.0,2,1.0,3,Private room
992713569493948091,865.0,3,1.0,41,Entire home/apt
1284993997344201985,3630.0,4,2.0,27,Entire home/apt
1151530014425087861,1355.0,3,1.0,35,Entire home/apt
822447836919643057,1296.0,2,1.0,2,Private room
1244937445643444816,711.0,4,2.0,2,Entire home/apt
928417619025420979,662.0,2,1.0,31,Private room
53321416,2954.0,8,3.0,87,Entire home/apt
618811267089301407,1110.0,3,2.0,42,Entire home/apt
1311691841252402458,1063.0,4,1.0,7,Entire home/apt
1242060548902451994,2722.0,3,1.0,30,Entire home/apt
649812021057759050,2289.0,2,1.0,210,Entire home/apt
22087896,5312.0,3,2.0,254,Entire home/apt
41768792,3520.0,8,3.0,33,Entire home/apt
1245139012628235362,4530.0,10,5.0,0,Entire home/apt
36383327,682.0,1,1.0,61,Private room
32843504,353.0,1,1.0,94,Shared room
1313360333432560898,2716.0,6,3.0,46,Entire home/apt
16733694,2299.0,6,3.0,114,Entire home/apt
762226035090969986,396.0,2,1.0,51,Private room
663685152792760351,8208.0,16,1.0,0,Entire home/apt
30157869,542.0,2,1.0,27,Entire home/apt
698137394921096388,815.0,5,2.0,11,Entire home/apt
760840330128362561,1378.0,8,3.0,116,Entire home/apt
1193671569908515693,1276.0,6,2.0,56,Entire home/apt
48149078,773.0,3,2.0,20,Entire home/apt
39987650,819.0,4,3.0,2,Entire home/apt
1448726231963969084,740.0,2,1.0,16,Private room
919155277858125483,939.0,2,1.0,24,Entire home/apt
944396439245519390,1254.0,2,1.0,81,Entire home/apt
1454717713268632710,352.0,1,1.0,0,Private room
1437045773768958302,1502.0,7,2.0,14,Entire home/apt
677498248531671700,1730.0,2,1.0,83,Entire home/apt
741293369357426210,4572.0,8,3.0,85,Entire home/apt
42860396,750.0,2,1.0,1,Private room
42136051,352.0,2,1.0,34,Private room
1208244398823547884,1437.0,4,2.0,25,Entire home/apt
24232769,1028.0,1,1.0,0,Private room
16915970,4864.0,5,2.0,392,Entire home/apt
1269077411359401203,400.0,1,1.0,0,Private room
33708671,1080.0,5,2.0,34,Entire home/apt
778241397110254027,1052.0,2,1.0,25,Entire home/apt
1359556825771303219,387.0,1,1.0,1,Private room
1329690442686436402,969.0,4,1.0,7,Entire home/apt
1118355419421244403,2460.0,8,4.0,18,Entire home/apt
20188236,1300.0,3,1.0,6,Private room
1137821182104445512,810.0,4,2.0,76,Entire home/apt
13688387,692.0,2,1.0,95,Private room
29872978,960.0,2,1.0,19,Private room
53142760,1943.0,2,1.0,253,Private room
904298302101508294,2523.0,4,2.0,6,Entire home/apt
23125673,252.0,1,1.0,82,Private room
848413782629927532,1205.0,2,1.0,119,Entire home/apt
48849159,1597.0,2,1.0,185,Entire home/apt
30401904,690.0,2,1.0,23,Entire home/apt
1233002620815968782,1413.0,4,2.0,46,Entire home/apt
683674486694314402,461.0,6,1.0,15,Private room
13222646,2057.0,4,2.0,0,Entire home/apt
1516754089798891336,1495.0,3,1.0,0,Entire home/apt
27200158,1210.0,4,2.0,174,Entire home/apt
32020993,1100.0,4,3.0,8,Entire home/apt
52386568,5710.0,6,2.0,195,Entire home/apt
44999448,1315.0,2,1.0,50,Entire home/apt
47033194,925.0,2,1.0,111,Entire home/apt
727415386867568368,680.0,2,1.0,24,Private room
37153750,800.0,1,1.0,1,Private room
553607195855420034,792.0,2,1.0,36,Private room
1175755428432881713,343.0,1,1.0,2,Private room
1394191062978027922,1708.0,4,2.0,0,Entire home/apt
848924497208881246,461.0,2,1.0,50,Entire home/apt
1193774530719460236,795.0,4,3.0,0,Private room
326475,750.0,2,1.0,163,Private room
41071441,5000.0,2,1.0,31,Private room
28386749,1205.0,8,2.0,111,Entire home/apt
730481090949372441,1569.0,4,2.0,48,Entire home/apt
1071976872513485868,755.0,4,2.0,46,Entire home/apt
910542250029016237,1358.0,10,3.0,92,Entire home/apt
46602559,1054.0,2,1.0,183,Entire home/apt
1060307896117507748,306.0,2,1.0,5,Private room
1216294495653328148,1980.0,6,3.0,35,Private room
1325591638529615267,390.0,1,1.0,0,Private room
725510809471655634,545.0,2,1.0,93,Private room
933326978017440278,1665.0,4,2.0,46,Entire home/apt
1447436473413594947,2814.0,4,2.0,0,Entire home/apt
2178349,925.0,4,2.0,40,Entire home/apt
26874547,382.0,1,1.0,3,Private room
933243956557706366,3201.0,8,3.0,72,Entire home/apt
1323326868332417899,1782.0,5,2.0,17,Entire home/apt
1248059533577929667,2437.0,4,2.0,0,Entire home/apt
51891926,1132.0,2,1.0,76,Entire home/apt
1366054449815941384,4104.0,8,4.0,1,Entire home/apt
180808,1190.0,2,1.0,62,Entire home/apt
744229709516152722,1982.0,6,3.0,60,Entire home/apt
1338699949970485936,4191.0,2,1.0,0,Entire home/apt
42224748,2579.0,4,2.0,898,Entire home/apt
1316119416543134237,978.0,2,1.0,19,Private room
44318338,523.0,4,0.0,410,Entire home/apt
647733559347002304,900.0,1,1.0,0,Private room
9032963,905.0,4,3.0,271,Entire home/apt
1076175592196261698,262.0,2,1.0,1,Private room
1067218892960671363,1522.0,6,3.0,62,Entire home/apt
1250145496673865510,315.0,2,1.0,2,Private room
1294393102858792745,720.0,5,2.0,0,Private room
1129788061422528593,303.0,2,1.0,135,Private room
22108275,526.0,1,1.0,14,Private room
831347812922954349,355.0,2,1.0,28,Private room
676767143782638232,1069.0,4,1.0,51,Entire home/apt
1335878361657741963,712.0,4,2.0,29,Entire home/apt
41636512,798.0,3,1.0,162,Entire home/apt
1480455839826727366,1335.0,2,1.0,34,Entire home/apt
1479373412828830560,843.0,2,1.0,3,Entire home/apt
558052155450884665,1900.0,16,1.0,1,Private room
1284415423685422213,1105.0,2,1.0,31,Private room
1452930853598818733,1268.0,2,1.0,6,Entire home/apt
1410882261546906509,704.0,4,2.0,7,Entire home/apt
54021447,709.0,2,1.0,90,Private room
1344053225347878437,1889.0,1,2.0,0,Private room
836439521046940235,669.0,2,1.0,54,Private room
42506736,466.0,2,1.0,63,Private room
52668128,1003.0,2,1.0,42,Entire home/apt
878557108463556577,361.0,2,0.0,32,Private room
1471156817961233580,2340.0,2,0.0,0,Entire home/apt
1391340686635721209,1326.0,2,1.0,31,Entire home/apt
923534368164195503,1107.0,4,2.0,82,Entire home/apt
1016181037506793259,1681.0,10,2.0,67,Entire home/apt
1479968134006673799,827.0,2,1.0,2,Entire home/apt
44595407,1605.0,2,1.0,34,Entire home/apt
53411274,637.0,2,1.0,6,Private room
53893692,1637.0,8,3.0,37,Entire home/apt
1427064308120120376,472.0,2,1.0,0,Private room
10546074,765.0,4,2.0,15,Entire home/apt
1257967631668230823,355.0,1,1.0,3,Private room
1340117516659271833,838.0,2,1.0,10,Entire home/apt
876946239252930441,985.0,5,1.0,154,Entire home/apt
708140257141695526,750.0,3,1.0,131,Entire home/apt
1366744101231734005,1305.0,4,2.0,10,Entire home/apt
52483744,300.0,1,1.0,0,Private room
1068544494045568245,380.0,2,1.0,29,Entire home/apt
567510872858660014,481.0,4,2.0,49,Entire home/apt
1382968705315272943,379.0,1,1.0,7,Private room
1361721319831474404,1360.0,2,1.0,0,Private room
24559528,1172.0,2,1.0,93,Entire home/apt
1493544901424941785,5157.0,9,4.0,1,Entire home/apt
673167250685226244,1927.0,4,2.0,75,Entire home/apt
1477578835824423048,3791.0,5,2.0,4,Entire home/apt
26269177,729.0,2,1.0,303,Entire home/apt
1301460596270469898,3143.0,2,1.0,0,Private room
1029084694049967182,2016.0,4,1.0,0,Private room
1212655123043022351,1050.0,4,1.0,9,Private room
49467392,555.0,3,1.0,123,Entire home/apt
1121729706148505995,450.0,1,1.0,0,Private room
39265789,1659.0,2,1.0,22,Entire home/apt
1000110805434249533,1728.0,6,2.0,38,Entire home/apt
1498587645718461899,1229.0,3,1.0,0,Entire home/apt
1397884567079726308,607.0,4,3.0,11,Entire home/apt
1029942132923100892,1986.0,6,3.0,2,Entire home/apt
882047191234853989,680.0,2,1.0,20,Entire home/apt
50569857,2465.0,2,1.0,5,Entire home/apt
987797720549508429,1434.0,2,1.0,118,Entire home/apt
35578506,530.0,2,1.0,79,Entire home/apt
27027708,11250.0,6,2.0,0,Entire home/apt
686668280411958184,6270.0,16,6.0,55,Entire home/apt
973159464785629372,2317.0,6,2.0,57,Entire home/apt
51492159,688.0,2,1.0,100,Private room
19475345,1227.0,2,1.0,187,Entire home/apt
1452278419380798226,1482.0,2,0.0,0,Entire home/apt
560831993268080415,700.0,1,1.0,0,Private room
970354511898948755,796.0,5,3.0,89,Entire home/apt
19568306,796.0,2,1.0,97,Private room
1207144418702278701,1190.0,2,1.0,5,Entire home/apt
19038111,808.0,2,3.0,14,Private room
19801691,621.0,2,1.0,313,Entire home/apt
1239535135488708230,270.0,2,1.0,41,Private room
1490037718826062640,537.0,2,1.0,0,Private room
989364226051587819,3258.0,2,1.0,9,Entire home/apt
730641195344900227,928.0,4,2.0,192,Entire home/apt
53753441,1428.0,2,1.0,169,Entire home/apt
1389542620274700284,1006.0,2,1.0,24,Private room
42444715,890.0,2,0.0,26,Entire home/apt
878664059525816085,262.0,1,1.0,2,Private room
24411852,690.0,4,3.0,2,Private room
7899724,380.0,2,1.0,407,Private room
4942075,275.0,1,1.0,15,Private room
37280274,457.0,2,1.0,4,Private room
1359382861409046589,858.0,4,2.0,11,Entire home/apt
974136942911393572,3010.0,8,4.0,62,Entire home/apt
1369691848051438642,394.0,3,1.0,3,Private room
643395893375177586,832.0,1,1.0,2,Private room
22792907,1241.0,2,1.0,0,Entire home/apt
555205493851799965,2612.0,12,3.0,204,Entire home/apt
15451052,806.0,3,1.0,124,Entire home/apt
53218444,982.0,2,1.0,46,Private room
5750174,1050.0,2,1.0,77,Entire home/apt
999588125486972595,1135.0,5,2.0,53,Entire home/apt
653600628805978575,1700.0,6,2.0,137,Entire home/apt
35157753,350.0,1,3.0,3,Entire home/apt
1039943698508388634,284.0,2,1.0,106,Private room
1390340771892200669,1782.0,4,2.0,5,Entire home/apt
17759068,473.0,1,1.0,149,Private room
1253868005044830299,612.0,2,1.0,43,Entire home/apt
40396170,454.0,2,1.0,705,Private room
17272936,419.0,2,1.0,66,Private room
1130634001041070882,3000.0,4,2.0,1,Entire home/apt
33608001,589.0,4,1.0,26,Entire home/apt
45000161,1536.0,2,1.0,23,Entire home/apt
552123059962622982,540.0,2,1.0,21,Private room
53295118,1392.0,2,1.0,38,Entire home/apt
40622077,826.0,14,2.0,294,Entire home/apt
1509552716163779457,600.0,2,1.0,0,Private room
1263067534500834371,1403.0,2,1.0,5,Entire home/apt
1312039893314463311,1490.0,6,2.0,0,Entire home/apt
40890140,3833.0,11,3.0,8,Entire home/apt
1452974733276709262,1229.0,2,1.0,0,Private room
1115991515659694739,7092.0,2,1.0,1,Private room
1214421617227301628,586.0,2,1.0,51,Private room
796465149869823670,1570.0,6,3.0,95,Entire home/apt
33168138,904.0,6,1.0,9,Entire home/apt
1147965724593771081,1523.0,4,2.0,19,Entire home/apt
35231763,792.0,2,1.0,20,Entire home/apt
1285783461898037021,2564.0,2,1.0,0,Private room
40569749,406.0,1,1.0,220,Private room
1202972723808317521,1215.0,4,2.0,25,Entire home/apt
32081004,808.0,2,1.0,310,Entire home/apt
48470281,1600.0,4,1.0,0,Entire home/apt
1486956101995302856,431.0,3,1.0,2,Entire home/apt
44460824,960.0,4,2.0,33,Entire home/apt
688617562803267848,5745.0,13,5.0,77,Entire home/apt
884173716426455064,1191.0,5,2.0,82,Entire home/apt
1327695804675173301,2574.0,4,2.0,12,Entire home/apt
812934336911885255,1296.0,4,1.0,0,Private room
1324702877052751687,1092.0,3,1.0,24,Entire home/apt
661698163963055315,2425.0,2,1.0,46,Private room
1234115933258403109,1427.0,2,1.0,9,Entire home/apt
1240802853947196939,620.0,2,0.0,31,Private room
1089863975264542579,2205.0,4,1.0,0,Entire home/apt
846418560914458051,677.0,1,1.0,0,Private room
1178329811554973525,565.0,2,1.0,15,Private room
42592420,1102.0,4,2.0,110,Entire home/apt
1145983674450323143,882.0,2,1.0,14,Entire home/apt
14220560,2245.0,4,1.0,131,Private room
893691791880461843,425.0,1,1.0,32,Private room
16971807,370.0,1,1.0,8,Private room
1085707111044518868,353.0,2,1.0,14,Entire home/apt
49051664,1207.0,5,3.0,117,Entire home/apt
775287400706127565,2609.0,2,1.0,1,Entire home/apt
40870297,496.0,2,1.0,9,Private room
1065279833231108040,1254.0,2,1.0,446,Entire home/apt
51597945,857.0,2,1.0,181,Private room
47755798,4840.0,8,3.0,3,Entire home/apt
50701023,771.0,2,1.0,396,Private room
821843700160134989,784.0,1,1.0,1,Private room
777217142293697024,4132.0,4,2.0,32,Entire home/apt
779267650562766347,1107.0,3,1.0,12,Entire home/apt
1262427449069517618,1176.0,3,1.0,25,Entire home/apt
41570454,171.0,2,1.0,28,Private room
1433557503960406408,939.0,2,1.0,1,Entire home/apt
48349204,1719.0,2,1.0,5,Private room
1424931094481232493,1100.0,2,1.0,0,Entire home/apt
35059556,1312.0,2,1.0,582,Entire home/apt
35617592,415.0,1,1.0,105,Hotel room
1483907793130279477,701.0,4,2.0,0,Entire home/apt
1172706265215562186,1142.0,4,2.0,1,Entire home/apt
706450816842104813,937.0,2,1.0,83,Entire home/apt
1516288672504428564,405.0,2,1.0,0,Entire home/apt
1480024623073384688,1852.0,6,2.0,0,Entire home/apt
813544864487441325,1834.0,6,3.0,222,Entire home/apt
1390759544061015521,896.0,4,1.0,41,Entire home/apt
1043022327829624497,425.0,1,1.0,0,Private room
1082572985412713660,2288.0,5,3.0,47,Entire home/apt
54019498,2883.0,8,5.0,42,Entire home/apt
1334879178105544968,530.0,2,1.0,5,Entire home/apt
1222367907421970654,360.0,1,1.0,0,Private room
1147963196718593089,1237.0,2,1.0,53,Entire home/apt
28368030,300.0,4,2.0,0,Private room
48360056,738.0,4,2.0,21,Entire home/apt
16691090,492.0,2,1.0,90,Private room
1417637950447563918,529.0,2,1.0,8,Private room
1309198,450.0,2,1.0,2,Private room
756392625523357508,1500.0,2,1.0,50,Private room
44375313,1286.0,2,1.0,66,Entire home/apt
1466063980209435498,1116.0,4,2.0,5,Entire home/apt
18501974,492.0,2,1.0,155,Private room
1477838542968839556,385.0,2,1.0,0,Entire home/apt
44076008,1348.0,4,2.0,11,Entire home/apt
1511676589136821250,683.0,2,1.0,3,Private room
975340422532156364,977.0,6,3.0,61,Entire home/apt
1371641498000264385,700.0,5,1.0,17,Private room
1098516317521113457,1218.0,6,3.0,66,Entire home/apt
52954876,580.0,2,1.0,27,Private room
8965547,1360.0,2,1.0,51,Entire home/apt
838317161114938687,420.0,4,1.0,28,Private room
1166864820806524833,1182.0,2,1.0,2,Private room
18039706,1608.0,5,2.0,99,Entire home/apt
1499325608241444604,750.0,2,1.0,0,Private room
35573370,1300.0,4,1.0,161,Entire home/apt
1347494533885622809,1082.0,3,2.0,25,Entire home/apt
10906732,651.0,2,1.0,189,Private room
45437923,830.0,2,1.0,162,Entire home/apt
976384076727385402,1659.0,4,2.0,27,Entire home/apt
837133677144499885,708.0,1,0.0,35,Entire home/apt
1279176958952562406,1798.0,2,1.0,13,Entire home/apt
45483535,1178.0,2,1.0,23,Entire home/apt
41478322,792.0,6,2.0,635,Entire home/apt
32045942,590.0,2,1.0,110,Entire home/apt
1188008737960201870,851.0,4,2.0,20,Entire home/apt
1505193913111351100,752.0,2,1.0,1,Entire home/apt
1207544088981319978,1297.0,2,1.0,6,Private room
30250909,1063.0,2,1.0,50,Private room
1486598301071265660,2023.0,7,3.0,1,Entire home/apt
23166035,350.0,3,1.0,104,Private room
1472368457704185599,510.0,3,1.0,12,Entire home/apt
995858454518842682,214.0,2,1.0,18,Private room
971155942562662208,2454.0,5,2.0,33,Entire home/apt
35390386,727.0,4,2.0,18,Entire home/apt
39281974,703.0,4,2.0,3,Entire home/apt
50031006,5089.0,16,4.0,104,Entire home/apt
963119260898039835,515.0,1,1.0,1,Entire home/apt
939966724270766632,1183.0,2,1.0,36,Entire home/apt
21448651,1199.0,4,1.0,12,Entire home/apt
790680064170434018,1859.0,6,3.0,36,Entire home/apt
921123054440963612,360.0,2,1.0,0,Private room
941676185064419217,2876.0,5,3.0,0,Entire home/apt
46225386,498.0,2,1.0,2,Private room
18703660,1360.0,2,1.0,119,Entire home/apt
47568200,733.0,2,1.0,239,Entire home/apt
51399246,1200.0,3,1.0,0,Entire home/apt
1264668762767248379,1112.0,3,1.0,29,Entire home/apt
1296018791477320123,477.0,4,1.0,12,Private room
1195952659094629238,620.0,2,1.0,13,Private room
33910274,6750.0,14,5.0,14,Entire home/apt
41841576,533.0,1,1.0,13,Private room
1172657917434207254,845.0,2,1.0,160,Private room
1265420811571526726,602.0,2,1.0,8,Private room
52968357,760.0,5,3.0,120,Entire home/apt
35204370,1549.0,4,2.0,229,Entire home/apt
1159469155294780667,2113.0,2,1.0,12,Entire home/apt
1260501709209707643,2562.0,6,3.0,48,Entire home/apt
1196231767521761967,512.0,2,1.0,45,Entire home/apt
720095606513270835,13300.0,4,2.0,20,Entire home/apt
50353568,1438.0,5,2.0,79,Entire home/apt
51966727,1180.0,5,2.0,188,Entire home/apt
1065340612508335332,318.0,1,1.0,76,Private room
1379753700396401118,630.0,2,1.0,1,Private room
633194936944074153,380.0,1,1.0,142,Private room
583039,1295.0,4,2.0,144,Entire home/apt
741350356924818605,2268.0,3,1.0,110,Entire home/apt
37528022,340.0,1,1.0,49,Private room
13388026,720.0,4,1.0,26,Entire home/apt
1041233232173315178,916.0,3,1.0,42,Entire home/apt
1133651169654036243,461.0,2,1.0,4,Private room
1209479826932188988,597.0,2,1.0,20,Entire home/apt
1480060097216578706,1161.0,4,2.0,3,Entire home/apt
694762736180124626,1154.0,4,2.0,73,Entire home/apt
1442212003884952561,1400.0,2,1.0,0,Private room
1437385342912496598,672.0,2,1.0,4,Private room
837665950577407330,1391.0,4,1.0,63,Entire home/apt
773080231228257680,410.0,2,1.0,52,Entire home/apt
1477655259840620169,3247.0,5,2.0,2,Entire home/apt
823966034103686485,128.0,5,1.0,46,Shared room
15115514,465.0,6,1.0,160,Private room
958754839810208233,644.0,2,1.0,79,Entire home/apt
1347391944414258395,436.0,2,1.0,1,Entire home/apt
49944657,1822.0,2,0.0,16,Entire home/apt
1450438287340754798,1989.0,6,3.0,5,Entire home/apt
14451129,552.0,1,1.0,11,Private room
1240967922453361818,4474.0,4,1.0,49,Entire home/apt
15221897,1690.0,7,3.0,43,Entire home/apt
1211656216272960575,520.0,2,1.0,2,Private room
565827559061510261,5000.0,1,1.0,0,Entire home/apt
721971837834039936,968.0,2,1.0,36,Entire home/apt
979694298550040548,606.0,2,1.0,109,Entire home/apt
1326278408239350421,675.0,2,1.0,9,Private room
955789040176349213,2168.0,4,2.0,20,Entire home/apt
1031206400004980803,260.0,1,1.0,4,Private room
44064457,225.0,1,1.0,39,Shared room
891595625434041749,827.0,5,2.0,117,Entire home/apt
920664735186066885,854.0,4,2.0,60,Entire home/apt
1466978250176352887,916.0,2,1.0,1,Entire home/apt
1219767165952613108,507.0,2,1.0,12,Entire home/apt
28439961,350.0,2,1.0,63,Private room
1151445378330806124,3004.0,16,5.0,4,Entire home/apt
1459045440976076034,1642.0,5,2.0,2,Entire home/apt
1079134710211030949,648.0,2,1.0,42,Private room
1479359655427037384,813.0,2,1.0,1,Entire home/apt
45314321,150.0,2,1.0,4,Private room
721936421670261189,419.0,2,1.0,118,Entire home/apt
24489058,1180.0,4,2.0,413,Entire home/apt
630921165690765842,675.0,2,1.0,11,Private room
873291239970653775,1350.0,4,2.0,23,Entire home/apt
1418548377398125346,551.0,2,1.0,3,Private room
44462331,1151.0,2,1.0,0,Entire home/apt
1361225599183606116,2250.0,3,2.0,2,Private room
1450873511890754367,1158.0,2,1.0,1,Entire home/apt
1300114478534430473,750.0,1,1.0,21,Private room
52487531,2514.0,8,3.0,124,Entire home/apt
1223537622073813245,630.0,2,1.0,1,Private room
44050656,605.0,2,1.0,170,Private room
34546163,1060.0,2,1.0,245,Entire home/apt
854424467064575753,1455.0,2,1.0,33,Entire home/apt
1272475368004231563,1081.0,2,1.0,9,Private room
1093698432357869998,359.0,1,1.0,29,Private room
983491255187483005,946.0,2,1.0,38,Entire home/apt
1398932094122272872,702.0,2,1.0,14,Entire home/apt
1415442841269763701,1183.0,2,1.0,0,Entire home/apt
655156536797633089,1416.0,2,1.0,0,Private room
1035714019807790153,1611.0,7,2.0,24,Entire home/apt
39469200,2296.0,1,1.0,2,Entire home/apt
36318910,999.0,6,2.0,59,Entire home/apt
825552179385072064,1419.0,6,2.0,111,Entire home/apt
23500896,1093.0,2,1.0,89,Private room
762610733955762294,1719.0,3,1.0,47,Entire home/apt
29157687,1049.0,2,1.0,51,Private room
50132417,941.0,2,1.0,784,Private room
1084963654275138002,225.0,1,1.0,130,Private room
1039303093873639608,1971.0,6,3.0,39,Entire home/apt
1479104926414651774,1254.0,4,1.0,6,Entire home/apt
1343808558835566354,679.0,16,3.0,1,Entire home/apt
1461661511829119174,638.0,2,1.0,1,Private room
22470654,645.0,2,1.0,512,Entire home/apt
1417600943822370435,815.0,6,2.0,2,Private room
31391631,440.0,1,1.0,41,Private room
1473310554561666200,1312.0,4,1.0,5,Entire home/apt
574048128819263184,1539.0,4,2.0,3,Entire home/apt
797074064278862885,300.0,1,1.0,47,Private room
1293704645725436858,1800.0,4,2.0,0,Entire home/apt
9064241,1082.0,4,2.0,55,Entire home/apt
951423483443201330,1645.0,6,2.0,10,Entire home/apt
38901481,855.0,4,2.0,100,Entire home/apt
1182997488972604693,958.0,4,2.0,24,Private room
38124410,1359.0,4,2.0,69,Entire home/apt
686834483143796407,649.0,2,1.0,62,Entire home/apt
782831852959024612,563.0,6,1.0,7,Private room
1398944663182980990,1340.0,4,1.0,11,Entire home/apt
931221891276891371,1092.0,4,2.0,59,Entire home/apt
1509071783047278260,2131.0,8,4.0,0,Entire home/apt
1502317233764785311,423.0,2,1.0,6,Private room
1007240109260395244,1702.0,4,2.0,41,Entire home/apt
13235362,515.0,5,2.0,193,Entire home/apt
1491388069367943717,1667.0,3,2.0,0,Entire home/apt
51304104,910.0,4,1.0,63,Entire home/apt
1356029562415094861,777.0,2,0.0,25,Entire home/apt
1261036700383649668,979.0,2,1.0,16,Private room
871665074370845518,585.0,3,2.0,9,Entire home/apt
50285417,954.0,4,2.0,59,Entire home/apt
805783029868057714,1027.0,2,1.0,24,Entire home/apt
1084296434131245274,759.0,6,2.0,27,Entire home/apt
947352051402766908,279.0,1,1.0,40,Private room
861725825607058119,1492.0,2,1.0,129,Entire home/apt
30289360,900.0,6,1.0,30,Entire home/apt
15630155,1307.0,2,1.0,65,Entire home/apt
860699249317648367,3705.0,6,3.0,136,Entire home/apt
1456210929656085008,415.0,2,1.0,13,Private room
1434665733096108710,1449.0,3,2.0,1,Entire home/apt
1472686218551396692,1690.0,4,2.0,0,Entire home/apt
53075944,1189.0,6,3.0,138,Entire home/apt
1069175171252476793,1024.0,4,2.0,56,Entire home/apt
21515677,1216.0,6,2.0,12,Entire home/apt
38358442,342.0,2,1.0,21,Entire home/apt
35237596,607.0,2,1.0,175,Private room
32876703,1143.0,4,2.0,112,Entire home/apt
1260346322232524366,1196.0,6,2.0,26,Entire home/apt
771131521634656402,663.0,2,0.0,134,Entire home/apt
42279014,2865.0,4,2.0,4,Private room
716820156510655715,1158.0,6,2.0,82,Entire home/apt
52941329,1426.0,7,2.0,220,Entire home/apt
43639440,395.0,4,1.0,14,Private room
6043473,500.0,1,1.0,21,Private room
1120840015730723138,1200.0,2,1.0,21,Entire home/apt
27655589,570.0,2,1.0,93,Private room
48622488,595.0,2,2.0,3,Entire home/apt
1462423471416629831,1143.0,2,1.0,0,Entire home/apt
1103688057810985878,495.0,1,1.0,7,Private room
831192694480921568,1152.0,5,2.0,21,Entire home/apt
30510937,1408.0,6,3.0,96,Entire home/apt
824016853478241801,839.0,3,1.0,99,Entire home/apt
549436083127047709,6400.0,12,4.0,2,Entire home/apt
1361647743982362009,1635.0,4,2.0,12,Entire home/apt
903838207219663321,756.0,6,2.0,9,Entire home/apt
1187095871412752984,708.0,2,1.0,156,Entire home/apt
786265201572297402,950.0,2,1.0,14,Entire home/apt
641952889941986801,1102.0,4,2.0,152,Entire home/apt
1442280247376258925,464.0,2,1.0,3,Private room
21838587,1254.0,5,1.0,6,Entire home/apt
617634205050541154,1398.0,3,1.0,168,Entire home/apt
51062162,1050.0,4,2.0,90,Entire home/apt
1085208727668996633,514.0,2,1.0,132,Private room
711793599096501730,793.0,4,1.0,151,Entire home/apt
1238769911116616677,641.0,2,1.0,9,Private room
37737506,1083.0,3,1.0,145,Private room
23925471,626.0,2,1.0,149,Private room
28884129,845.0,2,1.0,88,Entire home/apt
53248401,816.0,4,2.0,88,Entire home/apt
1206613353342057038,939.0,4,2.0,60,Entire home/apt
1189835819207749655,950.0,2,1.0,4,Private room
668785453648259109,731.0,2,1.0,317,Private room
915434594838876634,1592.0,6,2.0,40,Entire home/apt
1274830009329145092,6635.0,10,4.0,27,Entire home/apt
25554968,1306.0,2,1.0,204,Entire home/apt
38557840,639.0,2,1.0,0,Private room
1470641051658703444,728.0,2,1.0,0,Entire home/apt
569599123879669599,1335.0,3,1.0,117,Entire home/apt
619475495883180844,1433.0,4,1.0,25,Entire home/apt
1472906065089882800,288.0,2,1.0,0,Private room
610776635492348347,1725.0,6,2.0,21,Entire home/apt
1240630730632828101,851.0,2,1.0,17,Private room
1171034559178519957,613.0,4,2.0,108,Entire home/apt
1146696366365447566,792.0,2,1.0,52,Private room
623924190535192869,1200.0,3,1.0,4,Entire home/apt
454693,1678.0,2,1.0,290,Entire home/apt
1510513504011617798,729.0,2,1.0,0,Private room
1435467022233802126,771.0,3,2.0,2,Entire home/apt
1069832130400203516,1168.0,2,0.0,39,Entire home/apt
44226906,1041.0,2,15.0,1,Private room
1285569021318124940,194.0,1,1.0,0,Shared room
54074035,1107.0,2,1.0,252,Entire home/apt
1141355814119333291,344.0,2,1.0,9,Entire home/apt
847413271641446321,5827.0,10,4.0,10,Entire home/apt
1013670798975256592,1745.0,2,1.0,19,Entire home/apt
43754329,990.0,4,2.0,3,Entire home/apt
1215587651867447168,1460.0,5,2.0,37,Entire home/apt
42817158,581.0,4,1.0,74,Entire home/apt
30341250,2850.0,2,0.0,0,Entire home/apt
13916407,1483.0,2,1.0,234,Entire home/apt
13981214,436.0,2,1.0,0,Entire home/apt
1000819475375626368,380.0,1,1.0,58,Private room
18907254,919.0,1,1.0,0,Private room
1399490650781088023,5646.0,2,1.0,0,Entire home/apt
1222732773124606745,2543.0,4,2.0,28,Entire home/apt
899435123934839964,461.0,2,1.0,11,Private room
1188435585186379722,366.0,2,1.0,4,Private room
1302994221361355970,525.0,2,1.0,2,Private room
1175608213160575488,2610.0,2,1.0,8,Private room
37294845,1367.0,2,1.0,415,Entire home/apt
929341106622283464,816.0,7,2.0,70,Entire home/apt
25748003,779.0,4,2.0,33,Entire home/apt
37967504,1976.0,2,1.0,214,Entire home/apt
1515490637490664474,998.0,6,2.0,0,Entire home/apt
654554180728463327,1440.0,2,1.0,0,Private room
52147650,910.0,2,1.0,34,Entire home/apt
44181474,1125.0,4,1.0,46,Entire home/apt
1428167091283770731,1230.0,3,1.0,1,Entire home/apt
45410028,307.0,2,1.0,4,Private room
1082756346424818922,760.0,2,1.0,75,Entire home/apt
653853573215925997,1139.0,2,1.0,44,Private room
20713991,1637.0,8,2.0,410,Entire home/apt
802851598021149171,948.0,2,1.0,45,Private room
1274976228570046111,4526.0,6,3.0,55,Entire home/apt
14352862,3040.0,4,2.0,0,Entire home/apt
41115748,381.0,5,2.0,23,Entire home/apt
902135948468069968,2592.0,5,2.0,13,Entire home/apt
1279973922466628445,476.0,2,1.0,45,Private room
29163386,230.0,1,1.0,5,Private room
36695730,1312.0,5,2.0,74,Entire home/apt
1307480816551700198,990.0,3,1.0,55,Entire home/apt
1062302668785495626,859.0,2,1.0,89,Entire home/apt
783242098355014677,1020.0,3,1.0,1,Entire home/apt
38206109,458.0,1,1.0,9,Private room
868091390445334624,3752.0,4,2.0,71,Entire home/apt
1416733034909782505,2214.0,2,1.0,0,Entire home/apt
1290683156170025150,1800.0,6,3.0,17,Entire home/apt
897328199944126537,1112.0,2,1.0,89,Entire home/apt
17237929,772.0,2,1.0,319,Entire home/apt
1429354812570054503,1496.0,2,1.0,5,Entire home/apt
1231978373257308480,748.0,2,1.0,8,Entire home/apt
1413926345414120678,605.0,2,1.0,4,Private room
23295607,350.0,1,1.0,16,Private room
27550622,1216.0,5,3.0,189,Entire home/apt
1334888223189952724,1349.0,3,1.0,11,Private room
47794454,520.0,2,1.0,17,Private room
728430111952527343,11264.0,4,2.0,56,Entire home/apt
1343766688462264993,396.0,1,1.0,5,Entire home/apt
33718274,1039.0,3,1.0,210,Entire home/apt
1006461446158453612,630.0,2,1.0,32,Entire home/apt
899399995198227902,450.0,2,1.0,17,Private room
52027485,765.0,2,1.0,32,Private room
7047856,510.0,1,1.0,1,Private room
1391376490593169423,754.0,4,1.0,0,Entire home/apt
548604672567790771,1200.0,4,2.0,3,Entire home/apt
1167001278261410305,333.0,2,1.0,4,Entire home/apt
36470459,886.0,2,1.0,132,Private room
1327534108102491702,1924.0,6,2.0,31,Entire home/apt
1514734029614545012,367.0,2,1.0,0,Private room
1368985167362322943,625.0,2,1.0,0,Private room
658971712995581969,1439.0,6,1.0,131,Entire home/apt
1396410438351477486,900.0,4,2.0,30,Entire home/apt
54213169,947.0,2,2.0,40,Entire home/apt
51804279,359.0,2,1.0,62,Private room
1064956618225081660,321.0,6,2.0,73,Entire home/apt
52757327,513.0,1,1.0,36,Entire home/apt
1418474957905500384,453.0,2,1.0,2,Private room
807184531386232624,1466.0,5,2.0,88,Entire home/apt
1431569575069119467,1545.0,3,1.0,8,Entire home/apt
21513004,777.0,4,1.0,470,Private room
691019,1208.0,6,2.0,275,Entire home/apt
1479276509979933174,1294.0,4,1.0,1,Entire home/apt
1026202836608941409,1509.0,4,2.0,55,Entire home/apt
15902072,380.0,1,1.0,22,Private room
613670491628156698,973.0,3,1.0,244,Entire home/apt
44265757,861.0,4,1.0,192,Private room
942885511620298433,1072.0,3,2.0,14,Entire home/apt
783208946035027775,580.0,1,1.0,177,Private room
1304261978049000274,1115.0,4,2.0,1,Entire home/apt
1010501566096486553,833.0,2,1.0,16,Private room
42963622,579.0,2,0.0,1,Entire home/apt
590044703420556783,485.0,2,1.0,170,Entire home/apt
1471393596149551173,582.0,1,1.0,8,Private room
781297433926413740,1286.0,4,1.0,14,Entire home/apt
1379327529227113949,453.0,4,1.0,24,Shared room
46414762,751.0,6,1.0,240,Entire home/apt
953606664049396546,480.0,1,1.0,1,Private room
43637328,240.0,1,1.0,1,Private room
20945344,472.0,2,1.0,147,Private room
1245182388258876943,960.0,2,1.0,1,Entire home/apt
1018315904674086791,531.0,5,2.0,52,Entire home/apt
43769303,668.0,2,1.0,1,Private room
756718914944451139,500.0,1,1.0,13,Private room
1442021904467409148,648.0,2,1.0,1,Entire home/apt
15470456,450.0,1,1.0,11,Private room
40594064,530.0,4,0.0,176,Entire home/apt
1071222247762042138,1016.0,3,1.0,30,Entire home/apt
1321795272085430494,2427.0,6,2.0,14,Entire home/apt
31717145,2764.0,6,2.0,17,Entire home/apt
629625295138496126,1200.0,4,1.0,79,Entire home/apt
1082637928916945623,1908.0,5,3.0,48,Entire home/apt
1274869840472838235,1626.0,4,2.0,28,Entire home/apt
989822705356382054,3077.0,4,2.0,8,Entire home/apt
34653324,339.0,1,1.0,0,Private room
53293956,1476.0,5,2.0,90,Entire home/apt
822375584510390767,1296.0,2,1.0,1,Private room
879258794998660437,972.0,5,2.0,121,Entire home/apt
1467106796623131201,1843.0,10,3.0,4,Entire home/apt
1475747508070786264,692.0,1,1.0,0,Private room
50957140,2238.0,2,1.0,10,Entire home/apt
1486565322760538056,974.0,2,1.0,3,Entire home/apt
51010606,361.0,1,1.0,25,Private room
53229748,540.0,2,1.0,0,Private room
1222688900029271573,2072.0,2,1.0,23,Entire home/apt
851653772457497568,567.0,6,2.0,24,Entire home/apt
1436416879008848286,4017.0,7,3.0,0,Entire home/apt
1182682711087240892,2400.0,4,1.0,0,Entire home/apt
24780622,1220.0,6,3.0,5,Entire home/apt
40384812,427.0,2,1.0,2,Private room
1414750397525113263,2660.0,2,1.0,2,Private room
600698206506070213,603.0,2,1.0,33,Entire home/apt
894101136170373309,1137.0,3,1.0,23,Entire home/apt
45671724,982.0,3,1.0,239,Entire home/apt
1489349879328910665,1065.0,2,0.0,8,Entire home/apt
893616159804909067,979.0,3,0.0,83,Entire home/apt
52454793,1263.0,3,1.0,63,Entire home/apt
958966749668311108,2479.0,2,1.0,55,Entire home/apt
1388607959084541099,200.0,1,1.0,0,Private room
23311871,3074.0,8,4.0,52,Entire home/apt
1508512038054798877,786.0,4,2.0,0,Entire home/apt
45532697,1606.0,2,1.0,8,Private room
1193697709299942625,677.0,2,1.0,39,Entire home/apt
36315597,1077.0,3,1.0,278,Entire home/apt
12543081,1725.0,4,2.0,96,Entire home/apt
43181461,1123.0,5,2.0,94,Entire home/apt
34816228,185.0,2,4.0,0,Private room
1850394,1910.0,4,2.0,329,Entire home/apt
39837942,972.0,6,2.0,148,Entire home/apt
24542010,1365.0,4,2.0,118,Entire home/apt
39522241,1080.0,4,1.0,16,Entire home/apt
7009668,1781.0,2,1.0,40,Entire home/apt
816101500685410130,3071.0,10,4.0,100,Entire home/apt
985789824383675595,896.0,5,2.0,23,Entire home/apt
1118176774826797541,14266.0,4,2.0,0,Hotel room
1490692998977458872,445.0,2,1.0,2,Private room
1211590810472545330,682.0,2,1.0,18,Private room
672499200482671776,8799.0,12,5.0,88,Entire home/apt
1461676005035192395,693.0,2,1.0,1,Entire home/apt
1155342893685312088,1575.0,2,1.0,6,Private room
1452228936905479407,1482.0,2,0.0,0,Entire home/apt
51085655,2193.0,4,2.0,112,Entire home/apt
1472051222629854722,311.0,1,1.0,3,Shared room
1279847117375813174,900.0,6,2.0,59,Entire home/apt
48018265,646.0,2,1.0,51,Entire home/apt
48301806,550.0,2,1.0,223,Private room
923965448190636929,534.0,1,3.0,5,Private room
1360247058052403027,3338.0,4,2.0,9,Entire home/apt
38407967,1613.0,6,2.0,168,Entire home/apt
1150807029945081442,1248.0,2,1.0,36,Entire home/apt
44265863,648.0,2,1.0,342,Private room
4835724,654.0,1,1.0,3,Private room
1210235092362667031,1200.0,2,1.0,4,Private room
1389896935441413410,417.0,1,1.0,1,Private room
41191114,2477.0,3,1.0,196,Entire home/apt
927058772317651108,550.0,2,1.0,0,Private room
31148269,1813.0,6,3.0,92,Entire home/apt
2335400,428.0,1,1.0,24,Private room
1372025485491266058,959.0,2,1.0,5,Entire home/apt
1177161126682876209,279.0,1,1.0,9,Private room
32550366,4603.0,9,4.0,186,Entire home/apt
54068037,1750.0,2,1.0,93,Entire home/apt
1056904329376420374,1025.0,3,1.0,54,Entire home/apt
885760286270596304,638.0,3,1.0,71,Entire home/apt
761802958810124239,1688.0,15,4.0,103,Entire home/apt
49636830,1470.0,2,1.0,90,Entire home/apt
1242269749349413295,1115.0,2,1.0,133,Entire home/apt
48961552,1144.0,6,2.0,227,Entire home/apt
1173275427009640198,13724.0,16,7.0,6,Entire home/apt
1511165472392858646,800.0,2,1.0,1,Entire home/apt
29872130,800.0,2,1.0,25,Private room
19106691,2525.0,12,6.0,161,Entire home/apt
1491414066869977803,1052.0,2,1.0,0,Entire home/apt
14872532,479.0,5,3.0,11,Entire home/apt
1420551743226071730,1133.0,2,1.0,5,Entire home/apt
900181266645940989,2319.0,2,1.0,15,Entire home/apt
741189212332089278,2046.0,4,2.0,27,Entire home/apt
8987064,350.0,1,2.0,0,Private room
779648140780588270,599.0,3,1.0,79,Entire home/apt
51964760,1157.0,3,1.0,22,Entire home/apt
1244269928900855672,720.0,2,1.0,0,Private room
1013835207535746935,627.0,4,1.0,54,Entire home/apt
965105680187313278,761.0,6,0.0,79,Entire home/apt
691152165617399686,1140.0,6,3.0,69,Entire home/apt
1076887814126561302,900.0,5,1.0,19,Entire home/apt
1209545916119858512,16517.0,16,9.0,17,Entire home/apt
800979097564556533,934.0,2,1.0,0,Entire home/apt
1315977341107160790,2075.0,4,2.0,3,Entire home/apt
1511557451323818313,13951.0,12,4.0,0,Entire home/apt
1089260623039156785,23272.0,16,9.0,59,Entire home/apt
904654933175082138,1254.0,5,2.0,12,Entire home/apt
868912136914204649,316.0,1,1.0,214,Shared room
842838121384136838,1738.0,8,3.0,58,Entire home/apt
837649000199291620,1441.0,2,1.0,440,Entire home/apt
1289501833979546735,675.0,2,1.0,11,Entire home/apt
1346586437212891847,1535.0,2,1.0,5,Entire home/apt
33904390,1020.0,4,2.0,177,Entire home/apt
993900785811369008,1000.0,2,1.0,27,Entire home/apt
1417035312960878216,400.0,16,1.0,0,Shared room
3945795,724.0,1,1.0,14,Private room
1209446391098628840,1633.0,4,2.0,34,Entire home/apt
1092411267551537192,998.0,2,1.0,53,Entire home/apt
616099179524415226,984.0,2,1.0,59,Entire home/apt
614059510436340627,1716.0,4,2.0,47,Entire home/apt
904466707913579561,2169.0,2,1.0,79,Entire home/apt
19054142,962.0,2,1.0,6,Private room
624536276766115586,1378.0,4,2.0,82,Entire home/apt
1394275926197122043,525.0,14,1.0,6,Private room
12814059,1321.0,3,0.0,253,Entire home/apt
11081446,1654.0,6,2.0,28,Entire home/apt
568076448835477980,460.0,2,2.0,15,Private room
1131451691936940121,1145.0,4,1.0,41,Entire home/apt
787810211334730629,627.0,2,1.0,109,Private room
1214058368436542673,2173.0,4,2.0,29,Entire home/apt
767377601580976012,1027.0,2,1.0,27,Entire home/apt
736287594082498547,432.0,2,1.0,117,Entire home/apt
43079851,603.0,2,1.0,9,Entire home/apt
960961131244882011,1398.0,4,1.0,3,Entire home/apt
699883786354149523,1528.0,4,2.0,64,Entire home/apt
1112413405439065952,580.0,2,1.0,23,Entire home/apt
54385203,469.0,4,1.0,31,Private room
22754599,1530.0,5,2.0,34,Entire home/apt
1044261269589900244,450.0,2,1.0,2,Entire home/apt
1269765153045177115,1222.0,3,0.0,24,Entire home/apt
1228681771725828587,1092.0,2,1.0,9,Entire home/apt
36781300,976.0,3,1.0,77,Entire home/apt
7264288,391.0,1,1.0,6,Private room
1449423447269323267,360.0,2,1.0,0,Private room
691477366769386743,899.0,5,2.0,74,Entire home/apt
1311034081700303887,858.0,4,2.0,15,Entire home/apt
1451611407624689906,1350.0,3,1.0,0,Entire home/apt
1194392234483702334,990.0,1,1.0,19,Private room
34594539,1650.0,3,1.0,2,Entire home/apt
1390713212697230978,1111.0,2,1.0,14,Entire home/apt
1377024502035734738,2216.0,2,1.0,1,Private room
1195078027668275350,226.0,1,1.0,17,Private room
19390271,1088.0,2,1.0,371,Entire home/apt
1315481830889032544,493.0,2,1.0,0,Entire home/apt
45442855,573.0,1,1.0,90,Private room
1422545648111283195,2938.0,4,1.0,4,Entire home/apt
1381304458936920703,735.0,4,1.0,13,Entire home/apt
768378936184711925,985.0,5,2.0,126,Entire home/apt
28151579,909.0,6,1.0,5,Entire home/apt
31469636,312.0,1,4.0,1,Private room
53131057,950.0,4,1.0,84,Entire home/apt
1423299470082442600,386.0,3,1.0,4,Private room
1343684965974383639,859.0,4,1.0,17,Entire home/apt
1348088191739068991,1355.0,2,1.0,33,Entire home/apt
1273953978836604153,701.0,2,1.0,19,Private room
40617967,854.0,6,3.0,237,Entire home/apt
650681829724716873,2130.0,4,2.0,36,Entire home/apt
1141300580414575173,849.0,4,2.0,9,Entire home/apt
46801306,2983.0,2,2.0,17,Entire home/apt
588476180033608296,2117.0,2,1.0,139,Entire home/apt
861869873952777888,555.0,2,1.0,75,Private room
1011100994716838599,560.0,1,2.0,20,Private room
1031474002046972525,687.0,2,1.0,37,Private room
37148834,922.0,4,1.0,129,Entire home/apt
49294495,477.0,2,1.0,23,Private room
1370587188338532248,998.0,4,1.0,18,Private room
19435125,593.0,2,1.0,221,Private room
899500787715780477,200.0,1,1.0,26,Private room
54056696,2208.0,4,2.0,38,Entire home/apt
1133309771543839533,520.0,2,1.0,11,Private room
714501434597333541,1315.0,4,1.0,57,Entire home/apt
1290302687624377770,814.0,4,1.0,5,Entire home/apt
941676172926373412,3195.0,5,3.0,0,Entire home/apt
1142419885340985455,504.0,2,1.0,0,Private room
1103058234138150049,3408.0,3,1.0,0,Private room
1456633464609509961,625.0,2,1.0,20,Private room
1328365342851343701,485.0,2,1.0,39,Private room
1498025353978150783,388.0,2,1.0,2,Private room
52796301,1151.0,6,2.0,189,Entire home/apt
832560228134835772,1531.0,6,2.0,47,Entire home/apt
770257627731659699,638.0,1,1.0,3,Private room
1141199392862953871,2169.0,2,0.0,0,Entire home/apt
761543518819886044,1610.0,5,3.0,62,Entire home/apt
1408861009613221905,649.0,2,0.0,4,Private room
851571290681560131,1090.0,4,2.0,115,Entire home/apt
729877740332802726,2210.0,5,2.0,76,Entire home/apt
1112348245655183048,829.0,2,1.0,42,Entire home/apt
848567380201682073,1673.0,2,1.0,116,Entire home/apt
719773721730763234,800.0,4,1.0,95,Private room
53278779,1139.0,4,2.0,3,Entire home/apt
823836152923924997,268.0,1,1.0,1,Private room
39083715,1134.0,2,2.0,18,Private room
965415112330195469,2452.0,9,3.0,62,Entire home/apt
27580726,342.0,2,1.0,50,Private room
1232536997796003839,1302.0,2,1.0,3,Entire home/apt
1369703758098258514,435.0,2,1.0,1,Private room
1434423367260153368,751.0,2,1.0,1,Private room
833396401816659002,550.0,2,1.0,14,Private room
1307626006720790738,1574.0,2,1.0,11,Entire home/apt
19038180,3627.0,7,3.0,166,Entire home/apt
815363524720866514,1747.0,5,2.0,90,Entire home/apt
821978753187802028,2216.0,4,2.0,48,Entire home/apt
42298224,416.0,1,1.0,9,Private room
42220947,1300.0,3,1.0,66,Entire home/apt
997953307909018180,1093.0,3,2.0,67,Entire home/apt
33643244,3673.0,2,1.0,1,Private room
1442229920632599146,1400.0,2,1.0,0,Private room
35619572,714.0,2,1.0,404,Entire home/apt
25486365,900.0,4,2.0,47,Entire home/apt
54070962,1045.0,4,2.0,125,Entire home/apt
1173117704928497587,1981.0,12,2.0,111,Entire home/apt
922480407499409569,1964.0,2,1.0,3,Entire home/apt
1050952563158963810,900.0,2,1.0,4,Private room
996554649718791852,1355.0,2,1.0,9,Entire home/apt
703055002755996116,2820.0,7,1.0,22,Entire home/apt
52116596,1210.0,2,1.0,3,Private room
1482011186246266702,1019.0,2,1.0,5,Entire home/apt
22902801,511.0,2,1.0,247,Entire home/apt
1499543306321693638,1753.0,4,1.0,0,Entire home/apt
24334016,1201.0,5,3.0,181,Entire home/apt
944203720511739055,316.0,1,1.0,131,Shared room
39797487,786.0,2,1.0,175,Private room
1102999339705056385,15898.0,16,6.0,9,Entire home/apt
792065284400218516,638.0,2,1.0,14,Private room
1126187085709472151,1458.0,2,1.0,53,Entire home/apt
601464013037841990,1931.0,6,2.0,20,Entire home/apt
990222355676959765,900.0,2,3.0,15,Private room
1492827685493790614,1589.0,2,1.0,0,Entire home/apt
986325412466586688,1635.0,2,1.0,4,Entire home/apt
44062180,2727.0,2,1.0,8,Private room
11551168,405.0,2,1.0,29,Entire home/apt
674567375327824634,698.0,2,1.0,5,Shared room
44102005,1654.0,2,1.0,922,Private room
39105596,1388.0,6,2.0,345,Entire home/apt
1439367155229289308,745.0,1,1.0,2,Private room
21883497,1276.0,3,0.0,320,Entire home/apt
1369676834891912277,393.0,3,1.0,4,Private room
1184745110773237761,941.0,6,3.0,13,Entire home/apt
39114127,3600.0,5,3.0,3,Entire home/apt
1445030541624290936,432.0,2,1.0,4,Private room
1281172695174270720,2014.0,8,2.0,39,Entire home/apt
34888529,742.0,2,2.0,6,Private room
1447152358702400721,1215.0,6,2.0,7,Entire home/apt
4895630,2243.0,4,1.0,160,Entire home/apt
1016681650738454962,2907.0,4,2.0,7,Entire home/apt
43816428,909.0,2,1.0,7,Entire home/apt
37990414,2730.0,3,1.0,72,Entire home/apt
1435783310165192697,526.0,1,1.0,1,Private room
1425614898757093057,304.0,2,1.0,11,Entire home/apt
19779674,477.0,2,1.0,284,Private room
785733929682088997,1125.0,2,1.0,1,Entire home/apt
36306711,1011.0,2,1.0,142,Entire home/apt
46339004,576.0,2,1.0,41,Entire home/apt
1503001824163101357,1528.0,4,2.0,0,Entire home/apt
786911570850060443,1777.0,7,2.0,30,Entire home/apt
735063833462247727,17624.0,16,9.0,9,Entire home/apt
1462716606411291902,1614.0,4,2.0,0,Entire home/apt
1260307968081912290,572.0,2,1.0,10,Private room
21353148,1166.0,2,1.0,64,Entire home/apt
1434267135718033638,3783.0,6,2.0,0,Entire home/apt
1473322998622852145,1430.0,3,1.0,3,Entire home/apt
1024650097859013970,222.0,2,1.0,0,Private room
19390071,1115.0,5,2.0,163,Entire home/apt
1000213736247877632,417.0,2,1.0,3,Entire home/apt
1360248760545257722,405.0,2,1.0,0,Private room
996714307422007989,1313.0,7,3.0,78,Entire home/apt
905380710284548310,1446.0,5,2.0,49,Entire home/apt
745596809639929155,1675.0,2,1.0,49,Entire home/apt
1300348768011215820,1672.0,2,1.0,20,Entire home/apt
576814910889351428,1199.0,2,0.0,19,Private room
12997384,600.0,1,1.0,3,Private room
774103179242428280,359.0,1,1.0,68,Private room
877638366368428752,712.0,2,1.0,119,Entire home/apt
33660339,1615.0,5,2.0,29,Entire home/apt
7886849,325.0,1,1.0,35,Private room
1036238547005949059,1299.0,2,1.0,12,Entire home/apt
32717432,1919.0,5,2.0,121,Entire home/apt
39030622,623.0,2,1.0,353,Private room
41909441,777.0,6,2.0,145,Entire home/apt
42754679,4149.0,6,3.0,20,Entire home/apt
1370395016336775031,800.0,2,1.0,0,Entire home/apt
1490669088463102204,452.0,6,1.0,2,Private room
1375879823403671571,1395.0,16,4.0,5,Entire home/apt
1218306142406644300,764.0,4,2.0,2,Entire home/apt
1182174689399436882,315.0,1,1.0,5,Private room
1325444134077035285,1839.0,4,2.0,18,Entire home/apt
45689324,555.0,2,1.0,219,Entire home/apt
22754043,1327.0,3,2.0,406,Entire home/apt
1306472165044628212,1255.0,2,1.0,11,Entire home/apt
1510085898256331978,834.0,2,1.0,0,Entire home/apt
22906170,720.0,2,1.0,101,Private room
1006692898837178014,1104.0,2,1.0,22,Entire home/apt
1498743178188981650,1092.0,2,1.0,4,Entire home/apt
1122203018496113940,1712.0,3,2.0,0,Entire home/apt
53572553,1892.0,6,3.0,53,Entire home/apt
1497003425238213024,1417.0,2,1.0,0,Private room
1423423315330700852,1966.0,2,2.0,0,Private room
1503118187013382404,382.0,4,1.0,2,Private room
1429109635488127752,500.0,2,1.0,0,Private room
1298130625814611224,4478.0,2,1.0,0,Private room
9512884,544.0,2,1.0,326,Entire home/apt
1157371933544242117,732.0,1,1.0,3,Private room
28609488,1134.0,3,2.0,167,Entire home/apt
660392305037285650,7841.0,12,6.0,97,Entire home/apt
1395079082905196505,4500.0,4,2.0,1,Entire home/apt
1081186424818732575,720.0,2,1.0,10,Entire home/apt
1112758277560066273,1170.0,4,3.0,72,Entire home/apt
37150381,722.0,2,1.0,179,Entire home/apt
53386951,2106.0,4,2.0,2,Entire home/apt
1446857984193250315,988.0,3,1.0,0,Entire home/apt
722545435484235102,1956.0,4,2.0,58,Entire home/apt
953852599434406548,405.0,3,1.0,68,Private room
1504440378963196908,627.0,3,1.0,0,Entire home/apt
1479083629514704909,1376.0,4,1.0,4,Entire home/apt
24216769,884.0,1,1.0,212,Private room
1167689884444571371,855.0,2,1.0,7,Entire home/apt
18175137,573.0,2,1.0,47,Private room
1265909952314034808,315.0,1,1.0,0,Private room
1030483873441484062,500.0,1,1.0,0,Private room
578115765422966429,2095.0,2,1.0,20,Private room
1049333150290406594,1673.0,3,1.0,32,Entire home/apt
583959358675991145,2850.0,6,3.0,58,Entire home/apt
1489207200753978785,1390.0,3,1.0,7,Entire home/apt
1317528048635337156,4080.0,6,3.0,0,Entire home/apt
1204745557808396689,1221.0,4,1.0,42,Entire home/apt
1077134817313785055,765.0,4,2.0,3,Entire home/apt
1471062887487562018,8410.0,10,5.0,0,Entire home/apt
34093463,700.0,4,1.0,86,Entire home/apt
45631918,300.0,1,1.0,0,Private room
1075655298874843926,810.0,2,1.0,7,Entire home/apt
557300261508694577,1474.0,7,2.0,229,Entire home/apt
1133648476537929234,599.0,2,1.0,2,Private room
523796798849403005,1968.0,2,1.0,18,Entire home/apt
1067472672544329421,5400.0,6,2.0,6,Entire home/apt
18061755,810.0,4,2.0,25,Entire home/apt
1145700318942957261,335.0,1,1.0,59,Private room
933505833183244283,1454.0,2,1.0,151,Entire home/apt
1242243986230821592,550.0,3,1.0,7,Private room
9679034,1181.0,2,1.0,51,Entire home/apt
1269025488757475440,1319.0,3,2.0,8,Entire home/apt
1233594815219068901,1505.0,2,1.0,54,Entire home/apt
951367381407544873,1303.0,6,2.0,27,Entire home/apt
1449492089654045062,1277.0,10,4.0,5,Entire home/apt
754944737302008904,1151.0,2,2.0,89,Entire home/apt
1502194553705780415,836.0,2,1.0,1,Private room
573269749752217020,475.0,2,1.0,52,Private room
25810783,610.0,4,1.0,234,Entire home/apt
48758565,3059.0,4,2.0,26,Entire home/apt
39973148,1327.0,6,2.0,89,Entire home/apt
844411550050606318,1000.0,5,1.0,3,Private room
22018842,2133.0,6,3.0,141,Entire home/apt
1511536342949944200,743.0,3,2.0,0,Entire home/apt
755198377455774468,3152.0,6,3.0,92,Entire home/apt
724628905400533223,1407.0,4,1.0,114,Entire home/apt
52407885,1179.0,4,1.0,239,Entire home/apt
1153097369582328645,305.0,2,1.0,136,Private room
549354614301121412,509.0,2,1.0,70,Private room
900136521764174623,716.0,2,1.0,100,Entire home/apt
48329499,621.0,1,1.0,1,Private room
577075807843865828,630.0,1,1.0,7,Private room
39969060,1691.0,6,2.0,527,Entire home/apt
886432524667995362,2165.0,4,2.0,56,Entire home/apt
1066704958718582570,1696.0,7,4.0,51,Entire home/apt
1021146257869461465,702.0,2,1.0,36,Private room
663222940224147280,1071.0,2,2.0,27,Entire home/apt
1170548849956566352,809.0,4,2.0,35,Entire home/apt
943601335417782697,597.0,3,1.0,76,Entire home/apt
37388414,563.0,2,1.0,15,Private room
1174608437875504347,994.0,4,2.0,3,Entire home/apt
1329715455869148673,508.0,1,1.0,13,Private room
16916168,4302.0,5,2.0,304,Entire home/apt
51046153,3289.0,4,1.0,1,Private room
14824574,539.0,3,1.0,350,Entire home/apt
1394438209686804373,1878.0,5,2.0,12,Entire home/apt
686403442247698602,1663.0,4,1.0,58,Entire home/apt
24993181,754.0,2,1.0,330,Entire home/apt
6065186,705.0,1,1.0,23,Private room
22192672,373.0,2,1.0,5,Private room
48619938,2484.0,3,1.0,100,Entire home/apt
47392693,635.0,3,1.0,42,Private room
20930137,3733.0,2,1.0,62,Entire home/apt
1491749423240918393,1327.0,3,1.0,14,Entire home/apt
1079732272764523860,1745.0,3,2.0,43,Entire home/apt
631350731075158894,2430.0,4,3.0,0,Entire home/apt
807347946164252657,1836.0,8,2.0,38,Entire home/apt
46794739,1111.0,4,2.0,152,Entire home/apt
1191444145619005430,396.0,2,1.0,26,Private room
1115987636801388885,1273.0,4,2.0,24,Entire home/apt
17718209,586.0,3,1.0,229,Entire home/apt
1403168,674.0,2,1.0,2,Private room
1156907015465491384,468.0,1,1.0,9,Private room
1308768675793704612,315.0,1,1.0,6,Private room
30232832,228.0,2,2.0,15,Private room
1426243622912472916,1068.0,3,2.0,7,Entire home/apt
781880034527845662,1313.0,2,1.0,176,Entire home/apt
1509012687204783715,557.0,4,1.0,0,Private room
31383590,452.0,1,1.0,127,Private room
1174444137023593322,568.0,4,2.0,33,Entire home/apt
818081828384095465,418.0,2,1.0,31,Private room
18477234,595.0,2,1.0,204,Private room
1133778760520867799,343.0,1,1.0,129,Private room
707509146663338229,1189.0,5,2.0,146,Entire home/apt
26812336,990.0,2,1.0,800,Entire home/apt
1300018826829724924,2218.0,5,2.0,40,Entire home/apt
649482633167433280,1713.0,2,1.0,81,Private room
21399450,1264.0,3,1.0,12,Entire home/apt
824702822109204888,1600.0,4,2.0,12,Entire home/apt
588444222660171364,1587.0,2,1.0,88,Entire home/apt
1272652076489896869,1094.0,3,1.0,15,Entire home/apt
572698980620442723,606.0,2,1.0,0,Private room
30693922,959.0,2,1.0,12,Entire home/apt
1174183706327270701,1550.0,2,1.0,108,Entire home/apt
32842972,311.0,1,1.0,23,Shared room
890257226567107531,780.0,3,2.0,13,Entire home/apt
716046258830500225,783.0,2,1.0,37,Entire home/apt
1280518322992735079,1064.0,2,1.0,37,Entire home/apt
51024657,2111.0,6,2.0,113,Entire home/apt
11491144,10165.0,16,10.0,0,Hotel room
839211949463744193,1566.0,2,1.0,55,Entire home/apt
758830188028237731,744.0,2,1.0,94,Entire home/apt
51606102,537.0,4,1.0,115,Entire home/apt
816552496271801738,1488.0,4,2.0,43,Entire home/apt
52087772,6925.0,8,3.0,91,Entire home/apt
30961955,310.0,2,2.0,21,Private room
1417623107242446721,315.0,2,1.0,0,Private room
29522514,1495.0,4,1.0,80,Entire home/apt
1199644918653705438,738.0,2,1.0,16,Entire home/apt
15553735,1318.0,2,1.0,18,Private room
1116819938386320474,1096.0,2,1.0,39,Entire home/apt
50913477,627.0,2,0.0,130,Entire home/apt
1436409488728052325,338.0,1,1.0,0,Shared room
1478621776883639523,1041.0,4,2.0,6,Entire home/apt
1399479348742434216,746.0,4,2.0,3,Entire home/apt
11927519,3051.0,8,4.0,170,Entire home/apt
1435049495688852488,1042.0,4,2.0,15,Entire home/apt
37659835,1182.0,4,1.0,217,Entire home/apt
1484732302037687501,2078.0,10,4.0,0,Entire home/apt
625498208411701137,1503.0,2,1.0,9,Private room
990004773874655895,2319.0,4,2.0,106,Entire home/apt
925390835372056713,1262.0,2,1.0,76,Entire home/apt
1452938315374970213,1243.0,6,2.0,4,Entire home/apt
37269150,1100.0,4,2.0,231,Entire home/apt
737059755824151400,997.0,2,1.0,62,Entire home/apt
734945829797632916,718.0,2,1.0,101,Entire home/apt
904301581150498018,2494.0,4,2.0,5,Entire home/apt
731298024849216695,565.0,2,1.0,1,Private room
576962599437203273,238.0,1,1.0,6,Private room
3916192,2721.0,4,1.0,509,Entire home/apt
29037729,1400.0,10,5.0,27,Entire home/apt
31446333,641.0,4,1.0,73,Entire home/apt
837777970960910350,769.0,2,1.0,4,Entire home/apt
862390269987397521,1537.0,2,1.0,68,Entire home/apt
1270000124550299562,1941.0,4,2.0,17,Entire home/apt
1162402277381137543,246.0,1,2.0,9,Private room
15553892,1566.0,2,1.0,7,Private room
1405360706981954443,830.0,5,2.0,3,Entire home/apt
1219778983885913242,7880.0,12,6.0,12,Entire home/apt
17981989,634.0,4,2.0,262,Entire home/apt
17423091,1280.0,1,2.0,0,Entire home/apt
654489997372490309,2233.0,4,2.0,131,Entire home/apt
1468993699095122754,576.0,2,1.0,8,Private room
1496616868081259073,3270.0,16,8.0,1,Entire home/apt
1044329818331257388,2522.0,4,2.0,59,Entire home/apt
1328478482181116499,945.0,2,1.0,20,Entire home/apt
1239971706377143808,2277.0,6,2.0,11,Entire home/apt
1226879744793695523,3080.0,8,4.0,4,Entire home/apt
988730117824990207,450.0,1,1.0,5,Private room
53012169,28000.0,16,1.0,0,Entire home/apt
654282858032120966,1856.0,5,2.0,39,Entire home/apt
1037869932307627028,548.0,2,1.0,7,Entire home/apt
18773477,810.0,4,2.0,571,Entire home/apt
1431163718741200073,2363.0,5,2.0,6,Entire home/apt
665390750830821834,1192.0,5,2.0,125,Entire home/apt
12807418,608.0,2,1.0,119,Private room
1370057137517495536,207.0,1,1.0,10,Shared room
46901093,262.0,1,1.0,0,Private room
979005161153850072,1810.0,2,1.0,5,Private room
23772159,2232.0,8,2.0,1,Entire home/apt
30349415,450.0,2,0.0,0,Private room
1232102115392660007,1528.0,2,1.0,0,Private room
1111705711096746137,1584.0,2,1.0,194,Entire home/apt
10874497,855.0,4,1.0,90,Entire home/apt
1431245046420192070,965.0,2,1.0,11,Entire home/apt
53404245,743.0,2,1.0,51,Entire home/apt
1124435417493956812,2508.0,2,1.0,0,Entire home/apt
1329216484039838694,66.0,1,1.0,0,Shared room
18749233,1419.0,2,1.0,187,Entire home/apt
49856106,536.0,2,1.0,67,Private room
1327761094457054000,450.0,2,1.0,5,Private room
1051348195442282178,832.0,4,1.0,0,Entire home/apt
1182725093001596200,12533.0,2,1.0,0,Private room
52116164,1215.0,2,1.0,17,Private room
43611703,422.0,2,1.0,156,Private room
1500094942179378505,380.0,2,1.0,2,Private room
679955292054614267,2161.0,4,2.0,55,Entire home/apt
31001798,3510.0,16,4.0,337,Entire home/apt
688899631526268249,598.0,3,1.0,7,Entire home/apt
638574122249900737,2796.0,6,3.0,158,Entire home/apt
1114065147133416277,720.0,1,1.0,10,Private room
53545459,1050.0,2,1.0,21,Private room
1434737124096931558,365.0,2,1.0,0,Private room
600861787605039883,814.0,1,1.0,40,Entire home/apt
32184659,288.0,2,1.0,2,Private room
46089394,777.0,2,1.0,19,Entire home/apt
1110232938884458290,495.0,2,1.0,15,Private room
1005862481712752978,1106.0,4,2.0,48,Entire home/apt
38581870,729.0,3,1.0,1,Private room
40432139,925.0,3,1.0,68,Entire home/apt
1197953740358575091,810.0,2,1.0,8,Private room
663661566768527634,2031.0,3,2.0,23,Entire home/apt
749467993394753634,900.0,4,2.0,90,Entire home/apt
1171866502368729545,675.0,2,1.0,7,Entire home/apt
40487571,962.0,3,1.0,7,Entire home/apt
900036870415289029,890.0,10,2.0,31,Entire home/apt
32337466,1470.0,4,2.0,47,Entire home/apt
1145749224526651601,1451.0,2,1.0,2,Entire home/apt
52585165,625.0,2,1.0,102,Private room
40897434,770.0,4,4.0,0,Private room
1372021541387105050,900.0,2,2.0,5,Entire home/apt
1435800283812304363,527.0,2,1.0,7,Private room
1184744712459148481,941.0,6,2.0,4,Entire home/apt
1088112290971610484,701.0,4,2.0,70,Entire home/apt
13561758,1440.0,3,1.0,196,Entire home/apt
1506571153911729285,1000.0,2,1.0,0,Entire home/apt
1229174708790495732,1503.0,2,1.0,67,Entire home/apt
899306916813123322,510.0,2,1.0,9,Private room
19751200,790.0,4,2.0,138,Entire home/apt
1416256045993089718,315.0,2,1.0,24,Private room
1270397592049161444,9248.0,12,5.0,14,Entire home/apt
1190044026856464803,751.0,2,2.0,0,Private room
1120558581948503739,2875.0,6,3.0,86,Entire home/apt
18472952,792.0,2,1.0,478,Entire home/apt
41641899,856.0,2,1.0,133,Private room
18977757,943.0,2,1.0,20,Private room
27575944,280.0,2,1.0,3,Private room
1171989474528216611,342.0,1,1.0,7,Private room
729256519573319326,1170.0,2,1.0,11,Private room
50053207,1115.0,2,1.0,74,Entire home/apt
42604489,1138.0,6,2.0,85,Entire home/apt
930474268329580381,6873.0,2,1.0,0,Private room
1476989857217099712,1646.0,4,1.0,6,Entire home/apt
638348930079653491,912.0,6,2.0,109,Entire home/apt
1065302767159387936,630.0,2,1.0,60,Private room
24013662,1369.0,6,3.0,133,Entire home/apt
20942485,750.0,2,1.0,103,Entire home/apt
1340729964503815195,3726.0,2,1.0,1,Entire home/apt
41589332,592.0,2,2.0,40,Entire home/apt
1366820575767408297,630.0,4,1.0,6,Private room
13406130,1039.0,4,2.0,164,Entire home/apt
13975187,1922.0,8,3.0,418,Entire home/apt
879025650452201999,1369.0,4,2.0,46,Entire home/apt
1255404445082864019,758.0,2,1.0,62,Entire home/apt
730588494523807178,1100.0,4,2.0,0,Entire home/apt
1412464903427628556,751.0,2,1.0,2,Entire home/apt
878590105595058098,858.0,2,1.0,75,Entire home/apt
31920730,628.0,4,2.0,45,Entire home/apt
1435664987889801907,449.0,1,1.0,1,Private room
1118173216727497991,734464.0,6,3.0,0,Hotel room
645174734251290070,500.0,2,1.0,93,Entire home/apt
1100321277047575454,1300.0,2,1.0,0,Entire home/apt
625288198342162662,1026.0,4,2.0,179,Entire home/apt
1436523330579805190,675.0,2,1.0,21,Entire home/apt
1489555019091537142,442.0,1,1.0,0,Private room
1379840189770403011,1559.0,2,1.0,76,Entire home/apt
33128669,2437.0,8,3.0,428,Entire home/apt
33226549,894.0,3,1.0,272,Entire home/apt
1285836541240448467,675.0,3,1.0,2,Private room
684845707832985213,6235.0,6,2.0,83,Entire home/apt
1106427952775577761,1875.0,3,1.0,100,Entire home/apt
44362584,356.0,2,1.0,106,Private room
50523187,2611.0,11,3.0,39,Entire home/apt
1303958503409961360,2006.0,2,1.0,1,Entire home/apt
42558385,1280.0,2,1.0,5,Private room
1435011467127316979,1116.0,2,1.0,6,Private room
26452721,2162.0,5,2.0,45,Entire home/apt
1479965103225360584,3933.0,2,1.0,0,Private room
754550297473720084,419.0,2,1.0,56,Entire home/apt
1089550030265563894,442.0,2,1.0,80,Private room
983290026504035406,1299.0,4,2.0,25,Entire home/apt
867452762338924773,320.0,1,1.0,0,Private room
1495825995115322579,1513.0,4,1.0,2,Entire home/apt
1105154512847732139,4504.0,16,5.0,63,Entire home/apt
1235032422304913464,450.0,3,1.0,78,Private room
872165645934524913,960.0,4,1.0,5,Private room
614985560752591319,558.0,4,2.0,91,Entire home/apt
1071216179358823515,1059.0,3,1.0,52,Entire home/apt
837082207553422489,288.0,2,1.0,82,Private room
52904520,911.0,4,1.0,84,Entire home/apt
1361913786030569436,776.0,4,1.0,13,Entire home/apt
43833374,564.0,2,1.0,577,Private room
39361900,360.0,1,1.0,0,Private room
958261445086186896,250.0,1,1.0,0,Private room
1011162741093104830,1575.0,3,1.0,58,Entire home/apt
1013705643825582653,1780.0,4,2.0,6,Entire home/apt
1313967301572390488,741.0,2,1.0,19,Entire home/apt
746208314944341896,680.0,2,1.0,0,Private room
1461736031785595287,660.0,2,1.0,11,Private room
1018979303459178549,1540.0,4,1.0,112,Entire home/apt
22672499,1003.0,4,1.0,292,Private room
913355866534830803,560.0,6,2.0,4,Entire home/apt
1453742507210035021,1757.0,2,1.0,7,Entire home/apt
33711913,1101.0,6,2.0,134,Entire home/apt
1308888717723063875,522.0,4,2.0,4,Entire home/apt
1106427078741314220,2073.0,4,2.0,117,Entire home/apt
705769683900862464,1417.0,4,2.0,43,Entire home/apt
40041956,606.0,2,1.0,9,Private room
47882863,914.0,3,1.0,129,Entire home/apt
1025701583572488141,1486.0,4,2.0,91,Entire home/apt
1143146621542930419,1475.0,4,2.0,116,Entire home/apt
1336844038569801488,3449.0,6,3.0,7,Entire home/apt
886939287624522857,535.0,2,1.0,224,Private room
2908957,1273.0,2,1.0,39,Entire home/apt
1512809604839204909,1304.0,2,1.0,0,Entire home/apt
40291202,1522.0,10,4.0,169,Entire home/apt
1511815671444467092,2429.0,4,2.0,0,Entire home/apt
9575157,705.0,3,1.0,371,Private room
788404078576858862,1255.0,3,1.0,61,Entire home/apt
1363291971039092193,679.0,2,1.0,9,Private room
41373829,2500.0,4,1.0,281,Entire home/apt
48010403,1653.0,6,3.0,0,Entire home/apt
1136351592627214494,2485.0,4,2.0,69,Entire home/apt
1122414939606966584,1511.0,2,1.0,25,Entire home/apt
1104634531724651964,1504.0,3,1.0,18,Entire home/apt
1491600275329482944,1828.0,2,1.0,5,Private room
1360368495258544136,772.0,2,1.0,20,Entire home/apt
1187121734807797808,3487.0,6,3.0,21,Entire home/apt
1463282808694534660,533.0,2,1.0,6,Entire home/apt
700278252683365516,1324.0,4,2.0,39,Entire home/apt
48626722,2225.0,4,2.0,42,Entire home/apt
781464402331503519,1658.0,4,2.0,18,Entire home/apt
733422193677480071,1377.0,4,1.0,70,Entire home/apt
770960634780706149,599.0,2,1.0,32,Entire home/apt
798136487472905852,837.0,2,1.0,150,Entire home/apt
1415256561890859185,305.0,2,1.0,42,Private room
1352468664157294999,1130.0,2,1.0,28,Entire home/apt
1359040223429744007,1853.0,5,2.0,28,Entire home/apt
852288977136147095,2234.0,10,3.0,111,Entire home/apt
907310945795366813,1703.0,2,4.0,0,Private room
1133509371930259373,2125.0,2,2.0,5,Entire home/apt
1108112761196478491,549.0,1,1.0,16,Private room
923177311981405199,1349.0,4,2.0,0,Entire home/apt
836903778163282027,602.0,2,1.0,84,Private room
1109823364462741528,522.0,1,1.0,81,Private room
53501756,709.0,2,1.0,144,Entire home/apt
12914850,4168.0,6,3.0,0,Entire home/apt
899808514215639034,889.0,4,2.0,130,Entire home/apt
46604985,830.0,4,2.0,65,Entire home/apt
979914341986323120,1442.0,2,2.0,2,Entire home/apt
1225289811725056376,1811.0,5,2.0,81,Entire home/apt
42495820,1157.0,5,2.0,48,Entire home/apt
51127682,3500.0,6,3.0,33,Entire home/apt
53657606,695.0,2,1.0,136,Private room
865256264802388140,1164.0,4,1.0,67,Entire home/apt
28253254,1161.0,4,2.0,86,Entire home/apt
1488025976214909539,541.0,2,1.0,3,Private room
22192283,2225.0,4,2.0,179,Entire home/apt
1182698172143955480,621.0,2,1.0,182,Entire home/apt
1391660151852770764,4336.0,6,3.0,24,Entire home/apt
1317552390083723040,4080.0,6,3.0,0,Entire home/apt
1363880133968467053,1360.0,2,1.0,0,Private room
613820123524359989,1010.0,2,1.0,56,Entire home/apt
1468254944332323616,731.0,2,1.0,5,Private room
37255085,1239.0,3,1.0,49,Entire home/apt
1261889147341182055,1583.0,2,1.0,29,Entire home/apt
805400896335822035,3606.0,5,2.0,83,Entire home/apt
1121316964741168892,1226.0,2,1.0,0,Private room
674010574568362820,765.0,3,1.0,56,Private room
1513504809444643246,400.0,5,1.0,0,Private room
41803523,1228.0,5,2.0,177,Entire home/apt
715803415896222131,550.0,1,1.0,17,Private room
11016658,347.0,3,1.0,110,Private room
331030,1310.0,2,1.0,0,Private room
999525299930610609,1100.0,2,1.0,64,Entire home/apt
49059249,2623.0,4,2.0,158,Entire home/apt
1473361954996587480,2164.0,2,1.0,2,Entire home/apt
1167811062050252635,2605.0,8,3.0,41,Entire home/apt
45939654,621.0,1,1.0,22,Private room
30319512,855.0,4,1.0,11,Entire home/apt
54103101,950.0,2,2.0,0,Entire home/apt
36078019,808.0,3,1.0,132,Entire home/apt
6577987,559.0,2,0.0,33,Private room
725350922387992964,535.0,2,1.0,97,Private room
705249675199163216,1453.0,2,1.0,55,Entire home/apt
904300347397709720,2483.0,4,2.0,8,Entire home/apt
16413780,627.0,5,2.0,51,Entire home/apt
1298817657289827426,844.0,2,1.0,1,Entire home/apt
26197223,463.0,2,1.0,70,Entire home/apt
1404896636819177045,1704.0,4,2.0,0,Entire home/apt
1495854996484521223,443.0,1,1.0,2,Private room
23338020,438.0,2,1.0,104,Entire home/apt
12251116,409.0,2,1.0,38,Entire home/apt
1414017424828385623,225.0,16,1.0,11,Shared room
41597278,557.0,2,1.0,20,Private room
34064206,1500.0,4,2.0,26,Entire home/apt
35302200,200.0,2,1.0,0,Private room
879143832209474737,739.0,4,2.0,142,Entire home/apt
1388547336502296272,270.0,1,1.0,4,Private room
16148586,1483.0,5,2.0,69,Entire home/apt
1065997132061524897,2187.0,6,3.0,28,Entire home/apt
1405607979157421527,233.0,1,1.0,0,Private room
822362437047753143,1296.0,2,1.0,0,Private room
943838195438808194,240.0,2,1.0,90,Private room
11530432,438.0,1,1.0,21,Private room
607886549738672485,3118.0,7,2.0,128,Entire home/apt
25109729,1323.0,2,1.0,168,Entire home/apt
1376276785294917814,835.0,1,1.0,0,Private room
815239461571641837,1259.0,2,0.0,88,Entire home/apt
50637732,1100.0,2,1.0,181,Private room
655752599275157502,489.0,2,1.0,35,Private room
736972276603346699,500.0,1,1.0,2,Private room
963189051711565963,3000.0,4,2.0,74,Entire home/apt
1152312505818567874,920.0,4,2.0,1,Entire home/apt
749361744708164947,550.0,2,1.0,3,Private room
23902015,789.0,3,1.0,166,Entire home/apt
862350072242234983,1537.0,2,1.0,49,Entire home/apt
1131806686089471031,1216.0,2,1.0,22,Entire home/apt
1016846761863058283,495.0,1,1.0,17,Private room
45409926,262.0,1,1.0,6,Private room
1437167784563081140,3583.0,2,1.0,0,Private room
44539532,523.0,2,1.0,14,Private room
547214332926797936,1910.0,4,2.0,20,Entire home/apt
53959149,3241.0,4,2.0,19,Entire home/apt
1476127,883.0,2,1.0,337,Private room
547164221754066000,475.0,2,1.0,50,Entire home/apt
45940324,921.0,6,2.0,81,Entire home/apt
16679281,1834.0,4,1.0,121,Entire home/apt
1109660918978769036,1045.0,2,1.0,4,Private room
1477723081681699768,1455.0,4,2.0,6,Entire home/apt
1420609461496443848,1215.0,2,1.0,0,Entire home/apt
757543007632651135,638.0,5,1.0,8,Entire home/apt
1107350567736328502,6553.0,2,1.0,0,Private room
22620696,420.0,1,1.0,191,Entire home/apt
1253861052490128985,600.0,2,1.0,39,Entire home/apt
1362370944761054786,600.0,2,0.0,3,Private room
1214554242083766675,1200.0,3,2.0,6,Entire home/apt
764613193571188078,726.0,1,1.0,22,Private room
1274050431842451857,1623.0,2,1.0,1,Private room
21908163,2054.0,4,2.0,259,Entire home/apt
773346034268435984,653.0,1,1.0,49,Private room
1470428363793091570,2180.0,3,1.0,11,Entire home/apt
1394961153889118449,922.0,4,2.0,10,Entire home/apt
34797561,768.0,1,1.0,24,Private room
985104335637010745,513.0,3,1.0,33,Entire home/apt
47333643,364.0,3,1.0,68,Private room
1516150579121185546,2563.0,8,3.0,0,Entire home/apt
29689384,849.0,4,2.0,87,Entire home/apt
1407524420050808333,1653.0,4,3.0,7,Entire home/apt
1176197381648363512,495.0,2,1.0,73,Private room
1086483518228869604,1137.0,6,2.0,43,Entire home/apt
1303288879380820593,1196.0,2,1.0,8,Entire home/apt
51375107,360.0,1,1.0,6,Private room
731781076536979817,2006.0,4,2.0,51,Entire home/apt
1090331046939937746,1517.0,4,1.0,39,Entire home/apt
908148897332697160,1620.0,4,2.0,23,Entire home/apt
52079095,315.0,2,1.0,67,Private room
676301102594164154,641.0,2,1.0,359,Entire home/apt
14647553,677.0,4,2.0,301,Entire home/apt
1097032657705444862,2163.0,7,3.0,23,Entire home/apt
864524563332806092,999.0,5,2.0,120,Entire home/apt
655936383978238771,1309.0,4,2.0,150,Entire home/apt
1293776830064366652,636.0,2,1.0,13,Entire home/apt
1230277218395144467,699.0,2,1.0,19,Private room
1416745492569340323,461.0,2,1.0,3,Private room
961014194518842577,4392.0,8,4.0,72,Entire home/apt
568844797509461093,1450.0,6,2.0,231,Entire home/apt
1242284101220499496,5400.0,1,1.0,0,Entire home/apt
1281291829071765276,1615.0,2,1.0,15,Entire home/apt
725340995064675521,2557.0,6,3.0,5,Entire home/apt
620142704824849593,1045.0,4,2.0,165,Entire home/apt
1055904061233446932,684.0,4,1.0,70,Entire home/apt
1230543200983465310,1600.0,2,1.0,1,Entire home/apt
700332382902372752,3960.0,3,1.0,25,Entire home/apt
1270353245194261699,764.0,2,1.0,15,Entire home/apt
16428350,1315.0,2,1.0,140,Entire home/apt
919717557971313481,974.0,2,1.0,21,Private room
38555291,322.0,1,1.0,1,Private room
48401518,1821.0,2,1.0,72,Entire home/apt
1447244968255845264,879.0,2,1.0,20,Private room
696442217756172468,16195.0,16,5.0,62,Entire home/apt
1275819112204296594,804.0,4,2.0,19,Entire home/apt
1472577656275080757,637.0,4,2.0,6,Entire home/apt
766068872704118130,1351.0,3,1.0,121,Entire home/apt
811519200890885207,1296.0,4,1.0,1,Private room
50849407,390.0,2,1.0,141,Private room
25812526,2308.0,4,2.0,189,Entire home/apt
50705357,1265.0,5,2.0,114,Entire home/apt
29582592,445.0,1,1.0,0,Private room
690838383631722838,1250.0,1,1.0,8,Private room
31333790,1760.0,4,2.0,3,Entire home/apt
1232990893861811148,387.0,1,1.0,5,Private room
909594663140596912,675.0,2,1.0,0,Private room
1213489237952749296,2573.0,10,5.0,3,Entire home/apt
1330761217935103923,1059.0,2,1.0,23,Entire home/apt
4103828,1162.0,1,1.0,2,Entire home/apt
756836000414690668,3589.0,6,3.0,53,Entire home/apt
1206585031326219577,518.0,2,1.0,65,Entire home/apt
1288753283378859641,1073.0,4,2.0,30,Entire home/apt
1421392402152459105,922.0,7,2.0,10,Entire home/apt
1162493208059348314,315.0,2,1.0,19,Private room
1066783625821894946,765.0,3,1.0,22,Entire home/apt
1493525569837395118,1588.0,4,1.0,1,Entire home/apt
1334307907906091492,1715.0,2,0.0,39,Entire home/apt
1371778061310454075,1386.0,2,2.0,4,Entire home/apt
1299364524696181635,3742.0,2,1.0,0,Private room
645147182716887996,1344.0,2,1.0,56,Private room
1481249767747451256,1680.0,2,1.0,1,Private room
1130649393111801523,141.0,4,1.0,6,Shared room
47091233,633.0,5,2.0,127,Entire home/apt
15519690,1874.0,6,2.0,105,Entire home/apt
1062517211708894935,328.0,2,1.0,8,Private room
608979643145008599,785.0,4,1.0,47,Entire home/apt
35838529,1348.0,2,2.0,26,Entire home/apt
45990170,1708.0,2,1.0,131,Entire home/apt
924548907598297240,2625.0,4,1.0,79,Entire home/apt
639464452677442409,1837.0,3,2.0,30,Entire home/apt
45153126,357.0,1,1.0,139,Entire home/apt
1131277216020537630,127.0,4,1.0,25,Shared room
17810574,1059.0,3,1.0,424,Entire home/apt
46735286,1807.0,4,2.0,158,Entire home/apt
679606163939742788,540.0,4,1.0,1,Private room
1453096869067091727,236.0,1,1.0,1,Private room
41799304,867.0,2,1.0,126,Entire home/apt
50270695,1324.0,2,1.0,64,Entire home/apt
24606547,315.0,2,1.0,42,Private room
1226882437649405164,1444.0,6,3.0,23,Entire home/apt
1184740342328176224,556.0,3,2.0,21,Entire home/apt
918862755009451970,630.0,3,2.0,0,Private room
786811918480857153,4530.0,5,2.0,9,Entire home/apt
10032950,896.0,4,1.0,378,Entire home/apt
24854024,551.0,3,1.0,90,Entire home/apt
591443610193427882,255.0,2,1.0,5,Private room
988576618650706747,540.0,5,2.0,2,Private room
27171629,401.0,2,1.0,76,Private room
1297207402838608190,1839.0,4,2.0,7,Entire home/apt
958867509518181057,2267.0,1,1.0,5,Entire home/apt
1468477806201743243,786.0,2,1.0,3,Private room
927572383683519123,650.0,2,1.0,1,Entire home/apt
1462358117580673895,835.0,2,1.0,7,Private room
6512041,1140.0,2,1.0,25,Private room
37626769,3867.0,8,2.0,76,Entire home/apt
1137566697576511155,780.0,5,3.0,2,Entire home/apt
1102999102537102444,943.0,7,2.0,56,Entire home/apt
39714749,5656.0,1,1.0,0,Private room
39992814,1150.0,4,2.0,143,Entire home/apt
1293641179425988802,428.0,1,1.0,27,Private room
18707221,1126.0,4,2.0,295,Entire home/apt
9067281,1002.0,2,1.0,3,Private room
1493285454439788522,165.0,1,1.0,0,Shared room
699968772965538454,1142.0,2,1.0,19,Entire home/apt
1455885526238673488,591.0,2,1.0,23,Private room
37938028,793.0,3,1.0,223,Entire home/apt
967585014177859853,455.0,1,1.0,3,Private room
1258803955873996655,1530.0,4,2.0,8,Entire home/apt
42745369,706.0,2,1.0,300,Entire home/apt
1175591998916368824,1710.0,6,2.0,13,Entire home/apt
1326413198315972972,855.0,2,1.0,30,Private room
1047056386957714665,900.0,5,2.0,17,Entire home/apt
1013676369577099643,1745.0,2,1.0,13,Entire home/apt
949329625353076613,2709.0,2,1.0,77,Entire home/apt
1110222563677816295,339.0,2,1.0,86,Private room
806416648270768589,871.0,2,1.0,23,Entire home/apt
1384967140613680412,1416.0,4,2.0,20,Entire home/apt
1470643817395630861,1901.0,5,2.0,1,Entire home/apt
1386184915938323710,1052.0,5,2.0,9,Entire home/apt
1076247904376045947,353.0,1,1.0,39,Private room
24425883,737.0,3,1.0,219,Private room
1217484574257909489,405.0,2,1.0,2,Private room
22692095,400.0,1,1.0,0,Entire home/apt
920431003201114146,247.0,2,1.0,8,Private room
10541023,1158.0,3,1.0,250,Entire home/apt
1196419702775962798,3908.0,3,1.0,1,Entire home/apt
33159856,1110.0,1,1.0,68,Entire home/apt
1451014658234297018,205.0,1,1.0,3,Shared room
39397638,1014.0,3,1.0,521,Entire home/apt
22147194,700.0,2,1.0,158,Private room
1492201383656411056,1514.0,4,2.0,3,Entire home/apt
1076108145508639889,1083.0,2,1.0,13,Private room
53346016,843.0,2,1.0,58,Entire home/apt
1015410904753741889,1024.0,2,1.0,8,Entire home/apt
1446681939834957019,675.0,5,1.0,0,Private room
46101314,370.0,1,1.0,28,Private room
26570467,230.0,1,1.0,0,Private room
658955731578502776,1323.0,6,2.0,136,Entire home/apt
873386564314548567,504.0,2,1.0,164,Private room
1414830952337910424,10462.0,16,6.0,10,Entire home/apt
993461939879046396,1989.0,4,2.0,84,Entire home/apt
48332991,2112.0,2,1.0,28,Entire home/apt
1503953341256203509,1883.0,10,3.0,2,Entire home/apt
24337164,1458.0,4,2.0,313,Entire home/apt
983276701089621098,3546.0,4,1.0,37,Entire home/apt
891286307018842296,221.0,2,1.0,0,Private room
1417032835131672559,585.0,3,1.0,12,Entire home/apt
54183610,900.0,2,1.0,120,Entire home/apt
31933689,3421.0,6,2.0,179,Entire home/apt
1261151359006871202,812.0,5,2.0,43,Entire home/apt
16348557,965.0,2,1.0,172,Entire home/apt
967350333574069305,600.0,2,1.0,46,Private room
1082967584536939943,1309.0,6,3.0,61,Entire home/apt
818301958735595467,1317.0,4,1.0,41,Entire home/apt
593480511189104552,992.0,2,1.0,5,Entire home/apt
1206853813668963779,962.0,2,1.0,43,Entire home/apt
54294867,2850.0,4,2.0,56,Entire home/apt
53417570,545.0,2,1.0,507,Private room
1154483585943619819,426.0,3,2.0,10,Entire home/apt
887843195139491969,1755.0,2,1.0,69,Entire home/apt
945046578304282257,2729.0,4,2.0,63,Entire home/apt
3635953,1815.0,4,1.0,660,Entire home/apt
800176027594232574,1320.0,4,2.0,0,Entire home/apt
1387822802842900035,855.0,2,1.0,0,Entire home/apt
1448599299281112727,732.0,2,1.0,0,Private room
1497462816360850536,3483.0,2,1.0,0,Private room
22918369,2375.0,5,2.0,2,Entire home/apt
14078170,579.0,2,1.0,41,Entire home/apt
1384325161671675315,226.0,2,1.0,8,Private room
1234840248967006726,2179.0,4,2.0,76,Entire home/apt
41956995,1855.0,6,3.0,9,Entire home/apt
51942441,1832.0,6,3.0,80,Entire home/apt
41664608,850.0,2,1.0,15,Private room
1092953026518034901,878.0,2,1.0,28,Entire home/apt
1424647528284869650,2975.0,8,3.0,2,Entire home/apt
50703152,782.0,4,2.0,56,Entire home/apt
50098804,1303.0,5,2.0,48,Entire home/apt
1461030996730384569,261.0,1,1.0,1,Private room
41191493,360.0,1,1.0,5,Private room
1153293571042123988,744.0,2,1.0,23,Entire home/apt
48519306,1227.0,4,2.0,40,Entire home/apt
1147961770229195950,1234.0,2,1.0,26,Entire home/apt
1191709541229229450,1248.0,4,0.0,23,Entire home/apt
49515475,3981.0,6,3.0,95,Entire home/apt
625563702882626472,850.0,2,1.0,2,Private room
1009568272394727285,580.0,2,1.0,66,Private room
1251835218607566583,400.0,1,1.0,8,Private room
54166344,907.0,2,1.0,16,Entire home/apt
22908545,468.0,1,1.0,141,Private room
1330720096487294571,976.0,2,1.0,10,Entire home/apt
1212388621406181110,1497.0,2,1.0,40,Entire home/apt
652886023962611728,1042.0,6,2.0,87,Entire home/apt
1464011094061873843,859.0,2,1.0,0,Entire home/apt
52055967,15000.0,4,2.0,63,Entire home/apt
1258225077606136670,2418.0,8,4.0,2,Entire home/apt
1305254128984921216,2000.0,2,1.0,0,Private room
1289264921474122413,1800.0,4,2.0,12,Entire home/apt
48715723,970.0,2,1.0,242,Entire home/apt
1287933447829285999,648.0,2,1.0,8,Private room
46193362,454.0,2,1.0,1,Private room
628233349513892121,9900.0,16,6.0,94,Entire home/apt
40593816,1117.0,5,2.0,280,Entire home/apt
23826907,2645.0,6,2.0,185,Entire home/apt
51724504,2149.0,3,2.0,21,Entire home/apt
739940145125946517,1327.0,3,2.0,158,Entire home/apt
18689577,719.0,5,2.0,364,Entire home/apt
788382385668926258,2000.0,10,3.0,85,Entire home/apt
1196285776211239613,47800.0,6,2.0,0,Entire home/apt
998601260731788669,1720.0,6,3.0,22,Entire home/apt
50149869,1397.0,4,1.0,84,Entire home/apt
874860671491181190,1365.0,6,3.0,23,Entire home/apt
44464988,1010.0,4,2.0,5,Entire home/apt
957392954077854775,10775.0,3,2.0,17,Entire home/apt
1021004929001839439,1882.0,4,2.0,91,Entire home/apt
1298838618924438193,696.0,2,1.0,0,Private room
1119440432247262101,281.0,1,1.0,9,Private room
620278642944277629,2968.0,8,3.0,14,Entire home/apt
26398840,2000.0,2,2.0,0,Private room
11553675,1100.0,2,1.0,90,Private room
1296793253314750933,3133.0,4,2.0,19,Entire home/apt
984365669600150099,3046.0,3,1.0,52,Entire home/apt
32913869,822.0,4,1.0,229,Entire home/apt
854607759064773244,2292.0,8,2.0,82,Entire home/apt
3157656,1225.0,5,2.0,119,Entire home/apt
25035410,1005.0,5,2.0,156,Entire home/apt
36850674,1598.0,4,2.0,12,Entire home/apt
41088572,695.0,2,1.0,70,Entire home/apt
21622459,707.0,2,1.0,34,Entire home/apt
1445806205085516140,849.0,3,1.0,8,Entire home/apt
49907683,587.0,2,1.0,103,Private room
34477861,1080.0,2,1.0,40,Entire home/apt
1162606924058488577,1095.0,4,2.0,66,Entire home/apt
32312230,8073.0,2,1.0,0,Private room
9940119,270.0,2,1.0,200,Private room
537631858670871878,671.0,6,3.0,14,Entire home/apt
36666070,1067.0,3,1.0,254,Entire home/apt
1471765526170748778,485.0,1,1.0,7,Private room
1492280969473295450,1134.0,2,1.0,3,Entire home/apt
986296065744683813,2188.0,2,1.0,44,Entire home/apt
1436988589439833369,261.0,1,1.0,1,Shared room
1385568914941103475,1663.0,4,2.0,12,Entire home/apt
965318675495340475,939.0,2,1.0,25,Private room
687959207084839091,4250.0,8,3.0,21,Entire home/apt
1473527507245513892,881.0,4,2.0,27,Entire home/apt
1004703643681133874,1254.0,5,1.0,56,Entire home/apt
1432767160674310176,680.0,2,1.0,20,Entire home/apt
1266103493364036325,855.0,1,1.0,3,Entire home/apt
14027701,1540.0,4,2.0,198,Entire home/apt
720975512041819626,1658.0,2,1.0,16,Entire home/apt
1330086145558104403,780.0,2,1.0,49,Private room
50271008,1830.0,2,1.0,80,Entire home/apt
1339428130279409898,1900.0,6,2.0,7,Entire home/apt
38098192,713.0,2,1.0,120,Entire home/apt
1186293630088845390,450.0,2,1.0,74,Private room
6554811,1358.0,6,3.0,6,Entire home/apt
1338649746897110912,5223.0,8,4.0,0,Private room
915958089115133887,926.0,3,1.0,55,Entire home/apt
1113088255655811599,435.0,2,1.0,111,Private room
1106012520960194463,828.0,2,1.0,34,Entire home/apt
842761511606367170,1610.0,2,1.0,21,Entire home/apt
945128806042698321,1357.0,2,1.0,41,Entire home/apt
43105017,762.0,2,1.0,134,Entire home/apt
897422098077286480,2005.0,4,2.0,71,Entire home/apt
1139230976550475569,1566.0,5,3.0,16,Entire home/apt
22028602,720.0,2,0.0,51,Entire home/apt
1415409561825984525,1110.0,2,1.0,5,Entire home/apt
907132498154540725,306.0,2,1.0,2,Private room
877111615053069734,1107.0,1,1.0,16,Private room
1389276228358235201,5296.0,6,3.0,1,Entire home/apt
48138365,1603.0,5,2.0,92,Entire home/apt
712298339524901089,963.0,4,2.0,81,Entire home/apt
969639316791644078,1313.0,4,2.0,14,Entire home/apt
42981953,1216.0,4,2.0,91,Entire home/apt
882966705074155493,497.0,2,1.0,23,Private room
670951629559858138,2394.0,2,1.0,139,Entire home/apt
46160075,850.0,2,1.0,33,Entire home/apt
1273412338952033937,1500.0,2,1.0,2,Entire home/apt
38485920,1419.0,5,2.0,380,Entire home/apt
1102171495311917752,691.0,5,2.0,44,Entire home/apt
800093756397534908,2614.0,6,2.0,0,Entire home/apt
1075474527775549811,569.0,2,1.0,15,Private room
46665058,288.0,1,1.0,29,Private room
913781368195498707,4874.0,6,3.0,46,Entire home/apt
5606567,1469.0,2,1.0,59,Entire home/apt
1232407158299284370,1493.0,4,1.0,33,Entire home/apt
1428292089110812539,2737.0,5,3.0,0,Entire home/apt
1049321571056623499,1170.0,2,1.0,29,Entire home/apt
1376872220577343602,640.0,2,1.0,0,Private room
15973827,680.0,2,1.0,123,Private room
950868478310237875,442.0,1,1.0,5,Private room
51476112,579.0,2,1.0,199,Entire home/apt
40347492,639.0,2,1.0,58,Entire home/apt
1272739628024093021,1044.0,2,1.0,64,Entire home/apt
1345717922512918626,1103.0,2,1.0,2,Entire home/apt
989923762467346070,800.0,4,1.0,17,Entire home/apt
52352383,754.0,4,2.0,44,Entire home/apt
668822070369736537,920.0,4,2.0,282,Entire home/apt
1356078769667943041,1107.0,16,3.0,13,Entire home/apt
1092836978585206749,880.0,2,1.0,16,Entire home/apt
705237913041430334,400.0,2,1.0,61,Entire home/apt
1050204207685643570,535.0,1,1.0,31,Private room
1461172285492082422,5268.0,2,1.0,0,Private room
1212638063788825089,1400.0,4,1.0,5,Private room
674504075107133373,1268.0,3,2.0,87,Entire home/apt
10069191,740.0,2,1.0,83,Entire home/apt
25166397,2010.0,4,2.0,2,Entire home/apt
36730914,1206.0,5,2.0,17,Entire home/apt
40445655,5022.0,7,4.0,10,Entire home/apt
29340651,500.0,1,1.0,0,Private room
1516809075239976065,523.0,4,1.0,0,Entire home/apt
23992537,254.0,1,1.0,5,Private room
44659481,1605.0,2,1.0,65,Entire home/apt
1506638699244986134,310.0,1,1.0,0,Shared room
1301484146980646582,1629.0,4,2.0,13,Entire home/apt
862487969225948957,1493.0,2,1.0,57,Entire home/apt
705808819210646436,1692.0,2,1.0,81,Entire home/apt
20743941,1386.0,2,1.0,65,Entire home/apt
1452230676153143292,3722.0,16,6.0,0,Entire home/apt
25615940,975.0,3,2.0,38,Entire home/apt
50873984,3018.0,6,3.0,641,Entire home/apt
791170307741018381,1343.0,4,2.0,70,Entire home/apt
628351060617782520,1521.0,4,2.0,52,Entire home/apt
1374179725143378126,765.0,2,1.0,13,Entire home/apt
890533197936937305,2636.0,6,3.0,61,Entire home/apt
1049455405855895501,1075.0,4,2.0,36,Entire home/apt
12883581,384.0,2,1.0,38,Private room
927843783051405009,523.0,2,1.0,119,Entire home/apt
1437213613007858149,548.0,2,1.0,0,Private room
32220831,569.0,2,1.0,38,Private room
1089430066497687980,527.0,2,1.0,91,Private room
1437232535069545265,1171.0,4,1.0,17,Entire home/apt
47426848,556.0,2,1.0,74,Entire home/apt
1173845394543209539,155.0,2,1.0,3,Shared room
50112082,442.0,3,1.0,158,Private room
1029464764162688090,343.0,2,1.0,67,Private room
1376309711815927810,2324.0,2,1.0,0,Entire home/apt
53293578,1860.0,2,1.0,191,Entire home/apt
34158207,312.0,1,0.0,151,Entire home/apt
45940096,370.0,1,1.0,7,Private room
39024081,1310.0,1,1.0,24,Entire home/apt
48133690,1426.0,2,1.0,2,Private room
29233075,630.0,2,1.0,4,Entire home/apt
21505191,1254.0,6,1.0,321,Entire home/apt
845236864177508684,675.0,2,1.0,97,Private room
1430586429591296356,2623.0,10,5.0,6,Entire home/apt
1229680298333270499,1844.0,2,1.0,4,Entire home/apt
1297464760614733987,7933.0,6,3.0,1,Entire home/apt
50683355,500.0,2,1.0,75,Private room
32222530,519.0,2,1.0,60,Private room
1125553722471657221,4698.0,10,5.0,4,Entire home/apt
1293668997868163103,1818.0,4,2.0,2,Entire home/apt
11257155,955.0,4,2.0,129,Entire home/apt
20124116,990.0,3,1.0,60,Entire home/apt
27154475,1908.0,5,2.0,2,Entire home/apt
1366006849783501689,10558.0,16,8.0,15,Entire home/apt
1415310525029097811,1431.0,2,1.0,5,Entire home/apt
1095209229092896811,1227.0,4,2.0,46,Entire home/apt
816963684619982008,3000.0,4,2.0,0,Entire home/apt
22529340,382.0,1,1.0,23,Private room
834095923252010326,2378.0,2,1.0,3,Private room
1370322908299295910,2953.0,4,2.0,2,Entire home/apt
35548680,360.0,5,3.0,16,Private room
1297198753808452269,218.0,3,1.0,2,Shared room
37966421,2014.0,2,1.0,118,Entire home/apt
1242856922473631548,1482.0,4,1.0,61,Entire home/apt
856456602117523747,1849.0,6,2.0,15,Entire home/apt
52670292,1395.0,6,2.0,129,Entire home/apt
20805063,308.0,2,1.0,32,Private room
45820535,1733.0,2,1.0,287,Entire home/apt
47729041,2568.0,12,5.0,278,Entire home/apt
1422608573012837442,616.0,2,1.0,11,Entire home/apt
649191302547866388,3287.0,4,2.0,65,Entire home/apt
25110511,2506.0,5,2.0,181,Entire home/apt
1021883924857523204,2250.0,4,2.0,6,Entire home/apt
32899367,251.0,1,2.0,9,Private room
888460275864151159,806.0,2,1.0,3,Entire home/apt
816957932434837289,2000.0,2,1.0,0,Entire home/apt
779585432901707573,1083.0,2,1.0,29,Private room
1504083988071525566,321.0,2,1.0,5,Private room
899237672252469764,700.0,1,1.0,3,Private room
1445042353365338664,476.0,2,1.0,7,Private room
8754468,3343.0,4,2.0,350,Entire home/apt
1126824208312933095,1350.0,6,2.0,33,Entire home/apt
14945106,824.0,4,2.0,379,Entire home/apt
7689193,10099.0,8,4.0,96,Entire home/apt
1124317025603937366,566.0,3,1.0,61,Entire home/apt
13577145,475.0,2,1.0,1,Private room
12273013,1808.0,4,1.0,376,Entire home/apt
990641805213376333,1290.0,2,1.0,1,Entire home/apt
1309582332487891355,3287.0,2,1.0,3,Entire home/apt
27434791,543.0,1,1.0,29,Private room
716588719906441131,565.0,2,1.0,151,Entire home/apt
1201565323685433580,1642.0,4,2.0,25,Entire home/apt
1504727963197446034,442.0,2,1.0,0,Private room
1244272890255867818,745.0,2,1.0,21,Entire home/apt
788475907963501474,656.0,1,1.0,117,Private room
1084811347756063145,1346.0,4,2.0,37,Entire home/apt
32812326,525.0,1,1.0,4,Private room
1000676330344511363,2662.0,8,3.0,62,Entire home/apt
50999155,511.0,4,1.0,98,Entire home/apt
1084259218346388114,4950.0,6,3.0,38,Entire home/apt
1445182261624690515,1700.0,2,1.0,0,Private room
1201667797976397836,1179.0,5,2.0,45,Entire home/apt
24583070,1241.0,2,1.0,275,Entire home/apt
629863737376865755,1425.0,2,1.0,0,Entire home/apt
41640679,807.0,2,1.0,101,Private room
30437375,457.0,2,1.0,56,Private room
1089400614793800743,1610.0,2,1.0,20,Entire home/apt
1371252675777835296,513.0,2,1.0,20,Entire home/apt
1359507051932468624,368.0,1,1.0,7,Private room
35682657,350.0,2,1.0,10,Private room
1158131398913702745,1283.0,4,1.0,35,Entire home/apt
27280318,852.0,4,1.0,215,Entire home/apt
1137800760230529890,1218.0,2,1.0,13,Entire home/apt
12271259,662.0,2,1.0,17,Private room
43061707,520.0,2,1.0,50,Private room
22087718,36881.0,6,3.0,69,Entire home/apt
1131247429753753247,3004.0,2,1.0,3,Entire home/apt
40535311,1206.0,2,1.0,175,Private room
1026169854179172999,573.0,1,1.0,25,Private room
45000993,1086.0,2,1.0,61,Entire home/apt
1056427959831439328,483.0,2,0.0,31,Private room
565158779426545391,986.0,4,2.0,67,Entire home/apt
28492245,826.0,2,1.0,212,Entire home/apt
590045992755927499,462.0,2,1.0,39,Entire home/apt
1169085296818700069,1418.0,3,1.0,4,Entire home/apt
1026964328429009961,1331.0,4,1.0,76,Entire home/apt
631854263160681309,1245.0,4,1.0,25,Entire home/apt
40382610,399.0,1,1.0,6,Private room
661488640048793582,3973.0,3,1.0,163,Entire home/apt
829325837572789139,729.0,2,1.0,39,Private room
34839612,497.0,1,1.0,31,Private room
1344589714263400872,1580.0,3,1.0,0,Entire home/apt
1289540755821006337,1200.0,1,1.0,0,Private room
1280147820967353245,960.0,4,2.0,2,Private room
37365453,829.0,2,1.0,104,Entire home/apt
15707234,3446.0,6,3.0,66,Entire home/apt
633427332726300737,921.0,2,1.0,7,Private room
1056747619551144240,896.0,3,1.0,36,Entire home/apt
1018402768095818658,6426.0,3,2.0,36,Entire home/apt
1436310961250310345,2900.0,2,3.0,0,Entire home/apt
3916297,823.0,3,2.0,123,Entire home/apt
1085786886255351115,639.0,1,1.0,25,Private room
1220300726673944817,2142.0,4,2.0,85,Entire home/apt
1003826567038097109,1217.0,2,1.0,68,Entire home/apt
755191570410463361,1100.0,4,2.0,7,Entire home/apt
40100489,408.0,2,1.0,24,Private room
1281183088773519346,754.0,2,1.0,61,Entire home/apt
14340166,517.0,2,1.0,321,Private room
1274806101481933270,3813.0,2,1.0,17,Entire home/apt
1363998528449104059,329.0,1,1.0,1,Private room
24248336,2435.0,6,3.0,79,Entire home/apt
1512540062930918635,672.0,2,1.0,0,Entire home/apt
754314632597500057,761.0,5,2.0,212,Entire home/apt
52775666,900.0,4,1.0,165,Entire home/apt
45505263,203.0,2,1.0,10,Private room
12842631,600.0,2,1.0,0,Entire home/apt
935203659635298762,8265.0,16,8.0,36,Entire home/apt
37256292,1289.0,5,2.0,74,Entire home/apt
1176474611685891842,504.0,1,1.0,19,Private room
700244472871184635,154.0,2,1.0,3,Private room
593541596892743621,2000.0,4,2.0,0,Entire home/apt
1441521037671547658,1300.0,2,1.0,2,Private room
52676526,1538.0,6,2.0,111,Entire home/apt
20651703,739.0,3,1.0,102,Entire home/apt
46399429,4781.0,6,3.0,393,Entire home/apt
1478755979721860081,3864.0,4,2.0,6,Entire home/apt
1095156693896315247,1083.0,4,1.0,5,Private room
1041376676787885715,1398.0,4,2.0,12,Entire home/apt
15052562,272.0,3,2.0,12,Private room
1152252111311395143,1011.0,6,2.0,13,Entire home/apt
1467641794703502208,1066.0,4,2.0,2,Entire home/apt
18776369,1428.0,5,2.0,422,Entire home/apt
54112595,16143.0,6,3.0,123,Entire home/apt
53593429,991.0,2,1.0,148,Entire home/apt
48094268,2279.0,6,2.0,13,Entire home/apt
1337116438050679109,428.0,1,1.0,11,Private room
593404888830515259,565.0,4,2.0,42,Private room
982936992407688705,144.0,1,1.0,0,Private room
41957360,257.0,1,1.0,9,Private room
902630008990159333,665.0,6,2.0,9,Entire home/apt
1491356372161652992,1143.0,2,1.0,0,Entire home/apt
38873624,737.0,2,1.0,102,Entire home/apt
1491544467598221310,1214.0,2,2.0,0,Private room
1239362984528991835,1257.0,4,1.0,44,Entire home/apt
1008307390321906769,389.0,2,1.0,14,Private room
939256489980422469,701.0,2,1.0,39,Entire home/apt
1300234955183534889,614.0,2,1.0,11,Entire home/apt
1506137732865006090,1708.0,2,1.0,0,Private room
54018502,752.0,2,1.0,69,Private room
1343452807241750620,1260.0,4,2.0,13,Entire home/apt
937964912250992944,755.0,2,1.0,8,Entire home/apt
50157876,376.0,2,1.0,46,Private room
1438566010749729420,537.0,4,1.0,14,Private room
1176113100543764903,950.0,2,1.0,32,Entire home/apt
1224816663792660678,2054.0,7,3.0,73,Entire home/apt
25161172,1209.0,5,2.0,142,Entire home/apt
1504012701367142074,1053.0,2,1.0,0,Entire home/apt
19778874,1537.0,3,1.0,42,Entire home/apt
1161585753706778839,900.0,4,1.0,22,Entire home/apt
689950145127225366,750.0,2,1.0,0,Entire home/apt
664034167013086012,2055.0,4,2.0,53,Entire home/apt
1438634703281121974,952.0,2,1.0,14,Private room
877071644687804015,530.0,1,1.0,41,Private room
1446693733928268397,838.0,2,1.0,1,Entire home/apt
24828094,1301.0,6,3.0,228,Entire home/apt
854282686153014321,489.0,2,1.0,2,Private room
695787821524980743,1795.0,6,3.0,29,Entire home/apt
1280563038892169511,2136.0,3,1.0,24,Entire home/apt
41105034,305.0,1,1.0,33,Private room
36421152,5859.0,7,4.0,5,Entire home/apt
52054890,325.0,1,1.0,0,Private room
1252324055910599446,648.0,2,1.0,8,Entire home/apt
53501445,843.0,2,1.0,141,Entire home/apt
34096353,679.0,2,1.0,10,Entire home/apt
1401672592379330809,472.0,2,1.0,27,Private room
1278459512417097490,1080.0,4,1.0,33,Entire home/apt
1427886132926396336,1250.0,4,2.0,4,Entire home/apt
1397339408587673957,616.0,2,1.0,8,Entire home/apt
916811120259676000,422.0,1,1.0,6,Private room
1296820756314204178,1318.0,4,2.0,28,Entire home/apt
1278333478292658480,2684.0,4,2.0,6,Entire home/apt
1276457864504525496,2181.0,5,3.0,2,Entire home/apt
603678418045160422,4859.0,6,3.0,142,Entire home/apt
1389867719346877925,670.0,2,1.0,24,Entire home/apt
42002491,3000.0,2,1.0,7,Private room
1499413660129430834,3267.0,5,2.0,0,Entire home/apt
45041511,262.0,1,1.0,2,Private room
1435582929291719358,1333.0,4,2.0,2,Entire home/apt
963796782544354248,806.0,2,1.0,6,Private room
47718461,241.0,1,1.0,25,Private room
49001423,386.0,2,1.0,126,Private room
986299297896109597,1665.0,2,1.0,4,Entire home/apt
45351319,1994.0,7,3.0,200,Entire home/apt
884108895271810838,401.0,2,1.0,7,Entire home/apt
572444453541018765,3421.0,6,3.0,171,Entire home/apt
1380457678151004419,1653.0,3,1.0,194,Entire home/apt
41645975,903.0,10,1.0,0,Entire home/apt
35094750,1157.0,2,1.0,99,Entire home/apt
644270885785984694,600.0,1,1.0,0,Private room
1317529565205411583,4080.0,6,3.0,0,Entire home/apt
49447909,729.0,2,1.0,0,Entire home/apt
1229145748647028952,469.0,2,1.0,28,Private room
1187283698786191137,1063.0,2,1.0,33,Entire home/apt
53891663,475.0,3,2.0,16,Entire home/apt
1498067864905133769,1176.0,2,1.0,0,Entire home/apt
853083426643433117,1660.0,3,2.0,14,Entire home/apt
1485186352018442008,746.0,5,2.0,0,Entire home/apt
785825296380592773,680.0,2,1.0,2,Private room
1374282747267846985,580.0,2,1.0,11,Entire home/apt
989731887425041564,3145.0,6,3.0,43,Entire home/apt
53535396,364.0,1,1.0,0,Private room
1327613777273030952,684.0,2,2.0,4,Entire home/apt
1066742162933121664,990.0,4,2.0,76,Entire home/apt
661750303125801366,1089.0,2,1.0,14,Private room
943766399385698457,1428.0,8,2.0,50,Entire home/apt
1219823536382883303,3106.0,6,4.0,4,Entire home/apt
943421520087157364,747.0,2,1.0,29,Entire home/apt
650758221541668155,2479.0,4,2.0,10,Entire home/apt
1097181281913910335,431.0,2,0.0,12,Private room
899630490610649517,770.0,4,2.0,92,Entire home/apt
1019750243491723667,817.0,2,1.0,4,Private room
24606140,881.0,2,1.0,230,Entire home/apt
699419186954385459,3160.0,4,2.0,57,Entire home/apt
29278672,1216.0,4,2.0,8,Entire home/apt
1389237744911244083,1296.0,2,1.0,24,Entire home/apt
51775175,779.0,4,2.0,34,Entire home/apt
1321233952395921712,378.0,2,1.0,6,Private room
1192849206815161590,1791.0,4,1.0,29,Private room
1263452199043481053,360.0,2,1.0,1,Private room
795866658817536148,452.0,2,1.0,40,Private room
1343108724044305248,1179.0,4,2.0,11,Entire home/apt
700244870655550205,143.0,2,1.0,1,Private room
1280602693608435457,1029.0,4,2.0,15,Entire home/apt
52611976,1890.0,4,2.0,214,Entire home/apt
1365276408516020242,1408.0,2,1.0,1,Entire home/apt
1500921958247903522,1435.0,5,2.0,2,Entire home/apt
25838305,1359.0,3,1.0,71,Entire home/apt
634120142708310082,588.0,2,1.0,0,Private room
953052904610923157,1965.0,4,1.0,100,Entire home/apt
1243119578878440388,2160.0,3,2.0,2,Entire home/apt
1386229542510533238,1480.0,4,2.0,15,Entire home/apt
39822436,541.0,2,1.0,63,Private room
1188397884355001661,419.0,2,1.0,74,Entire home/apt
550648374655329194,695.0,2,1.0,0,Private room
1476240430819140264,2160.0,6,3.0,0,Entire home/apt
1411774730710418617,1188.0,4,2.0,10,Entire home/apt
928343071448046248,664.0,2,1.0,47,Private room
904286218476113025,4454.0,4,2.0,16,Entire home/apt
51892631,5200.0,8,2.0,0,Entire home/apt
1339181814928928153,1443.0,6,3.0,36,Entire home/apt
47120375,1142.0,4,3.0,276,Entire home/apt
16213955,479.0,2,1.0,191,Private room
36019167,844.0,2,1.0,172,Private room
52877155,1542.0,4,2.0,31,Entire home/apt
1500206672998088636,1150.0,5,3.0,1,Entire home/apt
50150857,1870.0,4,2.0,166,Entire home/apt
1426992340989641057,1450.0,2,1.0,52,Entire home/apt
1147956704544661534,1244.0,2,1.0,12,Entire home/apt
1427112184510233369,1288.0,4,2.0,8,Entire home/apt
20323644,1629.0,9,4.0,216,Entire home/apt
870108166500176480,1350.0,2,1.0,22,Entire home/apt
1447828686908550760,1286.0,2,1.0,3,Entire home/apt
580625165324778451,1487.0,5,3.0,182,Entire home/apt
1470597945100557284,225.0,1,1.0,4,Private room
1393247504831861306,569.0,3,1.0,5,Private room
1151165058448809746,338.0,1,1.0,24,Private room
1150807670631994256,1250.0,2,1.0,4,Entire home/apt
35608735,886.0,2,1.0,101,Entire home/apt
908077375836724601,367.0,2,1.0,41,Entire home/apt
50631853,479.0,1,1.0,4,Private room
552325005918344142,323.0,2,0.0,76,Private room
860304568584472283,380.0,2,1.0,24,Entire home/apt
47906464,630.0,1,1.0,0,Private room
32127994,570.0,11,2.0,4,Private room
9299896,240.0,1,1.0,3,Private room
19694057,675.0,2,1.0,107,Entire home/apt
1284976614829649899,900.0,3,2.0,17,Entire home/apt
912409343733491779,2066.0,5,2.0,7,Entire home/apt
1445143742993914906,449.0,1,1.0,2,Private room
802871716198443448,948.0,2,1.0,53,Private room
754617996387104871,3280.0,11,6.0,89,Entire home/apt
1445870355145415515,1146.0,6,2.0,6,Entire home/apt
609682755262497074,1330.0,2,1.0,3,Entire home/apt
902813380900115160,724.0,2,1.0,50,Private room
780619522718665320,1223.0,5,2.0,145,Entire home/apt
650981768970669652,3129.0,6,3.0,97,Entire home/apt
1083986425777108954,1346.0,4,2.0,33,Entire home/apt
1303239191186678185,740.0,4,1.0,35,Private room
877654271448520442,933.0,4,1.0,128,Private room
1390621676397614983,696.0,2,1.0,3,Entire home/apt
45688694,3460.0,5,2.0,213,Entire home/apt
21198711,800.0,4,2.0,109,Entire home/apt
1408720553104010609,2283.0,4,2.0,0,Entire home/apt
1506970421291681204,929.0,2,1.0,0,Entire home/apt
1511103819461337696,526.0,2,1.0,1,Private room
1479923870596495684,1235.0,4,1.0,2,Entire home/apt
45690022,900.0,2,0.0,198,Entire home/apt
984827111676000065,2811.0,4,1.0,4,Entire home/apt
702960283370229626,1480.0,4,2.0,12,Entire home/apt
566898118761449762,665.0,2,1.0,483,Entire home/apt
1095272374472665604,1308.0,2,1.0,47,Entire home/apt
14090017,350.0,2,1.0,148,Private room
10213293,523.0,2,1.0,42,Private room
1419678752493034294,861.0,2,1.0,0,Entire home/apt
646485852901766255,855.0,6,3.0,5,Entire home/apt
1137808222778197443,1211.0,3,1.0,12,Entire home/apt
1197766079072102812,1620.0,2,1.0,4,Private room
1038865072559408848,1293.0,4,2.0,43,Entire home/apt
949437077975244910,316.0,1,1.0,9,Private room
41830586,398.0,2,1.0,28,Entire home/apt
877744227351723091,556.0,2,1.0,79,Entire home/apt
1465419629405661775,420.0,1,1.0,1,Private room
1358960642239555738,498.0,3,1.0,14,Private room
1480018551331520339,1254.0,4,1.0,2,Entire home/apt
22346075,2083.0,6,2.0,65,Entire home/apt
811093684914735244,3817.0,5,2.0,83,Entire home/apt
1183800945826872213,1575.0,10,1.0,8,Private room
777643861341498528,428.0,2,1.0,78,Entire home/apt
39278133,1519.0,4,2.0,26,Entire home/apt
1368897205255422793,1408.0,5,3.0,4,Entire home/apt
23480570,1887.0,4,1.0,7,Entire home/apt
54342140,609.0,2,1.0,457,Private room
15132887,1260.0,6,2.0,156,Entire home/apt
1288697401036229068,4162.0,8,3.0,21,Entire home/apt
1455030925096491601,831.0,2,1.0,6,Entire home/apt
1485709146790746223,1724.0,8,4.0,0,Entire home/apt
44434917,387.0,1,1.0,34,Private room
1429885818360754583,1082.0,2,1.0,4,Private room
1414777977280137861,1481.0,6,1.0,14,Entire home/apt
1041877902425513284,616.0,4,1.0,0,Private room
1384992936038356978,572.0,4,2.0,1,Entire home/apt
9737713,1165.0,7,2.0,258,Entire home/apt
760117237109383647,434.0,2,1.0,10,Private room
1223531166449645831,550.0,2,1.0,42,Entire home/apt
598483691201868631,1315.0,4,1.0,94,Entire home/apt
1322000719021311442,689.0,2,1.0,23,Entire home/apt
687026347056111026,1369.0,4,2.0,88,Entire home/apt
582842252902680092,1454.0,3,2.0,262,Entire home/apt
13665937,4214.0,6,3.0,119,Entire home/apt
1302985568783696086,461.0,1,1.0,1,Private room
1386440715229892704,810.0,1,1.0,3,Entire home/apt
36130971,4500.0,2,0.0,0,Entire home/apt
41431193,450.0,2,1.0,0,Entire home/apt
41693621,902.0,2,1.0,142,Entire home/apt
1387719788070517607,540.0,1,1.0,18,Private room
12904365,618.0,1,1.0,33,Private room
1376909889967866514,1530.0,2,1.0,2,Private room
1337137766923004279,892.0,4,2.0,3,Entire home/apt
41435514,207.0,2,1.0,3,Private room
1252491369333112347,644.0,2,1.0,14,Entire home/apt
1488520863588745464,689.0,2,1.0,4,Entire home/apt
52061631,542.0,2,1.0,0,Private room
16364217,1159.0,2,1.0,41,Entire home/apt
48089151,1010.0,2,1.0,46,Entire home/apt
1010469584107934470,731.0,7,3.0,65,Entire home/apt
961776096072671588,960.0,4,2.0,11,Entire home/apt
863823527513620104,678.0,2,1.0,24,Private room
44581021,438.0,2,1.0,119,Private room
1174528547201008824,1301.0,3,1.0,103,Entire home/apt
42951922,544.0,2,1.0,56,Private room
21333918,912.0,4,1.0,161,Entire home/apt
40870908,850.0,2,1.0,94,Entire home/apt
843483161996055160,1417.0,4,1.0,102,Entire home/apt
924587717856574384,1904.0,3,1.0,5,Private room
1033641964950649011,1003.0,4,2.0,39,Entire home/apt
1385510300889167262,564.0,2,1.0,10,Private room
10035943,1261.0,3,2.0,6,Entire home/apt
1437078365998612745,263.0,1,1.0,0,Shared room
1010778665753246760,1094.0,4,2.0,87,Entire home/apt
738465230669609476,707.0,2,1.0,106,Entire home/apt
22015445,1182.0,4,1.0,6,Entire home/apt
819585801337008613,1250.0,6,2.0,54,Entire home/apt
2716028,5509.0,3,1.0,0,Private room
1434844757706488159,793.0,2,1.0,3,Entire home/apt
1408666136639471672,600.0,2,1.0,0,Private room
1074908384571247289,1891.0,4,2.0,29,Entire home/apt
1051514229553971372,1406.0,5,2.0,72,Entire home/apt
22166830,476.0,2,1.0,262,Entire home/apt
1477661045556664783,262.0,1,1.0,1,Private room
1031925359374880416,810.0,2,1.0,1,Private room
1202928458717850707,1215.0,4,2.0,17,Entire home/apt
1414651777843549401,1086.0,2,1.0,14,Entire home/apt
1355164646887767254,1998.0,2,1.0,0,Entire home/apt
796577100983544259,553.0,2,1.0,19,Entire home/apt
1447364875623820239,1036.0,5,2.0,11,Entire home/apt
852871885273170239,383.0,1,1.0,6,Private room
877644805530584365,933.0,2,1.0,112,Private room
793787379512992721,825.0,2,1.0,192,Entire home/apt
1212403278646548324,479.0,1,1.0,0,Private room
1503238081723806502,483.0,2,1.0,0,Private room
1445579916566019028,786.0,5,2.0,5,Entire home/apt
48718898,985.0,3,1.0,25,Entire home/apt
826641596307218029,1270.0,5,2.0,49,Entire home/apt
999367370588682145,902.0,4,1.0,34,Entire home/apt
13728290,1378.0,4,2.0,72,Entire home/apt
1019168646818506073,2978.0,8,4.0,4,Entire home/apt
1239499877210192245,569.0,3,1.0,16,Private room
549162873280367721,640.0,2,1.0,11,Private room
1467352594970199826,540.0,1,1.0,0,Private room
21908692,1507.0,2,1.0,299,Entire home/apt
1173400265284809792,2464.0,3,1.0,33,Entire home/apt
1511108246055498383,900.0,2,2.0,1,Entire home/apt
50328400,432.0,2,1.0,298,Private room
989312368520030637,3886.0,4,2.0,7,Entire home/apt
1124956886902258869,1230.0,4,3.0,6,Entire home/apt
16726487,465.0,1,2.0,26,Entire home/apt
829974161352643710,500.0,1,1.0,1,Private room
30376994,643.0,2,1.0,147,Private room
35417892,665.0,2,1.0,16,Private room
1437165144375014491,3536.0,4,1.0,2,Private room
1264816240474951357,507.0,4,1.0,3,Entire home/apt
6287517,645.0,2,0.0,261,Entire home/apt
691386622537222304,655.0,4,2.0,121,Entire home/apt
736127433664364687,841.0,2,1.0,19,Entire home/apt
10772712,1802.0,6,2.0,41,Entire home/apt
40506439,333.0,2,1.0,25,Private room
31851296,1588.0,4,2.0,146,Entire home/apt
1479116698919840516,1479.0,4,1.0,1,Entire home/apt
51882428,1070.0,4,2.0,94,Entire home/apt
913781341180602637,929.0,4,2.0,92,Entire home/apt
35535567,955.0,2,1.0,210,Entire home/apt
1385062914607071514,1080.0,2,1.0,5,Entire home/apt
23582205,300.0,1,1.0,30,Private room
1516253682042537029,444.0,2,1.0,0,Private room
1044480772448915338,1453.0,2,1.0,4,Entire home/apt
776899628634782288,2208.0,9,3.0,64,Entire home/apt
53757688,1109.0,4,1.0,150,Entire home/apt
968826865396433008,1629.0,2,1.0,13,Private room
797396642413539557,4064.0,4,2.0,105,Entire home/apt
1146668544224076123,1711.0,4,1.0,44,Entire home/apt
1440614595162702925,1185.0,2,1.0,3,Entire home/apt
1147962172369788704,1931.0,2,1.0,42,Entire home/apt
1101590425579718385,360.0,1,1.0,0,Private room
967461882132401191,732.0,5,2.0,47,Entire home/apt
761892927137960075,3142.0,2,1.0,15,Private room
1492795161326895331,13296.0,8,3.0,0,Entire home/apt
1274809565315348237,3698.0,6,3.0,0,Entire home/apt
48120841,6865.0,6,3.0,20,Entire home/apt
913807219343148437,4500.0,13,4.0,68,Entire home/apt
31928513,515.0,2,1.0,153,Entire home/apt
53815834,703.0,4,1.0,22,Private room
1117473735166815893,340.0,2,1.0,8,Private room
1339911020475135048,676.0,5,2.0,35,Entire home/apt
1166007053419938193,689.0,2,1.0,11,Entire home/apt
1110425827658958619,456.0,2,0.0,5,Private room
781829352587712899,3375.0,4,2.0,8,Entire home/apt
1244678194912632895,6444.0,16,8.0,21,Entire home/apt
4112266,660.0,3,1.0,1,Entire home/apt
670471481679915709,1300.0,6,3.0,140,Entire home/apt
1099513906324051292,427.0,1,1.0,11,Private room
1450299137475327273,1105.0,6,2.0,14,Entire home/apt
36850077,483.0,2,1.0,45,Private room
813830111709479119,767.0,2,1.0,31,Private room
1276064696175323815,1091.0,2,1.0,16,Entire home/apt
1421201056991549107,461.0,3,1.0,0,Private room
18228926,1006.0,2,1.0,38,Entire home/apt
1477783664442499458,5142.0,4,1.0,1,Entire home/apt
1449312330909334226,1174.0,4,2.0,16,Entire home/apt
941328040585449672,6222.0,2,1.0,108,Entire home/apt
1390740690668166054,2988.0,4,2.0,9,Entire home/apt
995272175177908314,285.0,2,1.0,23,Entire home/apt
918998856883650926,542.0,4,2.0,39,Entire home/apt
910974050681751390,1656.0,4,2.0,96,Entire home/apt
49062108,1218.0,6,2.0,77,Entire home/apt
38673384,726.0,4,1.0,200,Entire home/apt
644420338962153297,1417.0,2,1.0,256,Entire home/apt
1133643779076832785,527.0,2,1.0,2,Private room
670258607161545106,1035.0,5,2.0,99,Entire home/apt
1513784736327021390,1332.0,7,2.0,0,Entire home/apt
53926753,2854.0,4,2.0,26,Entire home/apt
1456161400193492691,610.0,2,1.0,16,Private room
1491028250728280857,912.0,4,0.0,2,Entire home/apt
734884448352052678,615.0,3,1.0,163,Entire home/apt
50142166,1399.0,4,3.0,299,Entire home/apt
53062779,2028.0,6,2.0,32,Entire home/apt
1013896195086705715,1041.0,2,1.0,46,Entire home/apt
1447412995677290932,862.0,2,1.0,7,Private room
29661349,660.0,2,1.0,94,Private room
1182055694879728862,5273.0,4,2.0,41,Entire home/apt
1128885602756869032,1700.0,5,2.0,18,Entire home/apt
50917949,286.0,1,1.0,1,Private room
676247070890337044,800.0,2,1.0,232,Entire home/apt
908668984691908284,11392.0,14,5.0,20,Entire home/apt
23769540,975.0,2,1.0,253,Private room
1380399827157329272,3530.0,6,2.0,1,Entire home/apt
1151446170968953213,185.0,2,1.0,11,Private room
1506522577167519966,3184.0,2,1.0,0,Entire home/apt
1233458877921301015,4666.0,4,2.0,20,Entire home/apt
25557424,1983.0,4,2.0,178,Entire home/apt
649462397535974744,1832.0,5,2.0,33,Entire home/apt
787942402878296271,1098.0,2,1.0,155,Entire home/apt
47705892,581.0,4,2.0,86,Entire home/apt
1427008644393587110,1077.0,2,1.0,11,Entire home/apt
1356189856571035174,674.0,2,1.0,7,Private room
827616853571439350,1086.0,4,2.0,59,Entire home/apt
1477165729978845278,2462.0,4,2.0,0,Entire home/apt
53299698,862.0,2,2.0,4,Entire home/apt
26441539,437.0,2,1.0,15,Private room
51656646,812.0,3,1.0,85,Entire home/apt
631454183499189489,1060.0,2,1.0,9,Private room
1136441445670285915,3511.0,5,2.0,33,Entire home/apt
20268274,526.0,2,1.0,138,Entire home/apt
1285849656805189146,654.0,3,1.0,0,Entire home/apt
35261288,1321.0,4,2.0,396,Entire home/apt
1424820399184639625,1113.0,2,1.0,0,Entire home/apt
26694760,585.0,2,1.0,247,Private room
13317884,589.0,2,1.0,199,Private room
681273879535606133,6823.0,6,2.0,9,Entire home/apt
975622458920794501,600.0,2,1.0,24,Private room
659354536087887411,1409.0,4,1.0,68,Entire home/apt
1453214856372361802,436.0,1,1.0,23,Entire home/apt
1179063027225939850,778.0,1,1.0,0,Private room
773358639579586037,276.0,1,1.0,16,Private room
1416167334511575468,605.0,2,1.0,1,Private room
557313633125216752,461.0,1,1.0,38,Private room
1177267104799274095,360.0,1,1.0,3,Private room
1416941926118055909,1816.0,2,1.0,0,Entire home/apt
21383477,619.0,2,1.0,315,Entire home/apt
1095074639518017282,765.0,2,1.0,7,Private room
33255389,1438.0,8,3.0,310,Entire home/apt
749469163247928773,1033.0,4,1.0,56,Entire home/apt
1333419586600429766,500.0,1,1.0,11,Private room
38461710,3729.0,2,1.0,86,Entire home/apt
10996854,10328.0,16,7.0,0,Private room
1013782304781572158,3572.0,4,2.0,70,Entire home/apt
1392913034819378509,3180.0,6,3.0,1,Entire home/apt
1477580562359474283,1327.0,2,1.0,0,Entire home/apt
42377919,1064.0,3,1.0,76,Private room
779068397223622040,3073.0,6,3.0,54,Entire home/apt
1072534443645729741,1395.0,4,2.0,14,Entire home/apt
31880212,1620.0,2,1.0,63,Entire home/apt
788033559344641912,638.0,6,2.0,35,Entire home/apt
21054855,369.0,1,2.0,27,Private room
1475497712527790712,569.0,2,1.0,4,Private room
1375641046955331211,2376.0,5,2.0,1,Entire home/apt
831235633634070177,676.0,2,1.0,21,Private room
1034182202097004388,1377.0,2,1.0,39,Entire home/apt
1091175830422771104,756.0,2,1.0,78,Entire home/apt
1114754397072127209,959.0,4,2.0,48,Entire home/apt
1339081237774064470,1473.0,4,2.0,11,Entire home/apt
987624236764382691,476.0,2,0.0,26,Entire home/apt
1363377166134136799,598.0,2,1.0,10,Private room
832805,681.0,2,1.0,159,Private room
892832125265789935,881.0,2,1.0,9,Entire home/apt
42002260,2130.0,2,1.0,21,Private room
1500341910710209695,838.0,2,1.0,1,Private room
1010087698150697847,1006.0,5,3.0,113,Entire home/apt
1218149583555997246,633.0,3,1.0,18,Entire home/apt
1013333217586808101,1148.0,4,1.0,123,Entire home/apt
1191559346924066949,6897.0,16,7.0,41,Entire home/apt
1286644949791178373,1102.0,2,1.0,9,Entire home/apt
1287187179395243630,1670.0,4,2.0,1,Entire home/apt
14039381,255.0,1,1.0,3,Private room
51271117,784.0,2,1.0,134,Entire home/apt
1025613036486832404,3435.0,4,2.0,4,Entire home/apt
656486757343242827,2146.0,10,3.0,164,Entire home/apt
19859541,506.0,2,1.0,35,Private room
1062366301830668979,1370.0,8,3.0,50,Entire home/apt
1056485384074095542,352.0,3,1.0,19,Entire home/apt
926833486630698251,504.0,1,1.0,1,Private room
24177959,405.0,2,1.0,83,Entire home/apt
714737143312218379,1481.0,3,1.0,4,Private room
1471803745031930768,616.0,1,1.0,0,Private room
15065987,239.0,1,1.0,56,Private room
1318298761747681863,1010.0,2,1.0,10,Entire home/apt
35130366,893.0,2,1.0,46,Entire home/apt
1495859455777528770,955.0,2,1.0,6,Entire home/apt
1385684738499056635,557.0,2,1.0,0,Private room
1135845750950521362,1276.0,5,3.0,36,Entire home/apt
16688212,428.0,1,1.0,47,Private room
15411445,1943.0,6,2.0,484,Entire home/apt
29680980,1050.0,2,1.0,224,Entire home/apt
1485840058510037539,265.0,1,1.0,0,Shared room
1467806784533173760,1328.0,2,1.0,12,Entire home/apt
1235045070497920110,432.0,2,1.0,3,Private room
1290554489673424496,941.0,2,1.0,18,Entire home/apt
25036273,1215.0,3,0.0,437,Entire home/apt
51522309,922.0,4,2.0,48,Entire home/apt
40311572,1134.0,6,2.0,130,Entire home/apt
2238309,1943.0,2,1.0,272,Entire home/apt
1217700479502518344,675.0,3,1.0,46,Entire home/apt
1438725755279000251,1141.0,3,2.0,15,Entire home/apt
1243791754022659080,1162.0,3,1.0,84,Entire home/apt
1086345828160651988,3624.0,1,2.0,1,Entire home/apt
1483541146776646720,1019.0,2,1.0,5,Entire home/apt
44392255,819.0,3,2.0,73,Entire home/apt
14708666,897.0,2,1.0,69,Entire home/apt
1317283605620588756,730.0,3,1.0,58,Entire home/apt
833704581432296570,1290.0,7,2.0,111,Entire home/apt
1127664003334602869,1215.0,3,1.0,17,Entire home/apt
45582989,1793.0,2,1.0,29,Entire home/apt
1466931683812825828,1016.0,3,1.0,6,Entire home/apt
1230815509761158926,727.0,2,1.0,105,Private room
771660029039731187,1353.0,3,1.0,150,Entire home/apt
877572238375527700,865.0,2,1.0,2,Entire home/apt
45334379,1380.0,4,2.0,254,Entire home/apt
1274656536679611311,1578.0,2,0.0,382,Entire home/apt
852301487190199884,1089.0,2,2.0,24,Entire home/apt
1309428142194629269,1362.0,1,1.0,0,Private room
6810612,11476.0,16,10.0,0,Private room
17667326,419.0,2,1.0,251,Private room
1362370200563090632,846.0,2,1.0,12,Private room
585471737568051059,2552.0,4,1.0,0,Entire home/apt
1282259124887341162,6450.0,4,1.0,4,Private room
1354142173289364186,1305.0,3,1.0,5,Entire home/apt
1432684980315382454,733.0,2,1.0,3,Private room
52742631,919.0,1,0.0,0,Private room
1072095987452306908,866.0,2,1.0,16,Entire home/apt
38801057,502.0,1,1.0,2,Private room
1454508048468570122,829.0,5,2.0,8,Entire home/apt
1458765164916110935,1007.0,4,2.0,2,Entire home/apt
14707272,833.0,2,1.0,23,Entire home/apt
889764471423359524,2344.0,6,3.0,101,Entire home/apt
1498722094530508437,514.0,2,1.0,2,Entire home/apt
1148036437836712341,2990.0,3,1.0,237,Entire home/apt
1445768649028467972,854.0,2,1.0,2,Entire home/apt
1076706244221778984,1472.0,5,3.0,72,Entire home/apt
43350338,1500.0,2,1.0,2,Entire home/apt
1051409774951312391,824.0,2,1.0,131,Private room
907059728315404539,918.0,4,2.0,118,Entire home/apt
1195837845691120283,934.0,5,2.0,0,Entire home/apt
1411019324473915877,1218.0,3,1.0,13,Entire home/apt
758644507165294035,630.0,4,0.0,157,Entire home/apt
869589607908370092,1948.0,4,2.0,5,Entire home/apt
38066181,2040.0,3,1.0,69,Entire home/apt
1058231554874706424,2118.0,6,2.0,2,Entire home/apt
1502574483646011242,384.0,2,1.0,2,Private room
1482202356367644736,900.0,4,1.0,1,Entire home/apt
1168162240977449976,137.0,2,1.0,0,Private room
1095701265391832041,682.0,2,1.0,49,Entire home/apt
1452573416629499940,382.0,4,0.0,0,Private room
48995042,9835.0,10,3.0,62,Entire home/apt
811538771720056624,1296.0,4,1.0,0,Private room
42721856,1490.0,4,2.0,191,Entire home/apt
1132254127592023840,1360.0,2,1.0,0,Private room
753787841080356752,550.0,1,1.0,3,Private room
1107466362428117306,450.0,2,1.0,14,Private room
43431617,823.0,2,1.0,89,Entire home/apt
592180758632856512,2286.0,2,1.0,105,Entire home/apt
723783614307780006,775.0,3,1.0,122,Entire home/apt
26084315,1330.0,4,2.0,89,Entire home/apt
1424730122279250197,962.0,7,2.0,5,Entire home/apt
780371960362574384,6200.0,2,1.0,0,Private room
848482690184846236,900.0,2,1.0,83,Entire home/apt
53091813,517.0,2,1.0,59,Private room
661741425811519691,1296.0,2,1.0,3,Private room
1124832243858852692,720.0,2,1.0,46,Private room
2419999,804.0,3,1.0,48,Entire home/apt
1430693115937359822,726.0,3,1.0,13,Entire home/apt
1272673005681713455,5642.0,14,6.0,5,Entire home/apt
934316612591873465,350.0,2,1.0,13,Private room
819783846093275524,896.0,4,1.0,51,Entire home/apt
1503788836986960636,945.0,2,1.0,1,Entire home/apt
1424314459994199012,675.0,4,1.0,5,Private room
1172008906255397901,682.0,2,1.0,40,Entire home/apt
37010686,854.0,2,1.0,0,Private room
1250381737337662191,626.0,2,1.0,0,Entire home/apt
1064479879256673768,6262.0,12,5.0,16,Entire home/apt
817563863261073790,1303.0,6,2.0,93,Entire home/apt
49831538,1042.0,2,1.0,146,Entire home/apt
1501125376499863009,1884.0,2,1.0,0,Private room
1067704752697554017,4236.0,8,3.0,18,Entire home/apt
1305115447532119855,1600.0,2,1.0,0,Private room
607359647203765779,1232.0,3,1.0,59,Entire home/apt
42458866,454.0,2,1.0,30,Entire home/apt
785682479765342431,1755.0,2,1.0,130,Entire home/apt
1178421539405900456,389.0,2,1.0,4,Private room
920892554336148940,319.0,1,1.0,10,Shared room
991504994992511424,2501.0,4,2.0,54,Entire home/apt
2117709,626.0,2,1.0,9,Entire home/apt
1434451386307179573,1992.0,8,4.0,15,Entire home/apt
889275562487329683,3705.0,6,3.0,82,Entire home/apt
26978244,764.0,2,1.0,89,Private room
758636300070294821,564.0,4,0.0,114,Entire home/apt
823177705087737021,1500.0,3,1.0,4,Entire home/apt
603727308684417941,682.0,2,1.0,13,Private room
1155826061860692149,1248.0,2,1.0,11,Entire home/apt
1090082896966796696,14379.0,6,3.0,0,Entire home/apt
1495844348376191355,419.0,2,1.0,0,Private room
818064018585665018,1395.0,4,2.0,61,Entire home/apt
971214653951780808,1139.0,2,1.0,60,Entire home/apt
47996611,1100.0,2,2.0,28,Entire home/apt
800553289500917932,520.0,1,1.0,2,Private room
1319085374651679351,920.0,7,2.0,6,Entire home/apt
45670651,1118.0,2,1.0,189,Entire home/apt
1360204895650471685,1241.0,2,1.0,37,Entire home/apt
1269636737591652864,4683.0,6,3.0,5,Entire home/apt
49292392,950.0,2,1.0,136,Private room
937790397281503706,1271.0,2,2.0,79,Entire home/apt
998597998954252755,333.0,1,1.0,74,Private room
1188633793178567327,1166.0,2,1.0,33,Entire home/apt
50620064,779.0,2,1.0,79,Entire home/apt
1498720777937120391,757.0,2,1.0,1,Entire home/apt
652914097252627049,1151.0,6,2.0,151,Entire home/apt
965932045412517434,308.0,1,1.0,65,Shared room
41128904,1809.0,2,1.0,18,Entire home/apt
37855029,2562.0,8,3.0,123,Entire home/apt
1438129266900566729,2009.0,5,2.0,0,Entire home/apt
571108301714964018,1260.0,4,2.0,91,Entire home/apt
6759220,836.0,2,1.0,31,Private room
704593286350596587,1277.0,4,1.0,36,Entire home/apt
1036473037001589172,1100.0,2,1.0,57,Entire home/apt
793608672241261694,4426.0,10,5.0,42,Entire home/apt
1500561137660140688,1121.0,2,1.0,1,Entire home/apt
926054192919599476,2350.0,4,2.0,8,Entire home/apt
46543777,1689.0,4,1.0,4,Private room
45410434,307.0,2,1.0,0,Private room
1071826899361426742,777.0,2,1.0,56,Private room
44708316,336.0,1,1.0,0,Private room
701604184247035344,762.0,2,1.0,115,Entire home/apt
1353809992582071560,756.0,2,1.0,6,Private room
6935711,875.0,4,1.0,109,Entire home/apt
748710543595168599,1500.0,2,1.0,1,Entire home/apt
666648798337918984,540.0,1,1.0,6,Shared room
762426283436716132,3946.0,2,1.0,31,Private room
30794332,679.0,4,2.0,137,Entire home/apt
1274653688807913454,1710.0,6,3.0,39,Entire home/apt
32196903,526.0,2,1.0,44,Entire home/apt
11140958,475.0,2,1.0,266,Private room
1510315359600105043,766.0,4,1.0,0,Entire home/apt
53611205,1200.0,4,1.0,90,Entire home/apt
12409185,700.0,5,2.0,15,Private room
1152246348181045060,1552.0,10,3.0,6,Entire home/apt
46100587,348.0,1,1.0,18,Private room
47910637,309.0,2,1.0,39,Private room
1302706564487301059,1000.0,6,2.0,26,Entire home/apt
1311137477858805035,756.0,3,1.0,17,Entire home/apt
825369202939664656,1335.0,4,2.0,82,Entire home/apt
1141444951146587744,750.0,5,2.0,0,Entire home/apt
1471091681555701220,328.0,1,1.0,6,Private room
775458096849469055,425.0,2,1.0,6,Private room
1297210655155468227,1222.0,6,3.0,15,Entire home/apt
1472411079409545589,505.0,3,1.0,2,Entire home/apt
1500826496099363048,1624.0,3,2.0,0,Entire home/apt
1244416367357637815,3291.0,6,3.0,10,Entire home/apt
53377502,12158.0,16,8.0,5,Entire home/apt
24023459,1515.0,4,2.0,62,Entire home/apt
32898196,450.0,2,1.0,29,Private room
1192144860815113826,758.0,3,2.0,10,Entire home/apt
51332505,1356.0,4,1.0,50,Entire home/apt
860830209178243081,698.0,2,1.0,126,Entire home/apt
745627789052617372,25890.0,16,9.0,102,Entire home/apt
546299707397817064,2760.0,6,3.0,153,Entire home/apt
47814274,920.0,4,2.0,187,Entire home/apt
1087819127074951843,990.0,4,2.0,0,Entire home/apt
17332184,778.0,2,1.0,138,Private room
1487214706468166682,1281.0,4,2.0,4,Entire home/apt
929005567512719998,422.0,1,1.0,5,Private room
1003492825815820354,598.0,2,1.0,16,Private room
1174537725103925156,1252.0,2,1.0,36,Entire home/apt
767062540260948348,1090.0,4,2.0,59,Entire home/apt
836963820979838096,2486.0,8,3.0,17,Entire home/apt
816942103877456174,1500.0,2,1.0,0,Entire home/apt
47409917,1048.0,3,1.0,192,Entire home/apt
1272047904653310367,2196.0,4,1.0,30,Entire home/apt
1190776421545715068,1154.0,4,2.0,71,Entire home/apt
51807531,758.0,2,0.0,173,Entire home/apt
45639312,3636.0,6,3.0,138,Entire home/apt
763628037154780358,1080.0,4,2.0,19,Entire home/apt
913794609709103792,1800.0,2,1.0,0,Private room
1011428,5853.0,6,3.0,25,Entire home/apt
613247983912419132,1554.0,4,2.0,20,Entire home/apt
813825274694432508,2145.0,4,2.0,88,Entire home/apt
2084093,474.0,3,1.0,632,Entire home/apt
585525435714792955,1910.0,2,2.0,0,Entire home/apt
745525250364215201,710.0,1,1.0,26,Private room
1334906356155525826,1817.0,3,1.0,463,Entire home/apt
38694925,1594.0,7,1.0,501,Entire home/apt
888290678458329073,950.0,2,1.0,0,Entire home/apt
889987934293633661,961.0,4,1.0,87,Entire home/apt
1477276534399584287,779.0,1,1.0,1,Private room
790530224851676242,1330.0,2,1.0,51,Entire home/apt
842008410771438302,1462.0,4,1.0,12,Entire home/apt
786976791003293302,1325.0,2,1.0,229,Entire home/apt
53230461,2182.0,4,2.0,21,Entire home/apt
1229688328616272241,469.0,2,1.0,14,Private room
1210421417286664168,493.0,2,1.0,25,Entire home/apt
619484124507324321,620.0,3,1.0,183,Entire home/apt
1000004132020791454,2200.0,4,2.0,8,Entire home/apt
1274076736802327075,1508.0,2,2.0,0,Entire home/apt
1216245916413259679,1466.0,3,1.0,21,Entire home/apt
1264791632977629282,785.0,3,2.0,11,Entire home/apt
44050218,2190.0,5,3.0,76,Entire home/apt
865203169234470729,1164.0,2,1.0,118,Entire home/apt
1010254637387730226,1426.0,4,1.0,223,Entire home/apt
1131528573552364278,468.0,2,1.0,36,Private room
54343014,1749.0,4,2.0,56,Entire home/apt
1031289067292204912,760.0,2,1.0,12,Entire home/apt
680607996515625941,460.0,2,1.0,47,Private room
557943306199725184,964.0,3,1.0,197,Entire home/apt
1079945752003773087,1758.0,6,3.0,78,Entire home/apt
822354598526257945,1125.0,2,1.0,1,Private room
35458460,1256.0,4,1.0,71,Entire home/apt
922467941591732691,1710.0,2,1.0,7,Entire home/apt
939357306356719227,460.0,2,1.0,70,Entire home/apt
940525955734035438,4884.0,3,1.0,45,Entire home/apt
1391997448134498545,1121.0,2,1.0,2,Entire home/apt
1132514488425954966,7500.0,2,1.0,0,Entire home/apt
26777798,1471.0,2,1.0,177,Entire home/apt
1392313792750493581,1890.0,4,1.0,5,Entire home/apt
734172134391391948,1807.0,5,2.0,78,Entire home/apt
1395313661170044388,553.0,4,1.0,0,Private room
950297108944780671,648.0,4,2.0,105,Entire home/apt
39641624,180.0,1,1.0,16,Private room
1438643789031482444,920.0,2,1.0,2,Entire home/apt
611779557580002553,1919.0,5,2.0,170,Entire home/apt
1485637776534802711,1266.0,2,1.0,0,Entire home/apt
833739373202660324,2530.0,6,3.0,86,Entire home/apt
47355854,897.0,1,1.0,0,Private room
651693873866574676,1432.0,4,1.0,3,Entire home/apt
579590447256847241,2986.0,6,3.0,115,Entire home/apt
727829461893202581,2220.0,4,2.0,4,Entire home/apt
1086249590194277156,1250.0,6,2.0,3,Entire home/apt
50326060,813.0,2,1.0,20,Entire home/apt
1439381964775494537,2677.0,6,2.0,2,Entire home/apt
1036343853291806591,1670.0,4,1.0,18,Entire home/apt
728187240022336234,1023.0,4,2.0,157,Entire home/apt
772358836157182733,1229.0,5,2.0,88,Entire home/apt
1273111582851644229,1076.0,2,1.0,22,Private room
810956944513389659,1014.0,2,1.0,5,Entire home/apt
53816384,751.0,8,1.0,34,Private room
1376161704883167694,2334.0,6,3.0,3,Entire home/apt
10683246,687.0,2,1.0,352,Private room
1113749854832292152,4935.0,14,5.0,33,Entire home/apt
792907688194703137,926.0,2,1.0,139,Entire home/apt
895075162908354060,915.0,2,1.0,149,Private room
51715810,3306.0,4,2.0,56,Entire home/apt
44265357,648.0,2,1.0,182,Private room
1292080297216871439,613.0,2,1.0,48,Entire home/apt
927626708026703684,895.0,2,1.0,42,Entire home/apt
45609699,1174.0,2,1.0,70,Entire home/apt
1441434,2330.0,2,1.0,238,Entire home/apt
1479245438056093719,668.0,2,1.0,15,Private room
1006616493694509730,429.0,2,1.0,6,Private room
29993649,2250.0,3,2.0,45,Entire home/apt
40801140,1781.0,4,2.0,25,Entire home/apt
1156061087076882588,1524.0,4,2.0,45,Entire home/apt
616779671185037016,860.0,2,1.0,27,Entire home/apt
1079037835827887631,1250.0,4,2.0,36,Entire home/apt
1232099383233809972,798.0,2,1.0,13,Entire home/apt
45651567,958.0,4,2.0,79,Entire home/apt
923125009034153080,2066.0,5,2.0,1,Entire home/apt
985644096255442657,1277.0,2,1.0,38,Entire home/apt
1019822976552176737,729.0,2,1.0,23,Entire home/apt
1293744851923245499,1670.0,4,2.0,1,Entire home/apt
1509013333971912713,951.0,3,2.0,0,Entire home/apt
1135697882620888408,1846.0,4,1.0,6,Private room
1503260891286717264,933.0,4,2.0,1,Entire home/apt
38697975,498.0,2,1.0,27,Private room
30130679,1098.0,6,2.0,553,Entire home/apt
1048719993661167970,1195.0,16,4.0,135,Entire home/apt
1155828630412926483,675.0,2,1.0,3,Private room
563124970313785591,1251.0,2,1.0,6,Private room
1076281435383586400,410.0,1,2.0,121,Private room
36980999,1016.0,4,2.0,110,Entire home/apt
1497812197183434156,658.0,3,2.0,3,Entire home/apt
724545943304070592,617.0,1,1.0,18,Private room
859605118613644591,360.0,2,1.0,2,Private room
1259594298824759165,1046.0,2,1.0,6,Entire home/apt
775728998841624521,1108.0,4,2.0,21,Entire home/apt
1165515051158221591,2123.0,4,2.0,38,Entire home/apt
1273090150235215035,1041.0,2,1.0,40,Private room
1503126045331363726,1568.0,4,1.0,0,Private room
940012900225107330,384.0,1,1.0,42,Entire home/apt
33073306,281.0,1,1.0,81,Private room
52362169,1227.0,2,1.0,35,Entire home/apt
1086320175428457813,1300.0,2,0.0,3,Entire home/apt
1191580877483551887,1505.0,2,1.0,31,Entire home/apt
852767946409179558,1871.0,5,2.0,143,Entire home/apt
929036069500196793,1086.0,2,1.0,63,Entire home/apt
18706465,729.0,3,2.0,5,Entire home/apt
1454359107017394294,1397.0,3,1.0,11,Entire home/apt
53850282,1343.0,8,3.0,112,Entire home/apt
1308634431081782348,959.0,2,1.0,14,Entire home/apt
988521333587036066,3417.0,3,1.0,11,Entire home/apt
1510899219052192563,344.0,3,1.0,0,Entire home/apt
38289144,342.0,1,1.0,9,Private room
795601693561969987,290.0,1,1.0,21,Private room
1177545741757571130,1307.0,4,2.0,10,Entire home/apt
11849105,380.0,2,1.0,313,Private room
42817889,1882.0,4,2.0,11,Entire home/apt
501037,1315.0,4,2.0,161,Entire home/apt
1469811019092267291,730.0,2,1.0,8,Entire home/apt
1092372552456451853,780.0,3,1.0,1,Entire home/apt
826046796610953146,563.0,2,1.0,52,Entire home/apt
10153237,2530.0,6,3.0,210,Entire home/apt
1109341894428682683,486.0,2,1.0,39,Private room
30309418,1800.0,6,2.0,101,Entire home/apt
22791760,191.0,2,1.0,94,Private room
30427777,533.0,1,0.0,6,Private room
1279310090441213471,1125.0,4,2.0,50,Entire home/apt
47746130,1077.0,3,1.0,70,Entire home/apt
1454807727213606831,795.0,2,1.0,5,Entire home/apt
52131906,1109.0,4,2.0,191,Entire home/apt
48881388,2659.0,2,1.0,124,Private room
544894572404796623,758.0,1,1.0,29,Entire home/apt
558697613538539854,1900.0,12,1.0,1,Private room
1274655018332638701,2153.0,2,1.0,71,Entire home/apt
51471658,1166.0,2,1.0,42,Entire home/apt
15614167,10000.0,4,2.0,16,Entire home/apt
903000325434408005,6381.0,9,4.0,1,Entire home/apt
1479321183174132588,855.0,2,1.0,0,Entire home/apt
1435754657886613549,1310.0,4,1.0,4,Entire home/apt
718393869426022780,294.0,5,1.0,110,Private room
2519535,1209.0,2,1.0,67,Private room
51714962,4500.0,7,3.0,29,Entire home/apt
700034901856100454,4358.0,7,4.0,67,Entire home/apt
38178713,966.0,4,1.0,118,Entire home/apt
53536052,378.0,1,1.0,4,Private room
604194368965314732,495.0,2,1.0,368,Entire home/apt
1161933167601076460,650.0,2,1.0,22,Private room
1423545677606856724,630.0,1,1.0,1,Private room
1316134217932252344,839.0,4,2.0,41,Entire home/apt
35381189,363.0,2,1.0,59,Private room
1400648401523700431,23454.0,16,9.0,2,Entire home/apt
46138967,711.0,4,1.0,2,Private room
1203180673925561455,1331.0,1,1.0,0,Private room
1471088145379305073,1312.0,4,1.0,1,Entire home/apt
21037201,500.0,1,1.0,17,Private room
1381461402901665173,922.0,4,2.0,11,Entire home/apt
38541366,681.0,5,2.0,143,Entire home/apt
53841453,1600.0,6,2.0,127,Entire home/apt
816954886109181315,2000.0,2,1.0,0,Entire home/apt
34116413,573.0,1,1.0,17,Private room
1257135336293369799,5175.0,3,1.0,4,Entire home/apt
1431332989723647155,2062.0,2,1.0,11,Entire home/apt
33661233,5715.0,4,2.0,1,Entire home/apt
1243035975121717252,1748.0,6,2.0,35,Entire home/apt
18686503,1500.0,3,1.0,40,Entire home/apt
53154150,1000.0,6,1.0,35,Entire home/apt
985834730947580863,960.0,4,2.0,19,Entire home/apt
912938960682799864,1753.0,5,2.0,13,Entire home/apt
48422269,2336.0,4,2.0,3,Entire home/apt
998794930296033800,705.0,4,2.0,124,Entire home/apt
1344949333098873995,869.0,4,1.0,16,Entire home/apt
741958741144297082,2918.0,2,1.0,4,Private room
48614346,2052.0,4,1.0,153,Entire home/apt
1147182176029915034,1022.0,4,2.0,21,Entire home/apt
1273405471956827641,1500.0,2,1.0,2,Entire home/apt
1219553696114508933,1715.0,2,1.0,108,Entire home/apt
1272710089067519627,2527.0,3,1.0,59,Entire home/apt
988461649564232612,2811.0,4,1.0,0,Entire home/apt
949368841917363503,1400.0,5,2.0,32,Entire home/apt
811155332062493816,500.0,1,1.0,92,Private room
21163767,608.0,1,1.0,11,Private room
1257374744232965520,408.0,2,0.0,15,Private room
1451027739638022218,757.0,2,1.0,13,Private room
35152732,2083.0,2,1.0,0,Private room
1503118646481690366,1167.0,3,1.0,0,Entire home/apt
1280045522396109721,648.0,2,1.0,5,Private room
1475557509850783073,396.0,1,1.0,2,Private room
705192576890504662,3122.0,2,1.0,0,Private room
838598377218554894,1081.0,3,1.0,106,Entire home/apt
46225170,21191.0,16,10.0,0,Entire home/apt
1184081138530862070,441.0,1,1.0,0,Private room
1428243315017351078,2046.0,2,1.0,0,Entire home/apt
1181171962926268576,770.0,2,1.0,40,Entire home/apt
1470406588301966116,1923.0,8,3.0,2,Entire home/apt
770447577330929630,698.0,2,1.0,25,Entire home/apt
42406058,1477.0,6,3.0,0,Entire home/apt
1028672269001485634,1249.0,3,1.0,54,Entire home/apt
35284764,493.0,2,1.0,120,Private room
1290556729717050092,553.0,2,1.0,17,Private room
48770051,500.0,4,1.0,45,Entire home/apt
974577810664228299,974.0,3,1.0,100,Entire home/apt
10853953,31854.0,2,1.0,66,Private room
1363965708160775097,1407.0,2,1.0,17,Entire home/apt
994520648237794589,960.0,3,2.0,61,Entire home/apt
1156684047998399953,2106.0,4,2.0,6,Entire home/apt
1192814133915903870,2823.0,4,2.0,0,Entire home/apt
1285623306837434007,425.0,1,1.0,1,Private room
54261609,350.0,1,3.0,1,Private room
1351705092308905477,8995.0,6,3.0,0,Private room
11047706,524.0,3,1.0,433,Entire home/apt
1203656275989109918,6062.0,14,4.0,1,Entire home/apt
1131128251988603914,139.0,4,1.0,11,Shared room
1389505216049645446,915.0,3,1.0,10,Private room
1377811591434555993,1331.0,3,1.0,2,Private room
29909604,564.0,2,1.0,222,Entire home/apt
31907980,400.0,2,1.0,88,Private room
671590616812362311,1381.0,6,3.0,102,Entire home/apt
28607246,1098.0,4,2.0,437,Entire home/apt
1387078272553945628,360.0,3,2.0,0,Entire home/apt
27393462,698.0,2,1.0,62,Private room
41840588,1476.0,4,2.0,11,Entire home/apt
1185151229866005147,954.0,6,2.0,55,Entire home/apt
24653738,2975.0,6,3.0,14,Entire home/apt
1498039596939931133,388.0,2,1.0,1,Private room
1198383921895744131,9442.0,5,1.0,0,Private room
864349938138690403,1667.0,5,2.0,74,Entire home/apt
1317738134239780679,723.0,2,1.0,11,Private room
50151095,3513.0,6,3.0,56,Entire home/apt
638567686039082613,1139.0,2,1.0,59,Entire home/apt
50416016,1769.0,2,1.0,21,Entire home/apt
18227896,755.0,2,1.0,0,Private room
1258684505311535253,862.0,2,1.0,69,Private room
1494242602066072140,281.0,2,1.0,5,Private room
653580795309572431,1615.0,2,1.0,117,Entire home/apt
47908139,558.0,3,1.0,2,Entire home/apt
30251794,2445.0,4,2.0,12,Entire home/apt
1437162210537592351,3143.0,2,1.0,0,Private room
33810636,250.0,1,1.0,205,Private room
1084890689815498587,1200.0,2,1.0,0,Private room
43806290,839.0,6,2.0,158,Entire home/apt
45134537,972.0,4,2.0,67,Entire home/apt
17721518,270.0,1,1.0,47,Private room
889900753426250958,2212.0,5,2.0,20,Entire home/apt
613146462421127643,328.0,3,1.0,39,Private room
51998578,763.0,2,1.0,50,Entire home/apt
785570963743044078,2470.0,16,4.0,48,Entire home/apt
744117439516325010,1242.0,2,1.0,116,Entire home/apt
1438567032646227265,868.0,2,1.0,14,Private room
893711327366314260,438.0,1,1.0,37,Private room
1137680118429645738,768.0,2,1.0,0,Entire home/apt
46467184,2122.0,2,1.0,137,Entire home/apt
620320800128182804,1031.0,5,2.0,126,Entire home/apt
932077369066400466,405.0,1,1.0,0,Private room
19806108,2530.0,4,2.0,78,Entire home/apt
609566863853903273,1069.0,2,1.0,147,Entire home/apt
51921709,3600.0,2,1.0,0,Private room
29367675,480.0,2,1.0,1,Entire home/apt
31466475,630.0,1,1.0,26,Private room
1412463229356939211,684.0,2,1.0,1,Entire home/apt
38337027,253.0,2,1.0,67,Private room
1137707461920461321,585.0,2,1.0,29,Private room
1517592709971736097,500.0,2,2.0,0,Entire home/apt
782141463665240371,627.0,5,1.0,4,Private room
1455296098357521653,2452.0,7,4.0,0,Entire home/apt
1258255122156915379,1054.0,3,1.0,44,Entire home/apt
22174603,1052.0,4,2.0,72,Entire home/apt
41384748,1271.0,4,2.0,509,Entire home/apt
818082516232526319,705.0,4,2.0,67,Entire home/apt
1361809391428969097,585.0,2,1.0,1,Private room
1309512287194656782,550.0,2,1.0,0,Private room
15843096,4940.0,6,3.0,260,Entire home/apt
33964213,403.0,6,2.0,14,Entire home/apt
1366245540807367425,534.0,2,1.0,1,Private room
1434380736004219305,630.0,2,1.0,5,Private room
25781133,1129.0,2,1.0,331,Entire home/apt
24138187,1500.0,6,3.0,63,Entire home/apt
832178022813662205,480.0,1,1.0,0,Private room
17283461,2163.0,6,3.0,80,Entire home/apt
929927840490364665,452.0,2,1.0,117,Entire home/apt
821054945786686726,1818.0,4,3.0,39,Entire home/apt
542225896038199215,483.0,3,2.0,5,Private room
28802812,2132.0,5,1.0,55,Entire home/apt
30267468,579.0,2,1.0,13,Shared room
1329216197106208806,79.0,1,1.0,4,Shared room
868785224850976724,1276.0,2,0.0,32,Entire home/apt
1264583176829209338,1365.0,3,1.0,8,Entire home/apt
644362473668316970,2161.0,4,2.0,96,Entire home/apt
1142261595689657380,1700.0,7,3.0,16,Entire home/apt
1436388425667145778,830.0,2,1.0,10,Private room
42299356,1940.0,2,1.0,41,Entire home/apt
1452457898319204943,782.0,4,1.0,9,Entire home/apt
7201720,1731.0,2,1.0,30,Private room
1071727019241307308,1720.0,2,1.0,1,Entire home/apt
24024723,817.0,1,1.0,0,Private room
48419939,1440.0,2,1.0,11,Entire home/apt
1293843407022692803,633.0,2,1.0,0,Private room
52116506,1216.0,2,1.0,6,Private room
1316065254495778915,1376.0,2,2.0,38,Entire home/apt
745252146595759490,694.0,2,1.0,101,Entire home/apt
46399672,3028.0,4,2.0,355,Entire home/apt
41917043,175.0,1,1.0,4,Entire home/apt
643567523915224506,1331.0,3,1.0,22,Entire home/apt
18647844,728.0,2,1.0,35,Private room
600195692185182931,789.0,3,1.0,79,Private room
933531658364634777,1280.0,2,1.0,113,Entire home/apt
1394281351651415035,1950.0,2,1.0,12,Private room
1264189181770307820,350.0,1,1.0,44,Private room
668870203196505829,420.0,2,1.0,152,Private room
823359260384534545,2704.0,6,2.0,12,Entire home/apt
52736532,1200.0,2,1.0,44,Entire home/apt
5562688,1938.0,2,1.0,280,Entire home/apt
1008568057308707074,861.0,2,1.0,1,Entire home/apt
52820089,848.0,4,2.0,40,Entire home/apt
924192225643950169,485.0,2,1.0,114,Entire home/apt
39562186,710.0,2,1.0,0,Private room
1026154149914821730,1135.0,3,1.0,36,Entire home/apt
812319377602185212,1916.0,3,1.0,16,Entire home/apt
2373420,428.0,1,1.0,30,Private room
34411629,474.0,1,1.0,0,Private room
50396424,1195.0,4,2.0,108,Entire home/apt
8098118,1980.0,2,0.0,3,Entire home/apt
49573644,513.0,2,1.0,0,Private room
41370326,661.0,3,1.0,96,Entire home/apt
1006565574839947166,1118.0,2,1.0,73,Entire home/apt
1060295866950338416,259.0,1,1.0,0,Private room
1082786626555804393,100711.0,16,14.0,0,Entire home/apt
944315968382979931,680.0,2,1.0,45,Private room
1237877878002915156,1161.0,3,0.0,32,Entire home/apt
1000979577358117725,805.0,1,1.0,4,Private room
644373755641708724,3550.0,5,2.0,122,Entire home/apt
1410905904675451086,958.0,5,2.0,32,Entire home/apt
40058448,908.0,3,1.0,85,Entire home/apt
1361005143226518481,1155.0,2,1.0,1,Entire home/apt
1371609224711943360,1431.0,4,2.0,11,Entire home/apt
21892247,1157.0,3,2.0,15,Entire home/apt
53590083,2220.0,6,2.0,11,Entire home/apt
1478936823429005810,1059.0,4,1.0,9,Entire home/apt
1187109585962878888,713.0,5,2.0,51,Entire home/apt
1461017322319391580,7316.0,4,2.0,0,Entire home/apt
1065275399751258783,1111.0,2,1.0,26,Private room
760912,625.0,2,1.0,5,Private room
1222693935590559600,987.0,5,3.0,99,Entire home/apt
728383233584819726,321.0,2,1.0,28,Private room
1113350206645734300,625.0,2,1.0,36,Entire home/apt
1136217301571000364,1700.0,4,2.0,54,Entire home/apt
1458119009803347803,1865.0,5,0.0,0,Entire home/apt
963953690075465181,2709.0,2,1.0,65,Entire home/apt
1340071948233333713,559.0,4,2.0,2,Entire home/apt
692768563155394944,585.0,1,1.0,4,Private room
29900054,1187.0,2,1.0,103,Entire home/apt
863830094216434605,1177.0,4,2.0,18,Entire home/apt
808214512218160233,630.0,4,2.0,14,Entire home/apt
1384160163599865364,1986.0,4,2.0,9,Entire home/apt
1022485475291779871,865.0,4,2.0,0,Entire home/apt
33393558,880.0,4,1.0,69,Entire home/apt
28964051,380.0,1,1.0,5,Private room
1202297815101655244,1357.0,2,1.0,38,Entire home/apt
1381904861556297816,1638.0,4,1.0,4,Private room
811522985439889718,1296.0,4,1.0,0,Private room
39893079,1235.0,5,2.0,165,Entire home/apt
49287939,864.0,2,1.0,12,Entire home/apt
901667477994164026,742.0,2,1.0,10,Private room
21783439,562.0,2,1.0,82,Entire home/apt
1390064363556927085,990.0,4,2.0,15,Entire home/apt
35605936,1300.0,2,1.0,0,Hotel room
1416713958497840933,528.0,7,1.0,28,Entire home/apt
881244230165732168,928.0,2,1.0,188,Entire home/apt
863899556577100010,678.0,2,1.0,27,Private room
27959334,350.0,2,1.0,110,Private room
1512006556132914257,179.0,8,2.0,0,Shared room
51174319,355.0,1,1.0,179,Private room
7998237,2579.0,7,3.0,22,Private room
548480938257363558,583.0,3,1.0,217,Entire home/apt
1232171962499466145,1098.0,2,1.0,16,Entire home/apt
48943686,1000.0,6,3.0,0,Entire home/apt
986343861613907983,1243.0,6,3.0,70,Entire home/apt
1346692819982981925,451.0,1,1.0,3,Private room
1437012440847810740,307.0,1,1.0,2,Shared room
42495986,1969.0,4,2.0,78,Entire home/apt
1303245579187868879,727.0,2,1.0,18,Entire home/apt
49446427,976.0,2,1.0,68,Entire home/apt
1507360420737216141,581.0,2,1.0,0,Private room
48684766,2493.0,4,2.0,96,Entire home/apt
1148047337363180110,1181.0,4,1.0,28,Entire home/apt
1105090367610179840,2214.0,4,2.0,79,Entire home/apt
46656539,1588.0,4,2.0,179,Entire home/apt
1193860876172647661,594.0,2,1.0,1,Private room
568961178816124440,3150.0,6,3.0,43,Entire home/apt
817576687335463937,450.0,2,1.0,0,Private room
1416287122878885607,945.0,4,1.0,5,Entire home/apt
1481237182860839349,2000.0,2,1.0,0,Private room
21199614,3316.0,2,1.0,9,Entire home/apt
893770305309529828,780.0,2,1.0,19,Private room
704779,980.0,3,1.0,47,Entire home/apt
54198245,1197.0,3,1.0,86,Entire home/apt
37776335,3990.0,6,3.0,141,Entire home/apt
653874751326006379,3996.0,10,5.0,67,Entire home/apt
878328296796571114,280.0,2,1.0,0,Private room
19385145,757.0,4,2.0,124,Entire home/apt
1067868583064682774,428.0,1,1.0,9,Private room
52740321,1210.0,3,2.0,63,Entire home/apt
49028281,3600.0,3,1.0,13,Entire home/apt
1403746998644883285,1051.0,4,2.0,31,Entire home/apt
1323181468424233857,1211.0,6,2.0,30,Entire home/apt
1479288651627167060,668.0,2,1.0,7,Private room
1337120027206139833,8888.0,16,6.0,17,Entire home/apt
34334400,4566.0,2,2.0,0,Entire home/apt
1011797606865266304,1245.0,4,2.0,31,Entire home/apt
1261855613363423993,900.0,2,1.0,4,Private room
1157332894896006322,506.0,1,1.0,2,Private room
45988882,212.0,1,1.0,0,Private room
945097282104414819,642.0,2,1.0,3,Private room
1233500161341339818,819.0,2,1.0,12,Entire home/apt
1422543775178386426,629.0,2,1.0,25,Private room
52053823,1088.0,2,1.0,103,Entire home/apt
893242456737004158,1199.0,3,2.0,144,Entire home/apt
1314253209833214456,476.0,5,1.0,17,Entire home/apt
1502223704829217028,3858.0,4,2.0,0,Entire home/apt
777557776431218713,1053.0,4,2.0,26,Entire home/apt
1386475721270596072,890.0,5,3.0,7,Entire home/apt
20946278,2090.0,6,3.0,16,Entire home/apt
1224338493256728069,469.0,2,1.0,15,Private room
654926692711894809,1264.0,2,1.0,13,Entire home/apt
1257984153312956067,900.0,2,1.0,24,Private room
827112594853783487,1344.0,5,2.0,159,Entire home/apt
52756025,650.0,3,2.0,78,Entire home/apt
1009996516793442594,1080.0,2,1.0,54,Private room
1180551447354227627,7133.0,4,2.0,45,Entire home/apt
36728270,520.0,2,1.0,60,Private room
862407717677822496,1537.0,2,1.0,50,Entire home/apt
34308529,616.0,3,1.0,43,Entire home/apt
36113593,415.0,1,1.0,11,Private room
1494166722601930655,2081.0,4,2.0,1,Entire home/apt
861599949750976534,1463.0,4,2.0,5,Entire home/apt
32722576,613.0,1,1.0,93,Entire home/apt
1007353661292784083,4800.0,8,2.0,0,Entire home/apt
26108173,689.0,4,2.0,193,Entire home/apt
40475153,627.0,4,1.0,85,Entire home/apt
1193833222092020068,1511.0,6,2.0,57,Entire home/apt
603135251537650114,200.0,1,1.0,4,Private room
814508168712478574,694.0,2,1.0,0,Private room
990778433586504447,925.0,2,1.0,5,Entire home/apt
40805117,1228.0,3,1.0,303,Entire home/apt
1063968631740112080,443.0,2,1.0,136,Private room
50417373,4448.0,5,3.0,49,Entire home/apt
44703839,1010.0,2,1.0,21,Entire home/apt
1361804810659369877,1303.0,4,2.0,12,Entire home/apt
741421506560053842,1341.0,3,1.0,51,Entire home/apt
787057223461500692,1323.0,8,3.0,113,Entire home/apt
867579615459668242,860.0,2,1.0,1,Entire home/apt
852286260937265961,417.0,2,1.0,7,Private room
835753539744623577,955.0,2,1.0,114,Entire home/apt
47353740,792.0,3,1.0,169,Entire home/apt
968410917233364149,1440.0,6,2.0,4,Entire home/apt
21370394,655.0,2,1.0,33,Private room
1372529015193316840,604.0,2,1.0,31,Entire home/apt
53939432,908.0,3,1.0,82,Entire home/apt
1297191175996846776,162.0,3,1.0,2,Shared room
758752430871815867,678.0,2,1.0,41,Entire home/apt
1484922821834003935,2286.0,2,1.0,2,Entire home/apt
20728651,4703.0,6,3.0,94,Entire home/apt
665408737717253904,1709.0,6,3.0,100,Entire home/apt
53722404,880.0,4,2.0,49,Entire home/apt
634181350610941872,884.0,2,1.0,279,Entire home/apt
49174914,791.0,2,1.0,22,Entire home/apt
1006740904776435422,1129.0,5,2.0,68,Entire home/apt
1228358898317151610,1474.0,2,1.0,26,Entire home/apt
46200928,2410.0,5,2.0,172,Entire home/apt
800085610128911464,1928.0,4,1.0,0,Entire home/apt
1070371872536453660,2160.0,4,1.0,32,Entire home/apt
1001478568069754350,663.0,2,1.0,108,Private room
1490184194310692529,1967.0,16,5.0,1,Entire home/apt
52991889,585.0,2,1.0,45,Private room
1147962787814880369,1292.0,2,1.0,19,Entire home/apt
1197284184949468770,1350.0,4,2.0,9,Entire home/apt
1244994483630842153,397.0,1,1.0,14,Private room
17212945,618.0,2,1.0,291,Entire home/apt
51472402,684.0,2,1.0,13,Entire home/apt
1145108891206836972,471.0,2,1.0,19,Entire home/apt
49659214,3950.0,12,6.0,112,Entire home/apt
1211566606391583637,680.0,3,1.0,14,Entire home/apt
52692225,900.0,2,1.0,16,Entire home/apt
1243545614458592057,405.0,2,1.0,20,Entire home/apt
1224056493349160314,3716.0,11,3.0,17,Entire home/apt
665364626463740003,950.0,2,1.0,31,Entire home/apt
1211768589707757419,2456.0,8,3.0,32,Entire home/apt
41585502,1630.0,2,1.0,44,Entire home/apt
24326911,569.0,3,1.0,23,Entire home/apt
1107340665313205011,4394.0,2,1.0,0,Private room
51390056,1297.0,3,1.0,38,Entire home/apt
1171391156295685744,696.0,2,1.0,3,Private room
1156647318558815290,626.0,3,1.0,1,Entire home/apt
658761980047127662,407.0,2,1.0,98,Private room
623839297055841352,2330.0,2,1.0,24,Private room
1488007092906159142,879.0,2,1.0,1,Entire home/apt
1223312221892704537,855.0,2,1.0,91,Entire home/apt
1445579799733592864,1039.0,5,2.0,6,Entire home/apt
588423290008014068,600.0,3,1.0,234,Entire home/apt
17252038,942.0,2,1.0,23,Entire home/apt
50328440,1250.0,3,0.0,6,Entire home/apt
659774573223820886,2743.0,4,2.0,181,Entire home/apt
997961966725043117,2158.0,7,3.0,98,Entire home/apt
1089827300651785197,1762.0,3,1.0,846,Entire home/apt
1347334575138627306,514.0,1,1.0,0,Private room
28632161,1658.0,4,2.0,327,Entire home/apt
1393029334815991251,1347.0,5,1.0,0,Entire home/apt
22306411,200.0,2,1.0,0,Private room
1245832219106370661,634.0,4,1.0,11,Entire home/apt
1502539450382109927,572.0,2,1.0,0,Entire home/apt
5750208,1260.0,2,1.0,50,Entire home/apt
1396516840114273832,1066.0,5,2.0,13,Entire home/apt
53535168,378.0,1,1.0,3,Private room
28253798,990.0,2,1.0,49,Private room
1413098900385310329,508.0,1,1.0,0,Private room
24526329,1431.0,4,2.0,72,Entire home/apt
12409395,541.0,2,1.0,255,Entire home/apt
46664944,1702.0,4,2.0,3,Entire home/apt
1154479713135503797,590.0,2,1.0,16,Private room
841966021733803621,1250.0,4,2.0,30,Entire home/apt
706539057313754119,1320.0,2,1.0,41,Entire home/apt
560962645311640850,2025.0,2,1.0,35,Private room
1136953948910745443,2003.0,10,4.0,42,Entire home/apt
1376313727824679141,572.0,1,1.0,43,Private room
21865878,312.0,1,1.0,1,Private room
1112237097313666798,2294.0,2,1.0,2,Entire home/apt
785542292822635146,1351.0,3,1.0,71,Entire home/apt
6713478,4595.0,2,1.0,93,Private room
19158204,883.0,4,1.0,234,Entire home/apt
18582606,1291.0,3,1.0,161,Entire home/apt
1183726376805867398,640.0,4,2.0,0,Entire home/apt
1095412734158479770,971.0,3,1.0,1,Private room
17876770,5517.0,8,3.0,26,Entire home/apt
12712047,1117.0,6,1.0,343,Entire home/apt
948774035312968192,869.0,4,1.0,65,Entire home/apt
16737639,724.0,2,1.0,291,Private room
771215355339708709,2920.0,6,3.0,4,Entire home/apt
1090852004381824031,1608.0,4,2.0,0,Entire home/apt
14183046,2590.0,7,4.0,385,Entire home/apt
1009045080596950922,1400.0,4,2.0,57,Entire home/apt
805907879993588378,2083.0,2,1.0,114,Entire home/apt
1433449006096790270,1392.0,2,1.0,62,Entire home/apt
53069558,506.0,5,2.0,53,Entire home/apt
33037873,1408.0,5,2.0,200,Entire home/apt
47310027,571.0,2,1.0,133,Entire home/apt
969295127417551603,1426.0,4,2.0,65,Entire home/apt
820480453878286465,589.0,2,1.0,56,Entire home/apt
831015064679462171,550.0,2,1.0,8,Private room
1142357867592038032,389.0,3,1.0,35,Private room
746647364876658675,609.0,2,1.0,40,Private room
17032179,911.0,3,1.0,24,Entire home/apt
1101078517305888632,1913.0,4,2.0,81,Entire home/apt
1223944928793592804,4309.0,11,3.0,3,Entire home/apt
1019752330269068650,1088.0,2,1.0,71,Entire home/apt
930010459506623560,1140.0,7,2.0,26,Entire home/apt
1092113200978990786,3093.0,4,2.0,5,Entire home/apt
918176085749168149,2147.0,2,1.0,74,Entire home/apt
762510411201549824,3392.0,7,3.0,12,Entire home/apt
1248147029043222680,1417.0,2,1.0,19,Entire home/apt
957939737281549548,560.0,1,1.0,2,Private room
1138083054513437697,2136.0,8,3.0,45,Entire home/apt
1380520260642378180,1853.0,4,2.0,8,Entire home/apt
867367122336447570,991.0,2,1.0,8,Entire home/apt
17417249,1197.0,2,1.0,84,Entire home/apt
1135073383677330028,2248.0,4,2.0,7,Entire home/apt
1513920872952947459,880.0,3,2.0,1,Entire home/apt
1246654543167087509,333.0,2,1.0,12,Private room
1463353936123291766,1186.0,5,3.0,5,Entire home/apt
1009552288004798187,1800.0,2,1.0,24,Entire home/apt
1045498573595971631,1685.0,4,2.0,6,Entire home/apt
889980253920055157,1970.0,2,1.0,100,Entire home/apt
542142231547646450,1004.0,5,3.0,90,Entire home/apt
1210704745160547116,2809.0,4,2.0,68,Entire home/apt
1161780352510686333,1040.0,4,2.0,1,Entire home/apt
1400319135188734097,665.0,2,1.0,8,Entire home/apt
10430293,1014.0,4,2.0,143,Entire home/apt
766566329046597764,191.0,1,1.0,8,Private room
15548531,1009.0,4,0.0,245,Entire home/apt
45938355,1368.0,3,1.0,49,Entire home/apt
1408942743409721090,783.0,4,2.0,3,Entire home/apt
1201562059356867232,1028.0,2,1.0,24,Entire home/apt
1450300528106131951,649.0,2,1.0,5,Entire home/apt
1472046085852493161,298.0,1,1.0,3,Entire home/apt
51977222,514.0,2,1.0,4,Private room
796446105068764173,1159.0,2,1.0,223,Private room
38926397,12841.0,2,1.0,1,Private room
977871886021250571,873.0,2,1.0,10,Entire home/apt
1326874384312162459,428.0,2,1.0,7,Private room
1409509888355413856,2146.0,6,2.0,0,Entire home/apt
51656897,1200.0,6,2.0,31,Entire home/apt
1390291008052456360,2055.0,4,2.0,17,Entire home/apt
1017708003558773373,1089.0,4,2.0,3,Entire home/apt
828523571239175137,898.0,4,2.0,92,Private room
1461648928191302107,4822.0,6,2.0,0,Entire home/apt
1026326316287864929,772.0,2,1.0,14,Entire home/apt
45683878,1242.0,2,1.0,61,Entire home/apt
848019546118464732,719.0,2,1.0,64,Entire home/apt
53827608,677.0,2,1.0,56,Private room
17209454,171.0,1,1.0,30,Private room
923549739671760837,1283.0,4,2.0,138,Entire home/apt
1366067425015669532,1052.0,2,1.0,0,Entire home/apt
846358782806950855,314.0,1,1.0,12,Private room
1461748741231994412,432.0,1,1.0,11,Private room
23838924,1894.0,2,1.0,55,Private room
1074818285369979325,1125.0,2,1.0,93,Entire home/apt
1478164052389360038,1266.0,5,2.0,2,Entire home/apt
1411616640892559243,1568.0,3,1.0,30,Private room
1253856979071427029,6002.0,6,3.0,22,Entire home/apt
1182665025283251175,927.0,4,1.0,22,Entire home/apt
1390311383667015516,710.0,2,1.0,6,Entire home/apt
1429935899592841120,1246.0,3,2.0,3,Entire home/apt
1340255707768833078,492.0,1,1.0,3,Private room
1492173572300657671,920.0,3,1.0,3,Entire home/apt
1368132787124801664,719.0,2,1.0,4,Private room
1479097082840577289,3042.0,5,2.0,1,Entire home/apt
47453376,559.0,2,1.0,69,Entire home/apt
826184001896019809,802.0,2,1.0,85,Entire home/apt
1234756088500636419,744.0,3,2.0,13,Entire home/apt
1366454545069759991,430.0,1,1.0,1,Private room
1195759219963498402,1001.0,2,1.0,9,Entire home/apt
1293573698025558767,810.0,2,1.0,0,Entire home/apt
969507532194506975,765.0,2,3.0,4,Private room
48697761,1491.0,2,1.0,182,Entire home/apt
39773904,1248.0,8,3.0,59,Entire home/apt
1206577107691433668,1094.0,4,1.0,40,Entire home/apt
51907798,1110.0,2,1.0,9,Entire home/apt
694310133671876678,1652.0,2,1.0,12,Entire home/apt
1111913710943680762,504.0,1,2.0,0,Private room
968935150044010977,380.0,2,1.0,0,Private room
24754117,318.0,1,1.0,38,Private room
1367013367203847052,1103.0,5,2.0,11,Entire home/apt
893136109210195736,1246.0,2,1.0,13,Entire home/apt
924608220232826678,2365.0,4,2.0,16,Entire home/apt
1344959423755351911,532.0,2,1.0,2,Private room
43986865,999.0,4,2.0,130,Entire home/apt
18360341,1530.0,6,2.0,189,Entire home/apt
742371031534915263,1735.0,4,2.0,31,Entire home/apt
1404617427987335373,5704.0,4,2.0,6,Entire home/apt
5709049,783.0,2,1.0,173,Entire home/apt
595207622430823791,1338.0,3,1.0,109,Entire home/apt
1495803941847960510,1141.0,4,2.0,1,Entire home/apt
1266740411147798417,827.0,1,1.0,2,Private room
1072722297740558270,1813.0,6,2.0,6,Entire home/apt
1411714391849160417,1955.0,4,2.0,0,Entire home/apt
1369031082231814197,720.0,2,1.0,0,Entire home/apt
48753068,813.0,2,1.0,9,Private room
623909185182585854,785.0,2,1.0,26,Entire home/apt
32425812,760.0,2,1.0,265,Private room
45752172,1333.0,5,3.0,2,Entire home/apt
1286252644614618471,315.0,1,1.0,5,Private room
821208120549275652,512.0,2,1.0,183,Private room
1117696902063748272,618.0,1,1.0,30,Private room
628323652704700848,600.0,3,1.0,8,Entire home/apt
18373779,515.0,2,1.0,51,Private room
837907255989530844,1013.0,5,2.0,39,Entire home/apt
1305242261794164360,2000.0,2,1.0,0,Private room
556813020594981458,627.0,2,1.0,46,Private room
1135832179058063627,1350.0,2,0.0,3,Entire home/apt
40534301,1206.0,2,1.0,125,Private room
863886530263095234,718.0,2,1.0,25,Private room
866251784915377727,873.0,2,1.0,93,Entire home/apt
53229918,493.0,1,1.0,0,Private room
48317137,6962.0,2,1.0,0,Private room
1515196500185882713,336.0,2,1.0,0,Private room
1472148523886251695,900.0,2,1.0,8,Private room
625129519506119967,3387.0,8,3.0,73,Entire home/apt
1443628379815177347,1892.0,4,2.0,5,Entire home/apt
984045357239438171,1674.0,4,2.0,37,Entire home/apt
1404363,760.0,2,0.0,151,Entire home/apt
1302859847735169198,1979.0,4,2.0,21,Entire home/apt
1290644618703215636,282.0,2,1.0,69,Private room
1330869763332219688,335.0,2,1.0,16,Private room
1431170331789867833,821.0,3,1.0,11,Private room
48069893,1211.0,4,2.0,118,Entire home/apt
1280656909052658770,900.0,4,1.0,13,Entire home/apt
28957038,209.0,1,2.0,11,Private room
1259907514255880622,782.0,1,1.0,18,Private room
1098759470093679242,619.0,4,1.0,129,Entire home/apt
42714553,1570.0,4,2.0,181,Entire home/apt
39035017,840.0,2,1.0,89,Private room
47136402,817.0,2,0.0,12,Entire home/apt
742713215110117115,992.0,3,1.0,164,Entire home/apt
935675722002239223,760.0,2,1.0,21,Entire home/apt
51310505,1418.0,5,2.0,21,Entire home/apt
879684114931240152,1090.0,3,2.0,3,Entire home/apt
53413509,925.0,1,1.0,60,Private room
18275394,1526.0,3,1.0,0,Entire home/apt
1157947546731608193,2083.0,6,3.0,71,Entire home/apt
1486987350239015630,1143.0,2,1.0,0,Entire home/apt
1432864448784323291,269.0,2,1.0,1,Private room
562224467723140088,1336.0,6,3.0,1,Entire home/apt
52136630,540.0,2,1.0,5,Private room
38729634,1374.0,5,2.0,5,Entire home/apt
20189532,824.0,4,2.0,22,Entire home/apt
1627630,1440.0,3,1.0,361,Entire home/apt
21514724,594.0,2,1.0,0,Private room
12989853,1616.0,2,1.0,261,Entire home/apt
837776069737400131,1191.0,4,3.0,0,Entire home/apt
1477467661256682953,1024.0,2,1.0,11,Entire home/apt
17367795,2168.0,6,3.0,312,Entire home/apt
704811402773289677,2107.0,2,1.0,0,Private room
1452964202361162045,1384.0,3,1.0,9,Entire home/apt
920518847426536319,1620.0,12,4.0,0,Private room
968137673778965585,567.0,2,0.0,46,Entire home/apt
22109910,466.0,1,1.0,13,Private room
1468806311425732376,1151.0,3,1.0,2,Entire home/apt
1354541438671654237,356.0,1,1.0,0,Entire home/apt
1003542884933715022,620.0,2,1.0,16,Private room
589254374895021036,458.0,2,1.0,48,Entire home/apt
32525668,1601.0,9,3.0,90,Entire home/apt
940496372630060815,585.0,2,1.0,87,Private room
913061837410335828,1547.0,4,2.0,99,Entire home/apt
1039403393931105822,2085.0,6,3.0,35,Entire home/apt
878294421755195487,2196.0,4,2.0,89,Entire home/apt
1186417783751233300,1860.0,6,2.0,33,Entire home/apt
725478507025918384,710.0,2,1.0,130,Private room
42469658,1288.0,12,1.0,21,Entire home/apt
924810264094591091,1211.0,6,2.0,254,Entire home/apt
1497173566699489464,2700.0,6,3.0,2,Entire home/apt
978966008878302850,1629.0,2,1.0,7,Private room
36641593,1116.0,5,1.0,332,Entire home/apt
808924125223495889,2634.0,8,4.0,122,Entire home/apt
1405450619484949685,1241.0,5,2.0,14,Entire home/apt
1372086041899656112,550.0,2,1.0,9,Entire home/apt
1071006321873465818,1035.0,2,1.0,4,Entire home/apt
46469855,1079.0,6,3.0,107,Entire home/apt
1282925850455895066,3394.0,4,2.0,1,Entire home/apt
36270123,882.0,2,1.0,38,Entire home/apt
35975705,1080.0,5,3.0,69,Entire home/apt
1114531595703753792,854.0,3,1.0,93,Entire home/apt
989194201189345423,630.0,2,1.0,43,Entire home/apt
16136153,269.0,1,1.0,62,Private room
39056282,3330.0,9,3.0,276,Entire home/apt
1021665774098978077,1951.0,4,2.0,72,Entire home/apt
735397462370471346,2256.0,10,3.0,62,Entire home/apt
1478071096599838846,1957.0,6,2.0,1,Entire home/apt
986527083174682159,882.0,3,1.0,1,Entire home/apt
752263895657316699,2196.0,12,3.0,29,Entire home/apt
31076523,805.0,2,1.0,83,Entire home/apt
17907995,1232.0,4,1.0,288,Entire home/apt
1209442327373835482,1908.0,4,2.0,26,Entire home/apt
1389138530926553779,5318.0,6,2.0,15,Entire home/apt
53404016,845.0,7,2.0,101,Entire home/apt
3204960,855.0,2,1.0,41,Entire home/apt
808921935808547635,497.0,1,1.0,16,Private room
48093037,1248.0,2,1.0,19,Private room
750208516459776267,1298.0,6,2.0,108,Entire home/apt
33163431,741.0,3,2.0,166,Entire home/apt
1487898319823689830,1367.0,5,2.0,6,Entire home/apt
52770986,3525.0,14,4.0,150,Entire home/apt
47498327,1398.0,3,1.0,95,Entire home/apt
1217068683473965338,1001.0,6,2.0,33,Entire home/apt
1293635712606305462,661.0,3,1.0,17,Entire home/apt
1445973102765203252,679.0,4,2.0,10,Entire home/apt
918176247096531017,2147.0,2,1.0,33,Entire home/apt
16830179,1286.0,3,2.0,36,Entire home/apt
1490641536646012100,1439.0,4,2.0,0,Entire home/apt
21448815,1145.0,4,1.0,14,Entire home/apt
727433734422079546,1197.0,5,2.0,63,Entire home/apt
37746458,980.0,3,1.0,603,Entire home/apt
1041310921070217574,4079.0,5,2.0,59,Entire home/apt
702276424568822891,10000.0,7,3.0,0,Entire home/apt
1058004774606399819,468.0,4,1.0,126,Entire home/apt
46764385,436.0,2,1.0,50,Private room
932918296755696629,333.0,1,3.0,3,Private room
769783286232072747,1293.0,4,2.0,73,Entire home/apt
1170993180410794922,2054.0,9,3.0,69,Entire home/apt
1052429080808412948,207.0,1,1.0,19,Shared room
1127632783697909505,1017.0,2,1.0,48,Entire home/apt
1265448495974613281,1452.0,4,3.0,25,Entire home/apt
15768334,477.0,1,1.0,8,Private room
976672484536204311,971.0,2,1.0,33,Entire home/apt
10884709,575.0,2,1.0,206,Private room
1013858737084773163,380.0,1,1.0,44,Private room
19053890,960.0,2,1.0,5,Private room
959055727877003868,786.0,4,2.0,58,Entire home/apt
46194957,2193.0,5,2.0,207,Entire home/apt
42944054,984.0,6,2.0,322,Entire home/apt
1275512117583277519,523.0,2,1.0,1,Private room
1119328935805261381,1360.0,4,1.0,18,Entire home/apt
975643514825776190,600.0,1,1.0,16,Private room
1312273761851161225,2621.0,4,2.0,21,Entire home/apt
1313898522185301500,2996.0,2,1.0,1,Entire home/apt
1374578890647508812,819.0,2,1.0,13,Entire home/apt
1066314304633488011,413.0,1,1.0,5,Private room
12891707,836.0,4,1.0,215,Entire home/apt
54343669,704.0,1,1.0,4,Entire home/apt
1511853054353103324,869.0,4,1.0,1,Entire home/apt
29830555,1246.0,4,2.0,226,Entire home/apt
51752284,714.0,2,1.0,52,Entire home/apt
1877286,1459.0,4,1.0,137,Entire home/apt
51906012,1760.0,2,16.0,0,Private room
937883458994856772,1079.0,2,1.0,10,Entire home/apt
638998300762534383,1510.0,3,1.0,7,Entire home/apt
14769851,1911.0,5,2.0,75,Entire home/apt
633333354987684332,1150.0,2,1.0,27,Entire home/apt
785786923632139403,765.0,2,1.0,3,Entire home/apt
50062864,1900.0,6,2.0,1,Private room
900185941533767448,2864.0,5,1.0,12,Entire home/apt
47136985,2816.0,3,1.0,1,Entire home/apt
1026063139854166719,768.0,2,1.0,0,Entire home/apt
52708408,3336.0,2,1.0,1,Private room
1044314087234783530,537.0,4,2.0,24,Entire home/apt
827687774611433394,1800.0,4,1.0,4,Entire home/apt
1308732837227623005,883.0,2,1.0,5,Entire home/apt
36109270,1104.0,6,2.0,156,Entire home/apt
39031167,593.0,2,1.0,236,Private room
1287674251633537239,380.0,2,1.0,7,Private room
1429935696773548804,573.0,1,8.0,8,Private room
781232528697591378,458.0,1,1.0,71,Private room
39553724,1236.0,4,2.0,101,Entire home/apt
20270197,403.0,1,1.0,0,Private room
1367824761891501251,983.0,2,1.0,3,Entire home/apt
51212321,830.0,2,1.0,168,Private room
44074402,200.0,1,1.0,22,Shared room
1518348422274177191,811.0,5,1.0,0,Entire home/apt
39952255,529.0,2,1.0,24,Private room
1345660209553529833,841.0,4,1.0,16,Entire home/apt
1305141244945631354,1537.0,2,1.0,6,Entire home/apt
831371517978531586,1344.0,1,1.0,30,Entire home/apt
1450826195506614225,1607.0,2,1.0,3,Entire home/apt
26438360,1030.0,6,2.0,196,Entire home/apt
1434460934567916217,476.0,2,1.0,1,Private room
1376969480976075673,2137.0,4,1.0,0,Private room
1131091560010287069,1976.0,4,2.0,6,Entire home/apt
821875190498649292,2250.0,6,3.0,78,Entire home/apt
34478794,550.0,1,1.0,51,Private room
17277447,990.0,2,2.0,14,Entire home/apt
41617155,1919.0,6,3.0,37,Entire home/apt
1192741491784470742,2313.0,2,1.0,1,Entire home/apt
52742853,1573.0,4,2.0,36,Entire home/apt
924109254052747671,1498.0,8,4.0,98,Entire home/apt
13436327,250.0,2,1.0,40,Private room
987082822464781232,591.0,2,1.0,53,Private room
53690326,363.0,2,1.0,39,Entire home/apt
38909647,374.0,1,1.0,6,Private room
705973940878323415,1252.0,2,1.0,54,Entire home/apt
37090494,960.0,4,1.0,268,Entire home/apt
609171027456716118,996.0,2,1.0,110,Entire home/apt
1206594125522365334,639.0,2,1.0,61,Private room
21884073,2530.0,5,2.0,187,Entire home/apt
870429915277613525,631.0,2,1.0,82,Entire home/apt
1184740524116630498,601.0,3,2.0,28,Entire home/apt
53168772,630.0,2,1.0,28,Entire home/apt
1406872305815853095,325.0,2,1.0,3,Private room
854437292524509377,895.0,4,1.0,39,Entire home/apt
1467517624847682914,911.0,5,2.0,2,Entire home/apt
1195106882822305845,997.0,2,1.0,40,Entire home/apt
1327627025551580413,4243.0,8,4.0,38,Entire home/apt
26303410,374.0,2,1.0,34,Private room
1384197284657149530,1690.0,2,1.0,18,Entire home/apt
572718165193291798,606.0,6,1.0,14,Private room
1271928872163213994,656.0,1,1.0,3,Private room
1394484890347905145,998.0,4,2.0,4,Entire home/apt
51454627,877.0,6,2.0,96,Entire home/apt
658227578684089757,1330.0,3,1.0,49,Entire home/apt
11702309,1245.0,2,1.0,74,Entire home/apt
1273390548166556518,799.0,6,2.0,22,Entire home/apt
641145962859224358,1669.0,3,1.0,113,Entire home/apt
16186712,514.0,3,1.0,274,Private room
989284471730812766,3355.0,3,2.0,7,Entire home/apt
17368945,695.0,1,1.0,136,Private room
48133452,1141.0,6,2.0,59,Entire home/apt
1179841067551809423,900.0,2,0.0,31,Private room
53011524,903.0,2,1.0,211,Entire home/apt
24398050,711.0,3,1.0,16,Entire home/apt
18237993,2183.0,4,3.0,63,Entire home/apt
1481173471002037737,802.0,2,1.0,7,Entire home/apt
1219818180390084760,321.0,6,2.0,56,Entire home/apt
810480676996350387,1095.0,3,2.0,21,Entire home/apt
245507,905.0,3,1.0,412,Entire home/apt
1096451168655637623,1851.0,6,3.0,55,Entire home/apt
15145820,11501.0,16,9.0,37,Entire home/apt
1445333504985350529,1597.0,4,1.0,17,Entire home/apt
38427607,642.0,3,1.0,189,Entire home/apt
1010143316392082568,1337.0,3,1.0,49,Entire home/apt
937775345573505629,964.0,2,1.0,14,Entire home/apt
1497189438189078696,1321.0,2,1.0,2,Entire home/apt
25131375,1100.0,4,2.0,39,Entire home/apt
6437128,946.0,2,1.0,289,Entire home/apt
21681686,1273.0,2,1.0,189,Private room
21977609,865.0,3,1.0,317,Entire home/apt
1345220417591735762,1080.0,5,1.0,24,Entire home/apt
1308885581568899824,903.0,2,1.0,29,Entire home/apt
555141422653033707,3671.0,4,1.0,0,Private room
1029177638808188286,1852.0,2,1.0,0,Private room
16378368,855.0,3,1.0,118,Private room
1421079218868092291,1363.0,6,2.0,30,Entire home/apt
46051177,593.0,2,1.0,36,Entire home/apt
1209366763964103653,1440.0,3,1.0,66,Entire home/apt
1471108174262327979,978.0,2,1.0,2,Entire home/apt
1279838218171144470,1436.0,2,1.0,4,Private room
1170092685206392175,2000.0,2,1.0,0,Entire home/apt
1073525115789315189,1876.0,6,3.0,125,Entire home/apt
1020418156626936615,1062.0,3,1.0,62,Entire home/apt
1053090696868899692,1535.0,4,2.0,47,Entire home/apt
33719507,637.0,2,1.0,56,Shared room
1399520313502669366,1225.0,2,1.0,5,Entire home/apt
1128988668491616209,304.0,2,1.0,42,Private room
1020360685105702496,1306.0,2,1.0,128,Entire home/apt
914495477065940922,399.0,2,1.0,22,Private room
752963347336062426,900.0,2,1.0,236,Entire home/apt
1204409087414013720,1377.0,3,1.0,1,Entire home/apt
741223633580414443,523.0,2,1.0,72,Private room
1508782217003404891,1006.0,2,1.0,0,Private room
1249528317043826582,432.0,3,1.0,8,Private room
1222577965084304814,2042.0,2,1.0,0,Entire home/apt
1138532907854608480,1789.0,2,0.0,386,Entire home/apt
600883167281660964,770.0,2,1.0,107,Private room
955974894651922903,1600.0,2,1.0,17,Entire home/apt
9290705,610.0,1,1.0,25,Private room
1087522849119828331,1142.0,2,1.0,12,Private room
952248482810953684,372.0,2,1.0,30,Private room
37781985,472.0,1,1.0,9,Entire home/apt
962229481256894119,2520.0,6,3.0,1,Entire home/apt
1436867427543801191,359.0,2,1.0,3,Private room
38735991,380.0,1,0.0,1,Private room
650667161311871303,540.0,1,1.0,12,Private room
1253650744616193155,630.0,3,1.0,17,Entire home/apt
928969722693591543,895.0,4,2.0,21,Entire home/apt
1131935100045902080,597.0,3,1.0,52,Entire home/apt
1386324312783496365,529.0,2,1.0,7,Entire home/apt
11699583,652.0,2,1.0,152,Private room
27877474,543.0,3,0.0,107,Entire home/apt
21234457,713.0,2,2.0,285,Entire home/apt
1502741211296833732,493.0,2,1.0,2,Entire home/apt
1031465132350904082,679.0,2,1.0,20,Private room
44428627,4109.0,4,2.0,0,Private room
1375363712517396905,1240.0,2,1.0,0,Entire home/apt
9478590,467.0,1,1.0,316,Private room
918173431009728133,2717.0,3,1.0,85,Entire home/apt
38186177,2008.0,2,1.0,49,Entire home/apt
1456628394849697644,2424.0,6,3.0,1,Private room
18524926,652.0,4,1.0,120,Entire home/apt
1032568528183222255,399.0,2,1.0,42,Private room
1315434390926629112,3421.0,2,1.0,6,Entire home/apt
1485616011236891368,1055.0,2,0.0,2,Entire home/apt
36516615,270.0,1,1.0,5,Private room
848559075314462136,700.0,2,1.0,84,Entire home/apt
1071212574161565289,1076.0,3,1.0,42,Entire home/apt
24214226,238.0,1,1.0,55,Private room
1471986184544214977,253.0,8,1.0,3,Shared room
998533028494920911,489.0,1,1.0,6,Private room
890615132059841874,300.0,2,1.0,4,Private room
680424945269404077,3061.0,6,3.0,79,Entire home/apt
8801057,1611.0,8,2.0,447,Entire home/apt
772539266501015112,3151.0,4,1.0,15,Entire home/apt
913973001959273140,2106.0,3,1.0,2,Private room
629558456788366867,1142.0,2,1.0,127,Entire home/apt
11826745,2859.0,6,3.0,131,Entire home/apt
1260320603381396816,1246.0,2,1.0,19,Entire home/apt
970267667718267042,1661.0,6,2.0,75,Entire home/apt
1263457151758474975,978.0,6,2.0,24,Entire home/apt
45774814,283.0,2,1.0,86,Private room
18757718,500.0,1,1.0,0,Private room
1385194554252059736,904.0,2,1.0,27,Private room
43579336,650.0,2,1.0,45,Private room
1481424207105087193,1792.0,4,2.0,2,Entire home/apt
871749893922657613,633.0,3,1.0,116,Entire home/apt
34743566,2479.0,4,2.0,106,Entire home/apt
1423903304327318827,1277.0,5,2.0,0,Entire home/apt
12834816,1497.0,6,3.0,78,Entire home/apt
1128331372329225901,1222.0,2,1.0,43,Entire home/apt
816758199383274924,1600.0,4,1.0,0,Entire home/apt
23058219,2271.0,2,1.0,35,Entire home/apt
1057130717132080242,883.0,4,1.0,12,Entire home/apt
1472460486726721159,1211.0,2,0.0,3,Entire home/apt
1411041961570401220,1374.0,3,1.0,15,Entire home/apt
1148036967052356340,2222.0,2,1.0,137,Entire home/apt
1374323245242380707,1140.0,2,1.0,11,Entire home/apt
932018843477800924,1253.0,4,1.0,97,Entire home/apt
17889205,909.0,2,1.0,5,Private room
1193704073909841679,985.0,2,1.0,45,Entire home/apt
727584413872053465,1263.0,3,1.0,189,Entire home/apt
1182065145170665267,1475.0,4,1.0,85,Entire home/apt
1376430393017015887,1281.0,2,1.0,11,Entire home/apt
49876842,1088.0,2,1.0,110,Entire home/apt
10106749,549.0,4,2.0,4,Entire home/apt
931833351025398393,700.0,2,1.0,7,Private room
658067132306899023,1507.0,6,2.0,183,Entire home/apt
1130810185057948852,454.0,1,1.0,24,Private room
47856984,1125.0,2,1.0,122,Entire home/apt
11586625,931.0,1,1.0,25,Entire home/apt
1399517034617125297,1441.0,2,1.0,9,Entire home/apt
1156565282547672312,1012.0,7,4.0,14,Entire home/apt
919667843945194026,736.0,1,1.0,15,Private room
23622550,437.0,1,1.0,90,Private room
30745022,400.0,2,1.0,199,Private room
1478530945929072897,1243.0,2,1.0,8,Entire home/apt
1495218332574851520,714.0,14,3.0,0,Entire home/apt
1431300897958976338,889.0,5,1.0,8,Entire home/apt
50638370,361.0,5,1.0,34,Private room
807372298264706580,585.0,2,1.0,0,Private room
720404234408290914,950.0,2,1.0,4,Entire home/apt
1192847558712273988,1080.0,4,2.0,61,Entire home/apt
21830317,1860.0,6,2.0,157,Entire home/apt
5276417,902.0,4,1.0,297,Entire home/apt
1336374148468213291,986.0,3,1.0,8,Entire home/apt
1240583544277845912,3438.0,5,2.0,9,Entire home/apt
1499758689144068164,1350.0,5,3.0,8,Entire home/apt
30234775,1414.0,4,2.0,44,Entire home/apt
23191383,810.0,2,1.0,11,Private room
1378565974043064929,424.0,1,1.0,10,Private room
1201804149770157627,558.0,4,1.0,14,Entire home/apt
52364189,1094.0,7,3.0,159,Entire home/apt
35577801,791.0,2,1.0,79,Entire home/apt
47161471,530.0,2,1.0,48,Entire home/apt
22486633,787.0,2,1.0,44,Entire home/apt
831608021433274351,1910.0,4,2.0,145,Entire home/apt
989355397887084344,4770.0,4,2.0,27,Entire home/apt
1463186645178116092,462.0,2,1.0,6,Entire home/apt
44279629,1560.0,2,1.0,46,Private room
810913134319334007,682.0,3,1.0,45,Entire home/apt
1473168004599360916,878.0,2,1.0,1,Private room
43830603,3218.0,2,1.0,83,Entire home/apt
568059533077739897,408.0,1,1.0,68,Private room
1392380455126441759,1674.0,2,1.0,2,Entire home/apt
571912518811489398,550.0,2,1.0,13,Entire home/apt
1118175965894565797,7133.0,2,1.0,0,Hotel room
41841375,495.0,1,1.0,19,Private room
1157298658697984661,1131.0,2,1.0,62,Entire home/apt
1503246781224733772,947.0,2,1.0,1,Entire home/apt
1018962166854753688,2309.0,3,1.0,47,Entire home/apt
1339971736206207375,1514.0,4,1.0,62,Entire home/apt
704180494258082931,637.0,2,1.0,86,Entire home/apt
800089264542856897,2516.0,6,2.0,0,Entire home/apt
29880436,1395.0,4,2.0,65,Entire home/apt
33532387,386.0,2,1.0,148,Private room
1000555760514692630,1646.0,6,2.0,50,Entire home/apt
1481638617995459908,1007.0,2,1.0,0,Entire home/apt
1407483273333047750,560.0,2,1.0,0,Private room
16178023,1019.0,2,1.0,9,Private room
1279397809024224077,1530.0,4,2.0,11,Entire home/apt
32899457,2570.0,7,3.0,96,Entire home/apt
42899690,729.0,2,1.0,114,Private room
1364229734468611888,821.0,2,1.0,3,Private room
29630315,885.0,6,2.0,0,Entire home/apt
922571510219070227,949.0,3,1.0,103,Entire home/apt
1257976552586808527,261.0,1,1.0,79,Shared room
1056551495874390523,695.0,2,1.0,62,Private room
1297075641413660409,1206.0,7,2.0,16,Entire home/apt
53081231,864.0,3,1.0,345,Entire home/apt
1282263491627473590,342.0,2,1.0,4,Private room
1116253344235264096,525.0,2,1.0,4,Private room
1306642600327106236,1331.0,2,1.0,16,Entire home/apt
586451361450921700,610.0,2,1.0,24,Private room
1183372505601550901,1239.0,1,1.0,161,Entire home/apt
26349216,2507.0,4,2.0,43,Entire home/apt
1191667717300633442,800.0,4,2.0,3,Entire home/apt
44207445,796.0,2,1.0,28,Entire home/apt
1349489768927455625,2100.0,2,1.0,2,Private room
53766527,458.0,2,1.0,29,Entire home/apt
668832711853049072,1143.0,3,1.0,98,Private room
51846892,733.0,4,2.0,109,Entire home/apt
1137799920756535309,1224.0,3,1.0,37,Entire home/apt
1037349655342182375,7143.0,7,3.0,14,Entire home/apt
13299557,746.0,4,2.0,119,Entire home/apt
1254320081937907690,1540.0,4,2.0,49,Entire home/apt
8403200,1256.0,2,1.0,66,Entire home/apt
1486531190389347182,1735.0,4,2.0,2,Entire home/apt
1045866328875689197,2567.0,4,2.0,26,Entire home/apt
1071008880087052128,876.0,2,1.0,16,Private room
1005252106435594098,3177.0,6,3.0,12,Entire home/apt
1193199035454837324,979.0,4,2.0,56,Entire home/apt
1133849686868314768,514.0,2,1.0,24,Private room
806737507457112229,922.0,2,1.0,63,Entire home/apt
1341531023803448087,372.0,1,1.0,6,Private room
1318975788302289109,1534.0,2,1.0,38,Entire home/apt
1248230359270737581,400.0,2,1.0,73,Private room
1107346468312222948,7217.0,2,1.0,0,Private room
1147963609277216155,1267.0,2,1.0,28,Entire home/apt
856690258863650651,1319.0,5,3.0,91,Entire home/apt
53815764,3122.0,6,3.0,22,Entire home/apt
30961846,642.0,3,1.0,265,Entire home/apt
759003665413788616,1115.0,2,1.0,13,Entire home/apt
5183863,1521.0,4,2.0,79,Entire home/apt
30264339,2058.0,2,1.0,149,Entire home/apt
743587001053701500,2035.0,6,2.0,58,Entire home/apt
1145862952598239954,1525.0,4,2.0,48,Entire home/apt
1278296672972108559,2200.0,2,1.0,0,Entire home/apt
54344486,2736.0,4,2.0,19,Entire home/apt
1173943131577494835,1538.0,4,2.0,2,Entire home/apt
1003954337911576448,2949.0,2,1.0,51,Entire home/apt
1409433931718230760,1138.0,2,1.0,0,Entire home/apt
53182129,653.0,1,1.0,9,Private room
1424829956663379409,380.0,2,1.0,3,Private room
1099972074423808986,846.0,5,1.0,21,Entire home/apt
1349607395966763509,298.0,1,1.0,1,Entire home/apt
950892753453375753,2138.0,4,2.0,39,Entire home/apt
1511293664004308387,2818.0,5,2.0,4,Entire home/apt
1498630006805166037,997.0,5,2.0,6,Entire home/apt
44148179,1759.0,4,2.0,321,Entire home/apt
1356017202252950324,732.0,4,2.0,4,Private room
1037891230122401143,938.0,4,1.0,106,Private room
1482326221896892637,531.0,1,1.0,0,Private room
929608314020909913,322.0,2,1.0,152,Private room
1346377635228464806,1335.0,3,1.0,0,Entire home/apt
979291411552327099,1350.0,2,1.0,22,Entire home/apt
31166392,468.0,2,1.0,199,Private room
51291172,989.0,4,2.0,44,Entire home/apt
906580858749902966,4241.0,4,2.0,85,Entire home/apt
52965548,1299.0,2,1.0,152,Entire home/apt
1467531833851252109,289.0,2,1.0,5,Private room
1001025905367205713,1800.0,8,3.0,32,Entire home/apt
550084854634372071,1013.0,2,1.0,86,Entire home/apt
694333594579338158,1521.0,5,2.0,14,Entire home/apt
50616142,3319.0,4,2.0,52,Entire home/apt
918076524542701810,1586.0,6,3.0,137,Entire home/apt
1248735509395608677,912.0,5,3.0,23,Entire home/apt
585463898168730220,2500.0,7,2.0,4,Entire home/apt
755325135171729389,521.0,3,2.0,33,Entire home/apt
1128337410491985098,1210.0,2,1.0,11,Entire home/apt
1302402995790908676,228.0,2,1.0,32,Private room
39053268,1469.0,2,1.0,10,Private room
24378270,1902.0,2,1.0,108,Private room
939293996661568199,830.0,4,3.0,18,Entire home/apt
776088410424199487,1052.0,2,1.0,40,Entire home/apt
1419676522725950582,990.0,2,1.0,3,Private room
22674534,585.0,2,1.0,297,Entire home/apt
53155041,612.0,3,1.0,242,Entire home/apt
1298063531643922791,540.0,2,1.0,13,Private room
1124986318735466980,734.0,2,1.0,32,Private room
1118873813726925956,675.0,2,1.0,14,Private room
1094542869682076269,2292.0,10,3.0,0,Entire home/apt
1005942421078142474,2550.0,2,1.0,2,Private room
50313635,2066.0,2,0.0,0,Entire home/apt
1021340385524817668,382.0,2,0.0,19,Private room
705746220322407944,958.0,3,1.0,43,Private room
1450154223632665649,1638.0,4,2.0,2,Entire home/apt
32693473,1599.0,2,1.0,111,Entire home/apt
674159175488332111,960.0,4,2.0,141,Entire home/apt
1147252365409189190,388.0,2,1.0,43,Private room
908895531532096685,502.0,3,2.0,7,Entire home/apt
1213730328477033055,630.0,3,1.0,29,Private room
1427924047192308034,372.0,1,1.0,0,Private room
1074901747609791523,899.0,2,1.0,39,Entire home/apt
720170880071917667,1510.0,5,2.0,82,Entire home/apt
990514139268580331,1585.0,3,1.0,24,Entire home/apt
1503975747365990044,1451.0,4,1.0,1,Entire home/apt
37021430,1000.0,2,2.0,3,Entire home/apt
863894127684528477,718.0,2,1.0,16,Private room
41979470,854.0,2,1.0,40,Private room
1232248330482325993,2004.0,4,1.0,81,Private room
1338725881512327458,860.0,2,1.0,18,Private room
584270446306412779,539.0,2,1.0,643,Private room
13265214,399.0,2,1.0,27,Private room
44595805,1605.0,2,1.0,53,Entire home/apt
21828478,410.0,2,1.0,63,Private room
989269004859242629,3355.0,3,2.0,11,Entire home/apt
1339154732541597700,1275.0,3,1.0,8,Entire home/apt
24886831,1200.0,2,1.0,77,Private room
562846420993304751,1339.0,4,1.0,82,Entire home/apt
16809576,440.0,2,1.0,19,Private room
1126300293722383326,429.0,2,1.0,42,Private room
28396827,1566.0,3,2.0,0,Entire home/apt
974845056954774994,2250.0,6,2.0,2,Entire home/apt
47992859,482.0,1,1.0,45,Private room
37125100,765.0,4,1.0,27,Private room
1098605230777035812,2533.0,9,3.0,63,Entire home/apt
9314009,855.0,3,1.0,235,Entire home/apt
52254621,2100.0,4,2.0,4,Entire home/apt
863819003023608529,957.0,2,1.0,38,Entire home/apt
1469210147658102804,315.0,2,1.0,1,Private room
1485853955773092297,1380.0,4,2.0,1,Entire home/apt
589070825770285696,9291.0,14,7.0,8,Entire home/apt
51504281,801.0,2,1.0,27,Private room
1100793060152877641,443.0,1,1.0,11,Private room
17636727,841.0,2,1.0,154,Entire home/apt
1148575737925590911,995.0,5,2.0,17,Entire home/apt
1362443145120514976,588.0,2,1.0,15,Private room
32070684,1010.0,2,1.0,72,Entire home/apt
38792923,1357.0,6,3.0,1,Entire home/apt
30729638,1050.0,6,3.0,15,Entire home/apt
1287801720058185668,3406.0,8,3.0,4,Entire home/apt
1422848723963634195,1453.0,4,2.0,3,Entire home/apt
968992795775628250,2714.0,2,1.0,2,Entire home/apt
1368836525308826164,547.0,2,1.0,9,Private room
1509539260105535218,7058.0,12,5.0,0,Entire home/apt
18273571,1423.0,4,2.0,73,Entire home/apt
43236124,540.0,1,1.0,34,Private room
1092102135130560576,1200.0,2,1.0,31,Private room
17118173,781.0,4,2.0,258,Entire home/apt
1172742279061250271,630.0,2,1.0,0,Private room
20705584,1164.0,2,1.0,122,Entire home/apt
688492924514221487,950.0,6,2.0,243,Entire home/apt
8456969,392.0,2,1.0,277,Private room
1169049329860770262,979.0,2,1.0,43,Entire home/apt
1056503422811623072,834.0,5,2.0,115,Entire home/apt
24526283,1150.0,4,2.0,52,Entire home/apt
5061093,1013.0,4,0.0,541,Entire home/apt
1221150016842998806,1766.0,6,3.0,0,Private room
1018998991767359955,1126.0,2,1.0,13,Private room
10707290,1128.0,4,1.0,470,Entire home/apt
38101566,1100.0,2,1.0,25,Private room
12041433,1120.0,2,2.0,0,Entire home/apt
50993977,1064.0,2,1.0,20,Entire home/apt
54167283,585.0,4,1.0,5,Entire home/apt
43303599,407.0,2,1.0,6,Private room
1457269803554215806,1218.0,8,3.0,4,Private room
34944226,1060.0,4,2.0,272,Entire home/apt
1349507569814385008,1309.0,4,2.0,16,Entire home/apt
46055223,775.0,2,1.0,134,Entire home/apt
661731404174576856,1200.0,2,1.0,1,Private room
1205025511349108069,480.0,2,1.0,1,Private room
643019449015070582,1490.0,6,3.0,41,Entire home/apt
665178060341325871,1590.0,5,2.0,70,Entire home/apt
1076294768087227709,1080.0,2,1.0,9,Entire home/apt
810349241447819198,771.0,8,2.0,7,Entire home/apt
8664236,913.0,2,1.0,11,Entire home/apt
51652597,495.0,3,2.0,2,Private room
37749102,205.0,1,1.0,0,Private room
613087878984446338,2525.0,4,2.0,29,Entire home/apt
1463872882662588602,1036.0,2,1.0,8,Private room
1374656027521852086,1385.0,2,1.0,3,Private room
47236500,1007.0,4,2.0,60,Entire home/apt
49152162,879.0,2,1.0,200,Entire home/apt
1092951026707903473,932.0,2,1.0,85,Entire home/apt
1208113471796563222,400.0,2,1.0,19,Private room
28160326,1027.0,2,0.0,60,Entire home/apt
1381527460079308485,935.0,3,2.0,7,Entire home/apt
1089826814804817475,2073.0,4,2.0,749,Entire home/apt
20074299,1200.0,4,2.0,1,Entire home/apt
17419562,932.0,2,1.0,0,Entire home/apt
987303134626681116,400.0,2,1.0,23,Private room
525156926678853350,1137.0,2,1.0,100,Entire home/apt
1452990759844812728,1222.0,8,3.0,7,Entire home/apt
10883741,738.0,2,1.0,210,Private room
1352148830108846813,883.0,6,2.0,8,Entire home/apt
1438109561990004418,1231.0,5,2.0,4,Entire home/apt
42842379,729.0,2,1.0,22,Private room
795511619897036110,1170.0,2,1.0,32,Entire home/apt
782493085465370645,1500.0,2,1.0,22,Entire home/apt
17702716,2214.0,4,2.0,0,Entire home/apt
989295237469249055,3142.0,3,2.0,16,Entire home/apt
805794662633322949,513.0,2,1.0,64,Private room
706610113649451236,543.0,2,1.0,45,Private room
893122771701687604,665.0,2,1.0,25,Private room
1351809251068088584,844.0,4,0.0,0,Entire home/apt
1217974927776446003,628.0,2,1.0,19,Entire home/apt
1432811689677981080,1102.0,2,1.0,1,Private room
983508667040701509,1063.0,2,1.0,9,Entire home/apt
45657699,465.0,1,1.0,26,Entire home/apt
1290869446217311088,990.0,2,1.0,10,Private room
42047163,520.0,2,1.0,31,Entire home/apt
41693062,1569.0,2,1.0,6,Private room
18633072,839.0,8,2.0,223,Entire home/apt
1386462326700011374,1475.0,3,1.0,4,Entire home/apt
28825789,840.0,1,2.0,3,Private room
600155042120252474,267.0,1,0.0,17,Shared room
1294391046759169729,1341.0,8,3.0,0,Entire home/apt
1089456746745087873,965.0,2,1.0,49,Entire home/apt
1476528286053996198,1046.0,2,1.0,17,Entire home/apt
1049618064013799546,209.0,1,1.0,24,Shared room
1085065964638977603,243.0,1,1.0,95,Private room
1505879713745656266,1155.0,2,1.0,0,Entire home/apt
16019290,1239.0,5,3.0,14,Entire home/apt
40254887,250.0,1,1.0,1,Private room
1419794332138759660,811.0,4,2.0,0,Shared room
33370974,269.0,1,1.0,110,Shared room
46395151,638.0,6,1.0,251,Entire home/apt
997730108910073169,827.0,4,1.0,2,Entire home/apt
24944681,2413.0,2,1.0,167,Entire home/apt
1480573207368327561,913.0,2,1.0,9,Entire home/apt
46881057,1490.0,2,1.0,112,Entire home/apt
16551076,1910.0,5,3.0,133,Entire home/apt
46759305,977.0,2,1.0,159,Private room
663282514562761622,410.0,2,1.0,92,Entire home/apt
1189289956244331205,1271.0,3,2.0,3,Entire home/apt
48302244,1055.0,4,2.0,75,Entire home/apt
1200977847881755818,573.0,6,1.0,42,Entire home/apt
28248147,868.0,2,1.0,14,Entire home/apt
27222348,14206.0,3,3.0,0,Entire home/apt
19470439,1755.0,4,2.0,1,Private room
803600433530093388,1443.0,8,4.0,0,Entire home/apt
1456674135078666896,1091.0,2,1.0,5,Private room
36072501,833.0,3,1.0,327,Entire home/apt
1496127233192859403,1177.0,5,2.0,3,Entire home/apt
1302579144973602101,1464.0,6,2.0,29,Entire home/apt
32362743,580.0,2,1.0,108,Private room
1443073316324299360,174.0,2,1.0,3,Private room
17624728,570.0,2,1.0,191,Private room
1021604459829148221,315.0,1,1.0,4,Private room
35757631,450.0,1,1.0,10,Private room
34865886,632.0,2,2.0,65,Entire home/apt
44665236,470.0,1,1.0,27,Private room
47534752,4675.0,7,2.0,74,Entire home/apt
1216234210690528373,1232.0,2,1.0,77,Entire home/apt
15707968,923.0,6,2.0,383,Entire home/apt
859677268239864040,1021.0,2,1.0,27,Entire home/apt
757282818550553488,766.0,2,1.0,174,Entire home/apt
11283219,845.0,4,2.0,54,Entire home/apt
562601146220686524,1817.0,2,1.0,45,Entire home/apt
35569883,273.0,1,1.0,30,Private room
710938117580875001,7541.0,16,4.0,20,Entire home/apt
1512626780923772508,2109.0,6,3.0,0,Entire home/apt
691334456683719147,415.0,2,1.0,149,Entire home/apt
1505233189821376054,945.0,2,1.0,0,Entire home/apt
30541193,550.0,2,1.0,201,Entire home/apt
921398526309780297,867.0,6,2.0,172,Entire home/apt
891286589795185020,177.0,2,1.0,0,Private room
18824946,5514.0,16,6.0,55,Entire home/apt
42143341,5000.0,4,1.0,0,Private room
734203188482933686,4023.0,7,3.0,98,Entire home/apt
1137804081617523214,1251.0,2,1.0,16,Entire home/apt
1135063536114448369,1052.0,1,1.0,0,Private room
1010311341477778396,1395.0,5,2.0,52,Entire home/apt
871989903774713012,22000.0,4,1.0,3,Entire home/apt
1377869448895461930,1544.0,5,1.0,3,Private room
1413965664484177916,220.0,1,1.0,1,Private room
1308878408261493205,1000.0,1,1.0,0,Private room
54210386,1100.0,2,1.0,11,Private room
26329488,3122.0,2,0.0,0,Entire home/apt
637941469151428554,1482.0,6,2.0,107,Entire home/apt
1193727132677970399,389.0,3,1.0,37,Private room
16041106,1521.0,4,1.0,135,Entire home/apt
776380189771603807,410.0,4,1.0,108,Entire home/apt
1258969709472995115,629.0,2,1.0,46,Private room
31620707,1616.0,5,2.0,11,Entire home/apt
1234849978342783846,1920.0,8,4.0,10,Entire home/apt
1229710508475340147,1742.0,2,1.0,26,Entire home/apt
18008612,960.0,4,2.0,158,Entire home/apt
40621575,400.0,2,2.0,0,Entire home/apt
903549687183797066,922.0,2,1.0,4,Entire home/apt
47780714,510.0,2,1.0,82,Private room
38125353,952.0,3,1.0,211,Entire home/apt
558558091140119013,2251.0,6,3.0,187,Entire home/apt
49174356,1355.0,2,1.0,595,Private room
1194914846002493982,962.0,4,1.0,2,Private room
43627758,420.0,2,1.0,135,Private room
51868383,2112.0,5,1.0,176,Entire home/apt
1201556220504503266,402.0,1,1.0,13,Private room
1060931545089444555,1095.0,4,2.0,34,Entire home/apt
1147150347987050744,1301.0,5,2.0,66,Entire home/apt
18586665,744.0,1,1.0,5,Private room
1485773881788419870,650.0,2,1.0,0,Private room
1324114582450944511,1438.0,4,1.0,1,Entire home/apt
1171922050988725001,2207.0,6,3.0,72,Entire home/apt
39608033,5752.0,2,1.0,0,Entire home/apt
1287976466266103734,576.0,2,1.0,10,Private room
13764151,317.0,1,1.0,21,Private room
1102924146552645206,1556.0,4,1.0,74,Entire home/apt
1478374270649945034,693.0,2,0.0,4,Entire home/apt
899701369572102812,4106.0,6,3.0,6,Entire home/apt
1000202623910547340,344.0,1,1.0,1,Private room
1168094968303011338,1020.0,4,1.0,33,Entire home/apt
1031394365147871941,315.0,2,1.0,6,Private room
23807303,761.0,4,2.0,7,Entire home/apt
1369857543652620942,827.0,5,2.0,9,Entire home/apt
1456878939106299632,1619.0,5,2.0,10,Entire home/apt
1383620142148076008,1275.0,4,2.0,8,Entire home/apt
31419597,545.0,2,1.0,93,Private room
45336201,850.0,2,1.0,115,Private room
1205849890665469689,548.0,2,1.0,6,Private room
1481407859224668205,781.0,4,1.0,0,Entire home/apt
968915636099120824,7970.0,14,6.0,32,Entire home/apt
17364851,1050.0,1,1.0,46,Entire home/apt
863064323501957338,1492.0,8,3.0,90,Entire home/apt
626177176869828378,585.0,2,1.0,152,Private room
33644111,7345.0,2,1.0,0,Hotel room
1434849327835652298,2000.0,6,2.0,0,Entire home/apt
1073927785471480855,1664.0,4,2.0,26,Entire home/apt
1187716280593078247,2135.0,8,2.0,23,Entire home/apt
1136441282175738249,3424.0,5,2.0,83,Entire home/apt
932589231427624819,721.0,2,1.0,84,Entire home/apt
31853376,885.0,6,2.0,174,Entire home/apt
40593942,911.0,5,0.0,480,Entire home/apt
773967605487679041,1219.0,2,0.0,81,Entire home/apt
15232543,1885.0,2,1.0,120,Entire home/apt
1311230497668199894,414.0,1,1.0,34,Private room
1051750756496110601,1224.0,2,1.0,0,Entire home/apt
1340673575071767792,626.0,2,1.0,0,Private room
788573371299411256,3611.0,8,3.0,54,Entire home/apt
608622113206819071,645.0,5,2.0,60,Entire home/apt
826854702658503642,990.0,6,2.0,95,Entire home/apt
990697221031956021,1588.0,2,1.0,18,Entire home/apt
1072719800011112667,3680.0,5,2.0,14,Entire home/apt
47201262,665.0,6,1.0,17,Entire home/apt
912918973148895858,1282.0,3,1.0,61,Entire home/apt
1140513005432267062,1107.0,4,1.0,24,Entire home/apt
1341704031133319657,3402.0,6,3.0,9,Entire home/apt
48149574,733.0,2,1.0,109,Entire home/apt
1309444745703065408,978.0,4,2.0,3,Entire home/apt
1327865426449365942,969.0,4,2.0,19,Entire home/apt
33375704,12142.0,2,1.0,85,Private room
1030710742375662752,914.0,2,1.0,68,Entire home/apt
5532624,1256.0,2,1.0,204,Entire home/apt
47071675,591.0,4,2.0,139,Entire home/apt
1513279191670548054,508.0,1,1.0,0,Private room
695261432461199328,600.0,3,1.0,39,Entire home/apt
23390378,2625.0,3,1.0,1,Entire home/apt
47585556,1527.0,4,2.0,48,Entire home/apt
49042216,2345.0,4,2.0,64,Entire home/apt
1496489886340944309,2440.0,4,2.0,0,Entire home/apt
53799846,774.0,7,3.0,10,Entire home/apt
20849949,543.0,5,2.0,173,Entire home/apt
690035786737426775,661.0,4,2.0,104,Entire home/apt
20354374,1495.0,4,2.0,93,Entire home/apt
1461912209039263272,2738.0,4,2.0,2,Entire home/apt
1145666321662466079,1257.0,2,1.0,47,Entire home/apt
1019517017246069351,2272.0,4,2.0,12,Entire home/apt
853214504355162228,549.0,2,1.0,95,Entire home/apt
1232505610933815056,1228.0,2,1.0,0,Entire home/apt
727582560178406599,1108.0,2,1.0,184,Entire home/apt
22290630,351.0,1,1.0,15,Private room
1401542306830653780,1012.0,6,2.0,4,Entire home/apt
1346743231891524569,561.0,2,1.0,3,Private room
1039373999202046624,2631.0,6,3.0,20,Entire home/apt
891642162099329538,795.0,2,1.0,2,Private room
953632136595926962,1834.0,2,1.0,278,Entire home/apt
1505245387644650216,6345.0,15,5.0,0,Entire home/apt
54302211,1068.0,4,1.0,4,Private room
12152021,1619.0,1,1.0,33,Entire home/apt
45741296,990.0,2,1.0,34,Entire home/apt
1397273101739009202,1214.0,2,1.0,3,Entire home/apt
895169527071767809,543.0,3,1.0,74,Entire home/apt
1424926351497713949,792.0,6,2.0,1,Entire home/apt
1083472398314386316,217143.0,16,20.0,0,Entire home/apt
1379907510062980006,1744.0,6,3.0,10,Entire home/apt
1502591829187102530,1650.0,3,1.0,0,Entire home/apt
1498242437454165370,706.0,4,2.0,6,Entire home/apt
24205714,758.0,4,2.0,491,Entire home/apt
1412757766812725619,468.0,2,1.0,9,Private room
1429850793162111820,795.0,2,1.0,4,Private room
30687792,693.0,4,1.0,356,Entire home/apt
20448677,950.0,4,0.0,93,Entire home/apt
53025706,1586.0,4,2.0,15,Entire home/apt
23275079,904.0,2,1.0,541,Private room
1469895226524203072,599.0,2,1.0,15,Private room
24136401,373.0,1,1.0,7,Private room
1028554958685714247,185.0,1,10.0,0,Entire home/apt
1166130031656301422,1165.0,2,1.0,9,Entire home/apt
31676398,781.0,2,1.0,321,Entire home/apt
1339962970213043251,949.0,5,3.0,5,Entire home/apt
48042403,1065.0,2,1.0,34,Entire home/apt
842978691216611060,707.0,3,1.0,30,Entire home/apt
42377927,2076.0,6,2.0,45,Entire home/apt
41294785,851.0,2,1.0,71,Entire home/apt
1126904983308386928,1170.0,5,3.0,23,Entire home/apt
799382825769779013,1260.0,5,2.0,101,Entire home/apt
33499507,522.0,2,1.0,72,Private room
1153620026156287979,1268.0,2,1.0,48,Entire home/apt
1089249420324218892,470.0,2,1.0,15,Entire home/apt
1185755245261609814,1170.0,3,1.0,1,Entire home/apt
1096356845070542012,1038.0,4,1.0,26,Entire home/apt
48017485,852.0,2,1.0,159,Entire home/apt
747256001301737819,1035.0,3,1.0,330,Entire home/apt
1451499555275138836,1125.0,4,2.0,3,Entire home/apt
48593229,1544.0,6,3.0,181,Entire home/apt
923988124566655570,63650.0,16,18.0,2,Entire home/apt
750112538451138666,583.0,1,1.0,3,Private room
1113929172538311431,863.0,2,1.0,29,Private room
899123336332512927,3358.0,4,2.0,7,Entire home/apt
859329646018698704,1180.0,4,2.0,109,Entire home/apt
54156782,500.0,2,1.0,239,Private room
892820655006596050,409.0,1,1.0,0,Private room
11670193,2274.0,6,2.0,137,Entire home/apt
812496110771300695,531.0,3,1.0,97,Private room
780995621791535446,1072.0,2,1.0,58,Entire home/apt
50339441,2100.0,3,2.0,14,Entire home/apt
1509680261883972349,1620.0,6,2.0,0,Entire home/apt
1423336485419666548,523.0,2,1.0,1,Entire home/apt
581815857473789605,1279.0,2,2.0,29,Entire home/apt
1349559849151962595,274.0,1,1.0,1,Private room
1334817450870886051,1302.0,3,1.0,14,Private room
31595715,405.0,4,2.0,2,Private room
863848429824042622,718.0,2,1.0,6,Private room
1414735564491758355,849.0,5,2.0,9,Entire home/apt
25896286,723.0,2,1.0,5,Private room
952872942120912556,1895.0,6,3.0,68,Entire home/apt
1405778580508385877,879.0,5,2.0,0,Entire home/apt
1382151986338601503,5429.0,6,3.0,2,Entire home/apt
52601912,1915.0,4,2.0,13,Entire home/apt
1370624057441400449,1086.0,2,1.0,3,Entire home/apt
46818713,777.0,2,1.0,56,Private room
1385546664913544036,1191.0,3,1.0,11,Entire home/apt
955031777985441470,1511.0,2,1.0,45,Entire home/apt
14747663,631.0,3,1.0,301,Private room
1434724074371932152,826.0,2,1.0,0,Private room
697431467062919868,389.0,1,1.0,19,Private room
1033712054327142814,1150.0,2,1.0,12,Entire home/apt
45547865,483.0,2,1.0,10,Private room
1253214042704713746,1420.0,6,2.0,16,Entire home/apt
51848965,850.0,2,1.0,52,Entire home/apt
1487986067705656536,1055.0,2,1.0,0,Entire home/apt
32583561,314.0,2,1.0,56,Private room
1274044909222646325,1954.0,2,1.0,0,Entire home/apt
41045414,10100.0,6,3.0,16,Entire home/apt
745001160024002140,1917.0,4,1.0,49,Entire home/apt
1461681221356082953,1918.0,4,2.0,7,Entire home/apt
52534835,3243.0,3,1.0,209,Entire home/apt
1392215976496402270,321.0,2,1.0,16,Private room
1208242219884789827,1168.0,3,1.0,13,Entire home/apt
1514102632997395796,640.0,2,1.0,0,Private room
1303862178985769413,748.0,4,1.0,5,Entire home/apt
18508719,810.0,4,2.0,27,Entire home/apt
668806251748410047,540.0,1,1.0,10,Shared room
1446437192183358782,1460.0,2,1.0,0,Private room
556343098733551897,1164.0,4,2.0,52,Entire home/apt
54180993,690.0,3,1.0,174,Entire home/apt
629681816267857299,400.0,2,1.0,39,Private room
1437367940678621442,861.0,2,1.0,6,Private room
1131594213549435082,5256.0,4,2.0,0,Entire home/apt
1390310830209864609,1715.0,4,2.0,41,Entire home/apt
42939962,1875.0,2,1.0,5,Private room
16379600,945.0,4,1.0,185,Private room
22098203,1102.0,4,2.0,171,Entire home/apt
1422775763501061141,382.0,5,0.0,3,Private room
1429784674122104128,2679.0,8,3.0,3,Entire home/apt
897425713593945635,1474.0,4,2.0,99,Entire home/apt
1405402736722989692,502.0,2,1.0,10,Entire home/apt
1104375547877428248,926.0,2,1.0,39,Entire home/apt
1456536036457670026,610.0,2,1.0,19,Private room
46544352,701.0,6,2.0,453,Entire home/apt
8987632,1565.0,3,1.0,25,Entire home/apt
1039795701954454500,9357.0,10,5.0,3,Entire home/apt
1382104190677613159,888.0,2,1.0,0,Entire home/apt
44265449,648.0,2,1.0,342,Private room
1488031553733159910,865.0,2,1.0,0,Entire home/apt
35414943,1386.0,4,2.0,62,Entire home/apt
2118573,1901.0,6,3.0,261,Entire home/apt
868794812432569236,1139.0,2,1.0,12,Private room
30958098,1478.0,4,2.0,65,Entire home/apt
563126401799567378,1093.0,2,1.0,61,Entire home/apt
802447409618338136,1525.0,4,2.0,104,Entire home/apt
50813378,489.0,2,1.0,35,Private room
899671494101491197,570.0,2,1.0,25,Private room
50103915,616.0,1,1.0,20,Private room
27114450,713.0,4,1.0,265,Entire home/apt
34870284,318.0,2,1.0,205,Private room
792074520758868900,540.0,2,1.0,19,Private room
23945689,1800.0,5,2.0,263,Entire home/apt
33973285,543.0,2,1.0,7,Private room
1389864933350672662,1948.0,2,1.0,17,Entire home/apt
10231734,921.0,2,1.0,142,Entire home/apt
1042834781118604535,451.0,2,2.0,32,Private room
700704564328787817,1326.0,3,1.0,8,Entire home/apt
837598702355779944,2325.0,4,2.0,133,Entire home/apt
42842632,1721.0,2,1.0,10,Entire home/apt
1458208052653244136,1035.0,4,1.0,6,Private room
24982412,1800.0,2,1.0,1,Entire home/apt
1216898291429911450,3420.0,4,2.0,48,Entire home/apt
1116696965269833105,1800.0,2,1.0,35,Entire home/apt
1374157361487893406,973.0,3,2.0,24,Entire home/apt
1495149612345722105,1907.0,2,1.0,1,Entire home/apt
795267867769641382,1260.0,2,1.0,0,Private room
30557079,585.0,2,1.0,34,Private room
1078282579891376153,529.0,3,1.0,2,Entire home/apt
1370048267099997856,281.0,2,1.0,2,Shared room
999362513219511278,789.0,2,1.0,16,Entire home/apt
1422478475376562527,1234.0,2,1.0,0,Private room
904458808231195870,2803.0,4,2.0,159,Entire home/apt
974669556946373390,7157.0,15,1.0,8,Entire home/apt
1488800992261772795,600.0,2,1.0,0,Private room
45288673,2654.0,4,1.0,5,Entire home/apt
1381389889281584246,1760.0,8,3.0,34,Entire home/apt
20226521,920.0,4,3.0,5,Entire home/apt
29194186,980.0,3,2.0,153,Entire home/apt
37153284,531.0,2,1.0,40,Private room
38289780,1258.0,4,2.0,269,Entire home/apt
1150805057555236243,1254.0,2,1.0,36,Entire home/apt
1436604042113296795,1890.0,6,2.0,2,Entire home/apt
806781162891368005,812.0,2,1.0,114,Entire home/apt
801578612429278414,11157.0,12,5.0,4,Entire home/apt
12591335,550.0,1,1.0,77,Private room
1364563808336028445,1360.0,2,1.0,0,Private room
575367006524237945,1168.0,6,2.0,147,Entire home/apt
51286393,1519.0,4,2.0,144,Entire home/apt
39713894,904.0,3,1.0,122,Entire home/apt
1467075756005632658,1746.0,4,2.0,0,Entire home/apt
791139121991833954,5876.0,10,5.0,10,Entire home/apt
1132129350473002658,594.0,2,1.0,6,Private room
929735287898233607,1387.0,3,2.0,33,Entire home/apt
25035241,1037.0,3,2.0,2,Entire home/apt
657095419297054436,397.0,2,1.0,20,Entire home/apt
37774488,7533.0,13,7.0,51,Entire home/apt
1376960821808863954,2022.0,4,1.0,2,Private room
26634196,1059.0,2,1.0,184,Entire home/apt
24889218,255.0,1,1.0,20,Private room
1517627051780122158,710.0,4,2.0,0,Entire home/apt
50150513,3931.0,5,2.0,56,Entire home/apt
1501544852105468201,383.0,3,1.0,6,Private room
1513281742600812821,1058.0,2,1.0,0,Private room
21121870,1359.0,4,2.0,186,Entire home/apt
1351972419040856682,315.0,2,0.0,49,Private room
706692570503192319,1270.0,4,2.0,164,Entire home/apt
1468354669665680477,1317.0,2,2.0,0,Private room
1506961453187926736,479.0,1,1.0,0,Private room
45483598,1178.0,2,1.0,8,Entire home/apt
838034055810816276,400.0,2,1.0,30,Private room
665865618706943722,861.0,3,1.0,94,Private room
691277853291804930,650.0,1,1.0,1,Private room
26167140,1440.0,4,1.0,107,Entire home/apt
1435822164342145160,618.0,2,1.0,26,Private room
38237756,389.0,2,1.0,39,Private room
1263125776282220542,1974.0,5,3.0,17,Entire home/apt
1187068493551287401,1376.0,3,1.0,61,Entire home/apt
8001875,8700.0,1,1.0,0,Private room
1272637347026931588,1035.0,2,1.0,63,Private room
42229424,917.0,2,1.0,195,Entire home/apt
54199132,6926.0,4,2.0,16,Entire home/apt
45994315,911.0,1,1.0,2,Private room
52518531,1114.0,3,1.0,244,Entire home/apt
1107348471825888963,7022.0,2,1.0,0,Private room
34204068,510.0,2,1.0,20,Private room
12337411,480.0,2,1.0,0,Private room
1339937480468269961,720.0,2,1.0,5,Private room
869824794205638616,456.0,2,1.0,43,Private room
39484313,603.0,1,1.0,6,Private room
1029286784250293307,1258.0,4,2.0,34,Entire home/apt
1420674613041232689,2491.0,2,1.0,0,Entire home/apt
705057862735591019,1122.0,4,2.0,109,Entire home/apt
1376272537860993206,835.0,1,1.0,9,Private room
1080662371988645980,1094.0,3,1.0,58,Entire home/apt
1285782980689376639,1205.0,6,2.0,48,Entire home/apt
893526886091664597,1720.0,2,1.0,55,Private room
18768967,675.0,2,1.0,233,Entire home/apt
1282012160468718589,810.0,2,1.0,17,Private room
1452246926547449722,775.0,4,2.0,1,Entire home/apt
48302002,936.0,4,1.0,136,Entire home/apt
704625644833774054,1008.0,4,2.0,2,Entire home/apt
1307106573959430024,688.0,2,1.0,11,Entire home/apt
37117500,772.0,2,1.0,187,Entire home/apt
1329233087686298909,450.0,6,1.0,24,Shared room
29097646,618.0,3,1.0,111,Entire home/apt
41841538,448.0,1,1.0,22,Private room
907923269536399559,734.0,2,1.0,25,Entire home/apt
52617234,772.0,1,1.0,37,Private room
19049599,1443.0,2,1.0,121,Private room
1255426958276363993,2632.0,2,1.0,1,Private room
1074657055426734786,1997.0,4,2.0,19,Entire home/apt
52737166,931.0,3,1.0,80,Entire home/apt
43236415,12279.0,16,7.0,78,Entire home/apt
17174966,828.0,3,1.0,426,Entire home/apt
18142952,3344.0,4,2.0,62,Entire home/apt
32162049,298.0,1,1.0,128,Private room
1481423669909441973,855.0,2,1.0,4,Entire home/apt
1440794815148868634,1842.0,3,1.0,71,Entire home/apt
14381950,498.0,2,1.0,123,Private room
10001394,486.0,1,1.0,55,Private room
1469661994172644563,810.0,4,2.0,18,Entire home/apt
1158413475755236026,1350.0,3,1.0,0,Entire home/apt
1034364258603351308,1350.0,2,1.0,0,Entire home/apt
1272415574977313101,6941.0,8,4.0,9,Entire home/apt
1501123084527980462,1723.0,2,1.0,0,Private room
1183326450008044960,329.0,1,1.0,2,Private room
28613249,300.0,1,1.0,14,Private room
831229863780303021,1224.0,4,1.0,21,Entire home/apt
1168064011190190333,305.0,2,1.0,114,Private room
1495341703624534091,1527.0,4,2.0,0,Entire home/apt
727587744625028870,1158.0,3,1.0,94,Entire home/apt
1475659451981017402,490.0,2,1.0,0,Private room
985644348989250501,1618.0,2,1.0,34,Entire home/apt
48333901,1252.0,5,2.0,166,Entire home/apt
1135456540933287551,2101.0,4,2.0,13,Entire home/apt
30058402,584.0,2,1.0,138,Entire home/apt
1390786428456700377,524.0,2,1.0,3,Private room
914365120800146696,1041.0,2,1.0,20,Private room
994983306500463758,8773.0,15,6.0,8,Entire home/apt
725447371919114427,932.0,7,2.0,107,Entire home/apt
1446512011867961082,460.0,2,1.0,4,Private room
1076344923440632643,1218.0,3,1.0,91,Entire home/apt
47734404,432.0,6,2.0,1,Entire home/apt
980341108785600016,453.0,1,1.0,6,Private room
836442625264334407,750.0,5,2.0,73,Entire home/apt
13016237,735.0,1,3.0,4,Private room
1137809179766265227,1220.0,3,1.0,14,Entire home/apt
19894221,1264.0,4,2.0,155,Entire home/apt
1167464079581371521,1598.0,3,1.0,8,Entire home/apt
988546434036954273,2811.0,4,1.0,4,Entire home/apt
49142012,1197.0,5,2.0,211,Entire home/apt
990738299811987501,789.0,2,1.0,8,Entire home/apt
1247117159143145962,630.0,2,1.0,8,Private room
633229501734618691,1403.0,2,1.0,48,Entire home/apt
28109161,1586.0,3,2.0,182,Entire home/apt
1383913544363325700,2549.0,12,5.0,0,Entire home/apt
1162662039346867265,1600.0,2,1.0,0,Entire home/apt
1184740156360396190,601.0,3,2.0,25,Entire home/apt
1461030295121286846,1067.0,3,1.0,1,Entire home/apt
1242397667586099263,2314.0,6,3.0,0,Entire home/apt
1025256919209955333,487.0,2,1.0,71,Private room
1451554093254791484,1235.0,4,2.0,2,Entire home/apt
1160931701222264004,1709.0,6,3.0,0,Entire home/apt
759973080190604887,1109.0,4,2.0,96,Entire home/apt
682098057878340703,274.0,2,1.0,48,Private room
10928822,827.0,2,0.0,22,Entire home/apt
39860900,1435.0,4,1.0,27,Entire home/apt
33008502,760.0,1,1.0,1,Entire home/apt
868214443913048132,1139.0,2,1.0,11,Private room
36443095,494.0,1,1.0,87,Entire home/apt
40377606,545.0,3,0.0,176,Entire home/apt
758628541075348492,667.0,4,0.0,133,Entire home/apt
1021224564219342530,687.0,2,1.0,123,Private room
1299518906951879447,1706.0,3,1.0,36,Entire home/apt
40493696,862.0,5,1.0,47,Private room
1408110777904888990,416.0,2,1.0,24,Private room
45567054,408.0,2,1.0,31,Private room
48195116,709.0,2,1.0,165,Private room
633332748167811481,322.0,2,1.0,6,Private room
1359531780984744585,1498.0,2,1.0,0,Entire home/apt
1085571340249283259,1231.0,6,2.0,40,Entire home/apt
42558879,1868.0,6,2.0,50,Entire home/apt
1205916318420881497,9339.0,16,1.0,0,Entire home/apt
46054023,823.0,2,1.0,114,Entire home/apt
1207998850483973003,1205.0,5,2.0,25,Entire home/apt
824615020417735638,2144.0,6,2.0,21,Entire home/apt
887814882856460601,1089.0,4,2.0,7,Entire home/apt
1136318125832913339,2044.0,2,1.0,151,Private room
18447042,405.0,2,1.0,206,Private room
1380335904182203115,3251.0,2,1.0,0,Entire home/apt
1047809329571357567,1780.0,2,1.0,0,Private room
1410935513361257230,1849.0,4,3.0,6,Entire home/apt
1105878620847282466,585.0,2,1.0,2,Private room
1011632671755217110,1065.0,4,2.0,23,Entire home/apt
1208765373584162466,1182.0,3,1.0,3,Entire home/apt
899939871262847067,1296.0,2,1.0,4,Private room
1253308453922805646,737.0,4,1.0,41,Entire home/apt
52879548,560.0,4,1.0,23,Entire home/apt
51871360,711.0,2,1.0,27,Entire home/apt
47029926,1778.0,6,3.0,228,Entire home/apt
794365035995157612,943.0,4,1.0,82,Entire home/apt
28761126,733.0,2,1.0,631,Entire home/apt
1250003974559445119,1040.0,4,2.0,19,Entire home/apt
34785560,390.0,1,1.0,2,Private room
31515786,475.0,2,1.0,58,Private room
873130689516525331,919.0,2,1.0,39,Entire home/apt
846408437051298414,1397.0,4,2.0,176,Entire home/apt
748113331584558587,490.0,4,1.0,11,Private room
33202026,427.0,1,1.0,48,Private room
50009796,1618.0,4,2.0,172,Entire home/apt
46728666,5391.0,8,2.0,5,Entire home/apt
1426948039280400179,1285.0,2,1.0,1,Private room
26736056,308.0,2,1.0,11,Private room
1442401770474835975,709.0,5,2.0,6,Entire home/apt
40535431,1436.0,4,1.0,108,Private room
49176775,1075.0,4,1.0,178,Entire home/apt
1367412028019304520,821.0,3,1.0,36,Entire home/apt
43459616,1057.0,3,1.0,203,Entire home/apt
1409475699314495088,396.0,4,1.0,1,Private room
860008154082929870,814.0,4,1.0,36,Entire home/apt
1426158437523259562,1255.0,2,1.0,23,Entire home/apt
747020699178023503,1787.0,4,2.0,76,Entire home/apt
52956731,2004.0,6,3.0,103,Entire home/apt
1496466937594619879,2747.0,4,2.0,1,Entire home/apt
1393058178307663332,569.0,3,1.0,0,Private room
630526930819372886,1318.0,3,1.0,213,Entire home/apt
50918589,345.0,2,1.0,229,Private room
1495938822188957416,3142.0,2,1.0,1,Entire home/apt
669762830151404424,2140.0,4,2.0,198,Entire home/apt
1437046719560657351,312.0,1,1.0,2,Shared room
39381606,387.0,1,0.0,8,Private room
782576653988104093,2572.0,10,3.0,102,Entire home/apt
25739571,643.0,2,1.0,270,Private room
1318176470536684088,993.0,9,2.0,20,Entire home/apt
1316898883661475111,1836.0,2,1.0,0,Entire home/apt
1434911938488801014,873.0,3,1.0,25,Entire home/apt
39383127,1491.0,3,1.0,204,Entire home/apt
1376870027736537056,1520.0,4,2.0,8,Entire home/apt
681296094999303405,3013.0,6,2.0,98,Entire home/apt
1242926728856338159,1157.0,3,1.0,44,Entire home/apt
1376944976090388400,1485.0,2,1.0,12,Entire home/apt
10957089,3338.0,4,3.0,154,Entire home/apt
787984243802029875,1304.0,3,1.0,184,Entire home/apt
1434188012335057204,406.0,2,1.0,7,Private room
1074817264585992836,1067.0,4,2.0,46,Entire home/apt
52691256,1390.0,2,1.0,51,Entire home/apt
1008854611147275566,246.0,2,1.0,37,Private room
40068349,1475.0,5,2.0,251,Entire home/apt
806746519556854512,1043.0,2,1.0,71,Entire home/apt
934887209454506461,2316.0,2,1.0,33,Entire home/apt
1335725507152240259,1289.0,6,2.0,7,Entire home/apt
9597622,1305.0,4,2.0,209,Entire home/apt
1424932513422113544,8322.0,6,2.0,0,Entire home/apt
1109796871084305977,398.0,3,2.0,30,Entire home/apt
1298633137215248943,2379.0,4,2.0,3,Entire home/apt
15648116,683.0,4,1.0,294,Entire home/apt
48653737,1372.0,4,2.0,112,Entire home/apt
683715318816351542,461.0,6,1.0,6,Private room
1356100111654317023,265.0,1,1.0,4,Shared room
1190594555661275095,999.0,4,2.0,17,Entire home/apt
1298801862351971956,849.0,2,1.0,5,Entire home/apt
942913176627143991,1055.0,4,2.0,13,Entire home/apt
1143583160396981136,1066.0,10,1.0,1,Private room
1427613587984084000,678.0,2,1.0,15,Private room
15873083,428.0,1,1.0,28,Private room
31054539,672.0,2,1.0,206,Hotel room
21662828,1329.0,2,0.0,21,Entire home/apt
1174519810672039053,1772.0,6,1.0,115,Entire home/apt
1124720780152240300,1192.0,4,2.0,116,Entire home/apt
1344442190068549682,466.0,2,1.0,37,Private room
13044960,538.0,2,1.0,0,Private room
1008912393758335632,7862.0,10,3.0,59,Entire home/apt
1421198511524580175,308.0,1,1.0,4,Entire home/apt
31053396,825.0,2,1.0,90,Entire home/apt
36602393,4296.0,3,2.0,0,Entire home/apt
699577871424960577,656.0,2,1.0,29,Private room
714029489173487760,1004.0,2,1.0,7,Entire home/apt
1242270884832016807,1696.0,5,2.0,15,Entire home/apt
577487849704150340,3318.0,5,3.0,63,Entire home/apt
1010497257233025907,440.0,1,1.0,6,Private room
786258335650645126,1587.0,2,0.0,39,Entire home/apt
30148929,720.0,2,1.0,552,Entire home/apt
1081251506950741422,320.0,2,1.0,16,Private room
1107400093631829339,2970.0,5,2.0,35,Entire home/apt
47545550,1196.0,3,1.0,44,Private room
692304864145694128,1440.0,5,3.0,2,Entire home/apt
29906646,1007.0,2,1.0,75,Entire home/apt
1304457372832117969,1037.0,2,1.0,2,Entire home/apt
1417766493230507451,936.0,4,2.0,1,Entire home/apt
853923589855678923,1028.0,2,1.0,42,Entire home/apt
1130043447392430203,405.0,2,1.0,72,Private room
958788470988881522,1202.0,2,1.0,148,Entire home/apt
46432922,276.0,2,1.0,232,Entire home/apt
699320629303990442,588.0,2,1.0,21,Private room
1048625537767384142,400.0,1,1.0,31,Private room
682713255857125170,741.0,1,1.0,11,Private room
785705645156532449,1450.0,2,1.0,123,Entire home/apt
680313751714516103,1777.0,2,1.0,31,Entire home/apt
47044070,418.0,2,1.0,193,Private room
10540211,1049.0,2,0.0,265,Entire home/apt
37252041,4490.0,12,4.0,2,Entire home/apt
46488356,1296.0,6,3.0,87,Entire home/apt
1272662197543487050,405.0,2,1.0,1,Private room
13669513,1493.0,2,1.0,115,Entire home/apt
35572685,1372.0,2,1.0,160,Entire home/apt
739823317751545334,900.0,2,1.0,4,Entire home/apt
1415265771328918692,305.0,2,1.0,22,Private room
53828734,404.0,2,1.0,71,Private room
1227772141437477258,318.0,1,1.0,39,Private room
1289860571440010292,4137.0,4,2.0,10,Entire home/apt
632551180574784714,3584.0,4,1.0,42,Entire home/apt
27495526,1142.0,4,2.0,139,Entire home/apt
1279183297851752464,1661.0,6,2.0,20,Entire home/apt
909769563951861331,900.0,8,3.0,68,Entire home/apt
1366971517213580482,1475.0,2,1.0,39,Entire home/apt
695499800332431573,1750.0,6,2.0,28,Entire home/apt
1443543306382821025,453.0,2,1.0,0,Private room
37122141,360.0,1,1.0,0,Entire home/apt
799071125338396273,849.0,4,2.0,115,Entire home/apt
929647414956098543,323.0,2,1.0,133,Private room
12933605,935.0,2,1.0,179,Private room
18393058,657.0,2,1.0,156,Private room
1162642663868245787,402.0,2,1.0,26,Private room
847693638734468093,1098.0,2,1.0,19,Entire home/apt
1137800340090882381,1217.0,3,1.0,25,Entire home/apt
35460567,1018.0,6,2.0,191,Entire home/apt
1273271268513267597,863.0,2,1.0,158,Private room
1445580042249266095,1254.0,5,2.0,8,Entire home/apt
1006761781198270171,2720.0,2,1.0,2,Private room
41596797,698.0,2,1.0,8,Entire home/apt
1272710566991738912,2593.0,4,1.0,37,Entire home/apt
27066499,1082.0,3,2.0,17,Entire home/apt
1248045965868048770,1342.0,2,1.0,52,Entire home/apt
563960842249022228,2628.0,4,2.0,115,Entire home/apt
1215093185476401448,3189.0,8,3.0,40,Entire home/apt
50416265,556.0,2,1.0,31,Private room
767446486424593320,1306.0,2,1.0,42,Entire home/apt
30204587,405.0,1,1.0,98,Private room
1272480042783305008,1418.0,4,2.0,7,Entire home/apt
37155803,2058.0,2,1.0,379,Entire home/apt
17425338,786.0,2,1.0,136,Private room
1255851570072317164,1092.0,2,1.0,54,Entire home/apt
1333594059774528772,689.0,2,1.0,13,Private room
1488722503451388112,433.0,1,1.0,1,Private room
48713811,810.0,4,2.0,72,Entire home/apt
22715728,750.0,1,1.0,6,Private room
1380162874465142885,1908.0,6,2.0,26,Entire home/apt
1314356812726150944,1032.0,3,1.0,3,Private room
53044497,948.0,2,0.0,340,Entire home/apt
699522998794104923,837.0,4,1.0,197,Entire home/apt
27631565,760.0,2,1.0,6,Entire home/apt
1412665755186311435,2177.0,4,2.0,4,Entire home/apt
1555819,1564.0,2,1.0,382,Entire home/apt
796563672020819476,3000.0,2,1.0,3,Entire home/apt
54249606,712.0,4,3.0,5,Entire home/apt
15472149,1683.0,4,2.0,8,Entire home/apt
675363988595872980,428.0,2,1.0,75,Entire home/apt
934719515820302007,250.0,1,1.0,7,Private room
701338309080315203,1422.0,5,2.0,29,Entire home/apt
631448948875788628,1500.0,2,1.0,1,Private room
50047448,1554.0,2,1.0,202,Entire home/apt
16738910,1173.0,5,2.0,163,Entire home/apt
1413919298313759755,397.0,2,1.0,5,Entire home/apt
1323244994804581825,381.0,2,1.0,17,Private room
712107294632784523,1805.0,6,2.0,81,Entire home/apt
721671602803499803,1471.0,4,2.0,44,Entire home/apt
1115500030698650184,1350.0,4,2.0,1,Entire home/apt
33079228,865.0,4,1.0,52,Private room
26008245,1860.0,4,2.0,120,Entire home/apt
1468400915989333708,1438.0,8,2.0,1,Entire home/apt
936811685804124185,1233.0,4,2.0,29,Entire home/apt
1125662885487082664,1270.0,2,1.0,59,Entire home/apt
25213369,939.0,4,1.0,274,Entire home/apt
1043195429033558552,514.0,2,1.0,84,Private room
1395167407250264847,474.0,2,1.0,6,Private room
27969828,1126.0,4,2.0,63,Entire home/apt
1869809,969.0,4,2.0,3,Entire home/apt
37969183,2175.0,2,1.0,189,Entire home/apt
38155206,2799.0,2,1.0,34,Entire home/apt
35116267,1170.0,4,1.0,102,Entire home/apt
1024728106628212295,550.0,1,1.0,30,Private room
1040058112012758774,567.0,2,4.0,13,Private room
577530688421969439,992.0,2,1.0,60,Entire home/apt
1442067699539801589,1185.0,4,2.0,12,Entire home/apt
17807787,595.0,2,1.0,200,Entire home/apt
945554159097013264,12600.0,4,2.0,35,Entire home/apt
1150758623878410400,1252.0,2,1.0,16,Entire home/apt
739981034059514997,739.0,3,1.0,102,Entire home/apt
1382974926110285928,332.0,1,1.0,9,Private room
23486835,1000.0,3,2.0,191,Entire home/apt
14076475,14550.0,4,2.0,122,Entire home/apt
19530689,4115.0,5,3.0,84,Entire home/apt
1174010207734595063,1170.0,4,2.0,3,Entire home/apt
53603132,3529.0,16,4.0,195,Entire home/apt
18912100,1401.0,5,2.0,128,Entire home/apt
1400432731171855921,686.0,2,1.0,18,Private room
1463592668686598303,1557.0,4,2.0,7,Entire home/apt
1390327266347090114,1782.0,4,2.0,4,Entire home/apt
935393980224457685,550.0,2,1.0,32,Private room
37221653,1233.0,3,1.0,503,Entire home/apt
7779952,504.0,1,1.0,91,Private room
21516068,1167.0,4,1.0,15,Entire home/apt
1045002183027938361,233.0,1,1.0,13,Shared room
1469124745544784175,974.0,2,1.0,6,Entire home/apt
904299608667700562,2523.0,4,2.0,4,Entire home/apt
913408526223989643,363.0,4,1.0,50,Entire home/apt
54387584,429.0,2,1.0,42,Entire home/apt
39889920,577.0,2,1.0,3,Private room
51623189,1400.0,4,1.0,48,Private room
837763472606051112,600.0,2,1.0,2,Private room
1013708926782156432,1780.0,4,2.0,3,Entire home/apt
945740347994836799,288.0,2,1.0,6,Private room
1126058993905954348,2403.0,2,1.0,12,Entire home/apt
1002103397730733499,1440.0,2,1.0,3,Private room
1174161074290491767,440.0,4,2.0,47,Entire home/apt
1486003475623565608,542.0,7,3.0,2,Entire home/apt
984807039646996897,765.0,4,1.0,7,Entire home/apt
892767811385183595,13893.0,6,3.0,66,Entire home/apt
38695740,788.0,2,1.0,258,Entire home/apt
1183073636028923376,3161.0,2,1.0,31,Private room
43758486,913.0,3,2.0,17,Entire home/apt
867183462209139636,945.0,10,3.0,97,Entire home/apt
1421028189314138903,2976.0,4,1.0,0,Private room
1095244693229856306,972.0,3,1.0,40,Entire home/apt
704639660704730407,862.0,2,1.0,0,Private room
33741068,544.0,2,1.0,13,Private room
949609739361151387,958.0,4,2.0,107,Entire home/apt
23222734,816.0,2,1.0,186,Entire home/apt
1445579705970059169,1623.0,5,2.0,9,Entire home/apt
810344955406431573,765.0,1,1.0,23,Private room
897829708168213695,1169.0,3,1.0,70,Entire home/apt
54216070,2299.0,7,3.0,31,Entire home/apt
1349468472921727262,5487.0,2,1.0,2,Private room
1003630333857794314,900.0,3,2.0,11,Entire home/apt
943506586949342917,658.0,2,1.0,29,Entire home/apt
996520714696916282,656.0,2,1.0,35,Entire home/apt
47164324,1101.0,6,2.0,79,Entire home/apt
43929061,1821.0,4,2.0,23,Entire home/apt
1384792898022006750,1350.0,4,1.0,9,Private room
1284396392866595824,1900.0,5,2.0,30,Entire home/apt
847941742293070626,1815.0,4,2.0,47,Entire home/apt
37774225,1632.0,7,2.0,137,Entire home/apt
1086444088610701389,1110.0,2,1.0,38,Entire home/apt
1137808947679218798,1227.0,2,1.0,6,Entire home/apt
1466912995502039938,2507.0,6,3.0,2,Entire home/apt
1245896957081314416,2925.0,4,2.0,33,Entire home/apt
11514886,1404.0,4,2.0,19,Entire home/apt
664669321028907979,1270.0,2,1.0,119,Entire home/apt
921922763224269675,2683.0,7,4.0,14,Entire home/apt
31516041,1007.0,4,2.0,179,Entire home/apt
5304932,781.0,2,0.0,132,Entire home/apt
48437536,628.0,5,2.0,117,Entire home/apt
1237010177781451308,628.0,2,1.0,18,Entire home/apt
1038734399386057722,1995.0,6,3.0,25,Private room
1514689002758081515,320.0,1,1.0,0,Private room
16754530,450.0,1,1.0,61,Private room
868986,1155.0,2,1.0,29,Entire home/apt
1068938811311888014,1168.0,5,2.0,92,Entire home/apt
1491515716855970506,462.0,2,1.0,2,Private room
15023846,2417.0,3,1.0,38,Entire home/apt
968923182411371558,1045.0,2,1.0,16,Entire home/apt
1221748277324454738,1098.0,2,1.0,6,Entire home/apt
50847792,1271.0,4,2.0,57,Entire home/apt
1008662784462746110,1411.0,2,1.0,1,Entire home/apt
29795282,733.0,2,1.0,49,Entire home/apt
45158884,350.0,1,3.0,0,Private room
1138683251349157761,979.0,4,2.0,45,Entire home/apt
733552269388472951,500.0,2,1.0,6,Private room
1111180425137426796,450.0,2,1.0,26,Private room
1019651506256947534,1542.0,6,2.0,40,Entire home/apt
39581680,476.0,2,1.0,29,Private room
715994375439353861,978.0,4,1.0,2,Private room
1447201518725531295,1643.0,2,1.0,2,Private room
22329567,12943.0,16,5.0,72,Entire home/apt
899123829841351351,3397.0,4,2.0,3,Entire home/apt
42741276,850.0,6,1.0,19,Entire home/apt
1329823510343733094,400.0,5,2.0,19,Private room
1236503687425266889,450.0,2,1.0,17,Private room
926332994058631174,1215.0,2,1.0,0,Entire home/apt
1454618654155100004,1241.0,2,1.0,4,Entire home/apt
1183231245339034871,1104.0,2,1.0,54,Entire home/apt
885347066001578987,2748.0,2,1.0,3,Entire home/apt
51308166,630.0,4,1.0,52,Entire home/apt
1338064440097797501,1124.0,7,2.0,17,Entire home/apt
1456124821467749329,2257.0,4,2.0,2,Entire home/apt
1287895804565163095,1559.0,5,2.0,21,Entire home/apt
824157738609395782,1219.0,4,1.0,59,Entire home/apt
53726790,1749.0,3,0.0,5,Entire home/apt
1219719058946173506,313.0,2,1.0,67,Private room
1360423580475038570,450.0,2,1.0,39,Private room
769758600255233141,419.0,4,1.0,0,Entire home/apt
20970644,459.0,1,1.0,59,Private room
1273258187105770582,28035.0,4,2.0,0,Entire home/apt
1126835786981133069,1458.0,8,3.0,51,Entire home/apt
8524042,1314.0,1,1.0,0,Private room
862344527961846871,1227.0,3,1.0,10,Entire home/apt
43022190,1371.0,1,1.0,41,Entire home/apt
53664143,992.0,2,1.0,22,Entire home/apt
1026190475513095363,1508.0,6,2.0,0,Entire home/apt
21486205,1210.0,4,2.0,118,Entire home/apt
929630617829267405,340.0,2,1.0,120,Private room
721123389858788422,679.0,3,2.0,26,Entire home/apt
1374280589025466369,1702.0,4,1.0,7,Entire home/apt
1237757841801354471,1254.0,2,1.0,54,Entire home/apt
771920554029564575,774.0,2,1.0,9,Private room
728372,2995.0,16,10.0,169,Entire home/apt
644164487332519214,944.0,5,1.0,56,Private room
1034233547223008829,617.0,3,1.0,63,Private room
48124278,1310.0,4,1.0,1,Private room
36350455,2645.0,5,2.0,90,Entire home/apt
39974538,565.0,2,1.0,90,Private room
12366374,322.0,1,1.0,74,Private room
10404253,1613.0,2,1.0,161,Entire home/apt
1317530916469449534,4590.0,6,3.0,0,Entire home/apt
968965709425068060,1693.0,2,1.0,8,Private room
977742016605985900,488.0,2,1.0,30,Private room
1235113290819709511,537.0,3,1.0,14,Private room
24572874,1608.0,3,1.0,124,Entire home/apt
956720406767102308,423.0,2,1.0,1,Private room
1026432289935853638,712.0,2,1.0,21,Private room
927498127109834098,952.0,2,1.0,142,Private room
1207532279291791413,1100.0,2,1.0,6,Private room
1000175603641942674,366.0,1,1.0,43,Private room
650637780159928812,1000.0,2,1.0,2,Private room
1348941633464517046,389.0,3,1.0,3,Private room
1083518894772654582,160.0,2,1.0,1,Private room
672382975237316637,689.0,2,1.0,4,Private room
1377744688553115756,835.0,1,1.0,3,Private room
956806212657122409,240.0,16,2.0,0,Private room
1303265748610879297,849.0,2,1.0,6,Entire home/apt
643417852690103385,303.0,1,1.0,54,Private room
1329938493580394865,679.0,2,1.0,57,Entire home/apt
1487009432613323888,1061.0,4,1.0,0,Entire home/apt
783963206285951669,2017.0,8,3.0,46,Entire home/apt
1034777689686317554,1071.0,2,1.0,119,Private room
929652286777119235,337.0,2,1.0,158,Private room
911752005142092553,680.0,2,1.0,3,Private room
26103209,2381.0,11,4.0,57,Entire home/apt
596386936699388137,1800.0,8,1.0,11,Entire home/apt
53216493,2880.0,4,2.0,10,Entire home/apt
915378451955007823,700.0,4,2.0,69,Entire home/apt
1261194984699018072,1835.0,2,1.0,0,Private room
605744586539852270,348.0,2,1.0,147,Private room
1458197034930485122,1252.0,3,1.0,4,Entire home/apt
27541616,566.0,2,1.0,151,Entire home/apt
1008796389962054217,1539.0,5,3.0,16,Entire home/apt
34690498,1345.0,4,1.0,415,Entire home/apt
862423694342660019,983.0,2,1.0,120,Entire home/apt
19700294,801.0,2,0.0,120,Entire home/apt
1323239909342435911,637.0,2,2.0,0,Private room
978404025465907486,508.0,2,1.0,34,Private room
39409996,436.0,2,1.0,15,Entire home/apt
1472877467644914225,1248.0,4,2.0,2,Entire home/apt
1013292240958232198,782.0,2,1.0,3,Entire home/apt
698808077304463680,346.0,1,1.0,327,Private room
1498077313375806539,1575.0,6,2.0,0,Entire home/apt
47058381,1125.0,4,2.0,125,Entire home/apt
1383564517616972024,847.0,2,1.0,2,Private room
38486129,1359.0,5,2.0,334,Entire home/apt
30043171,3645.0,10,4.0,101,Entire home/apt
1427683013474719812,3691.0,2,1.0,8,Entire home/apt
590691400030995309,700.0,4,1.0,12,Private room
1337127501808025800,2103.0,4,2.0,8,Entire home/apt
970332374568158224,570.0,4,1.0,57,Entire home/apt
20558234,405.0,2,1.0,99,Private room
1085529713394498757,1612.0,6,1.0,50,Entire home/apt
11317581,587.0,4,1.0,252,Entire home/apt
53450639,240.0,9,1.0,27,Shared room
46218056,1099.0,4,2.0,189,Entire home/apt
20933329,5371.0,6,3.0,186,Entire home/apt
19388355,1278.0,4,2.0,164,Entire home/apt
971121737582832545,792.0,5,2.0,105,Entire home/apt
1088686145819005916,270.0,2,1.0,82,Private room
986316551899333501,1554.0,4,1.0,14,Entire home/apt
1245134155075511898,581.0,3,1.0,18,Private room
28684394,1872.0,2,1.0,293,Entire home/apt
1253831693379393967,1007.0,2,1.0,23,Entire home/apt
1272635038240348363,1002.0,3,1.0,37,Entire home/apt
1075007189328580229,1675.0,2,1.0,99,Entire home/apt
1371797763621261983,400.0,1,1.0,0,Private room
1368976123050548573,2806.0,6,2.0,0,Hotel room
1433083238804990431,1709.0,4,2.0,25,Entire home/apt
1424924763553151266,803.0,3,1.0,18,Entire home/apt
1432805448359692614,1052.0,2,1.0,0,Entire home/apt
882789599822867613,1146.0,2,1.0,99,Entire home/apt
785343819855540502,2280.0,16,4.0,69,Entire home/apt
924102970789938534,1695.0,2,1.0,95,Entire home/apt
1231179101157125949,780.0,4,2.0,0,Entire home/apt
1010453403169985097,750.0,4,2.0,3,Entire home/apt
555005300805634184,4217.0,3,1.0,11,Entire home/apt
986500054256111161,1040.0,4,2.0,27,Entire home/apt
564465637857509216,5000.0,1,1.0,0,Private room
32609899,600.0,2,1.0,62,Private room
1250112567844187470,1012.0,3,1.0,16,Entire home/apt
1025517550834281717,1424.0,3,2.0,33,Entire home/apt
1360410892898720114,2100.0,2,1.0,1,Private room
14320958,1325.0,2,1.0,724,Entire home/apt
685741891715310360,650.0,1,1.0,12,Entire home/apt
883379825579867838,700.0,4,2.0,66,Entire home/apt
1479930219833430938,1852.0,6,2.0,1,Entire home/apt
12884427,919.0,2,1.0,98,Entire home/apt
30828383,1820.0,4,2.0,52,Entire home/apt
15122085,1861.0,3,1.0,409,Entire home/apt
927565426650090094,1183.0,2,1.0,13,Entire home/apt
1147961360887897538,1237.0,2,1.0,30,Entire home/apt
556059671687906548,1123.0,4,2.0,167,Entire home/apt
6871835,30445.0,2,2.0,39,Entire home/apt
1369039287142183112,275.0,1,1.0,11,Shared room
1237757741024981106,1750.0,4,2.0,27,Entire home/apt
1063690746944084324,924.0,3,1.0,4,Entire home/apt
1405963431417172190,698.0,2,1.0,16,Private room
770346791579260232,903.0,5,2.0,17,Entire home/apt
6404543,925.0,2,1.0,36,Private room
1073293933638295109,391.0,1,1.0,0,Private room
1479924087202927653,810.0,2,1.0,0,Entire home/apt
1003676317095795554,16907.0,14,6.0,71,Entire home/apt
870716954712737878,7216.0,16,7.0,32,Entire home/apt
1071220431460480627,981.0,3,1.0,13,Entire home/apt
21192447,1092.0,2,1.0,68,Entire home/apt
1014566902778236766,1944.0,2,1.0,74,Entire home/apt
38936019,1818.0,2,1.0,12,Entire home/apt
24020942,934.0,2,1.0,3,Private room
43863322,342.0,1,1.0,26,Private room
46334439,1432.0,3,2.0,130,Entire home/apt
1471058262868677693,1140.0,3,1.0,13,Entire home/apt
706741292276325514,1065.0,2,1.0,49,Entire home/apt
1201682775137194247,609.0,2,1.0,23,Entire home/apt
714405811844467437,316.0,1,1.0,167,Shared room
1225677991428223844,995.0,3,1.0,17,Entire home/apt
744824859809978359,328.0,1,5.0,0,Private room
1441626738741045511,734.0,3,1.0,2,Entire home/apt
45757392,813.0,1,1.0,0,Private room
45941287,674.0,2,0.0,93,Entire home/apt
928483007796232719,1217.0,2,1.0,16,Entire home/apt
1516056089114079132,1303.0,2,1.0,1,Entire home/apt
1506210533652107807,1979.0,10,4.0,0,Entire home/apt
980389505114137666,525.0,1,1.0,13,Private room
640686480712365551,4281.0,12,6.0,40,Entire home/apt
1373602821798302279,1930.0,4,2.0,0,Entire home/apt
608952220525601910,1455.0,4,1.0,69,Entire home/apt
560691244404855016,690.0,2,1.0,1,Private room
957507241512206916,1620.0,2,1.0,10,Private room
1403898281201350410,1375.0,2,1.0,4,Entire home/apt
33532890,992.0,6,3.0,88,Entire home/apt
1162330855170166839,173.0,3,1.0,17,Shared room
53136537,858.0,3,1.0,70,Private room
43835844,2855.0,4,1.0,0,Private room
923198902229898940,2103.0,3,1.0,0,Private room
1436697996530724258,1600.0,4,2.0,3,Entire home/apt
52886225,855.0,2,1.0,45,Entire home/apt
27373141,691.0,1,1.0,182,Entire home/apt
26716373,1325.0,4,2.0,71,Entire home/apt
657850064885597750,270.0,4,2.0,4,Entire home/apt
1469058651878572710,1139.0,5,3.0,2,Entire home/apt
1434856788437467749,1117.0,4,3.0,8,Entire home/apt
49882515,1100.0,8,3.0,145,Entire home/apt
31177196,1093.0,4,2.0,101,Entire home/apt
823163072408092972,2918.0,2,1.0,0,Private room
31314962,648.0,3,1.0,8,Hotel room
1149493018951905220,1102.0,2,1.0,24,Entire home/apt
866655542294692130,419.0,2,1.0,153,Entire home/apt
24910466,2365.0,3,1.0,322,Entire home/apt
41194788,1495.0,4,2.0,124,Entire home/apt
37970975,921.0,3,1.0,257,Entire home/apt
45652853,1105.0,4,2.0,129,Entire home/apt
1188444617733941667,2280.0,6,3.0,64,Entire home/apt
1482846282025474033,919.0,2,1.0,2,Entire home/apt
44245873,255.0,1,0.0,8,Private room
676765476426559098,826.0,2,1.0,33,Private room
935366550019208705,998.0,2,1.0,73,Entire home/apt
912427939386059815,375.0,2,1.0,41,Private room
797703330466818738,1896.0,2,1.0,0,Private room
1118175893833356107,7297.0,2,1.0,0,Hotel room
698723752378628123,557.0,2,1.0,26,Private room
1478422723418762783,219.0,2,1.0,0,Private room
1265270127969321917,1629.0,4,2.0,9,Entire home/apt
989367593837939242,3355.0,3,2.0,5,Entire home/apt
1079254788030677102,475.0,2,1.0,137,Private room
1330056758773111357,330.0,2,1.0,0,Private room
20983873,1610.0,2,1.0,29,Entire home/apt
1436281458811965087,1945.0,4,2.0,1,Entire home/apt
664372167402638656,1992.0,4,2.0,47,Entire home/apt
689114466062159577,523.0,2,1.0,99,Private room
691327979386371630,3342.0,4,2.0,7,Entire home/apt
790547548185703168,376.0,2,1.0,49,Private room
1329216366778118239,66.0,1,1.0,3,Shared room
44154070,600.0,2,1.0,273,Private room
21798352,11785.0,16,8.0,220,Entire home/apt
1230004728994611898,3055.0,6,3.0,33,Entire home/apt
19751344,450.0,1,1.0,61,Private room
46213803,10000.0,3,3.0,1,Entire home/apt
1113155637050377091,2000.0,5,3.0,19,Entire home/apt
889328258739981699,4200.0,16,3.0,20,Entire home/apt
1453305438706018758,1383.0,2,1.0,0,Entire home/apt
1112296722216145607,4621.0,4,2.0,0,Entire home/apt
22659847,447.0,2,1.0,191,Private room
1182047482966723265,1971.0,4,2.0,74,Entire home/apt
1479265492415940630,1254.0,4,1.0,2,Entire home/apt
1166726300877682434,2223.0,4,2.0,38,Entire home/apt
45861128,493.0,2,1.0,395,Private room
10996988,12534.0,16,7.0,0,Private room
43999061,1890.0,4,0.0,1,Entire home/apt
732150654320065307,7345.0,8,3.0,38,Entire home/apt
1348929335921702397,171.0,2,1.0,9,Shared room
13952338,1872.0,4,2.0,366,Entire home/apt
1460965828363403873,971.0,2,1.0,3,Private room
51799339,903.0,2,1.0,152,Entire home/apt
812345380408431771,824.0,2,1.0,1,Private room
5287695,900.0,2,1.0,407,Private room
1180255860512578921,1112.0,2,1.0,3,Private room
1327679853740229582,664.0,5,2.0,8,Entire home/apt
1294388346914646355,396.0,3,1.0,1,Private room
593033035554889671,810.0,2,1.0,1,Private room
50898037,629.0,2,1.0,69,Entire home/apt
812527230105088133,329.0,2,1.0,60,Private room
1422749310812096445,1385.0,4,1.0,0,Shared room
1468202750168496308,141.0,3,1.0,1,Shared room
1481397678171123181,2057.0,4,2.0,5,Entire home/apt
837613957309541760,2315.0,7,2.0,58,Entire home/apt
41404517,100989.0,10,5.0,0,Private room
1186363721900141726,802.0,6,2.0,69,Entire home/apt
44062090,2325.0,2,1.0,120,Private room
43212323,1100.0,2,1.0,2,Entire home/apt
1479720942327469445,1253.0,4,1.0,4,Entire home/apt
1450120081412917883,1235.0,5,2.0,6,Entire home/apt
1375622697793600632,733.0,2,1.0,3,Private room
937609963645183571,731.0,4,2.0,66,Entire home/apt
1224281423338924936,1227.0,2,1.0,9,Entire home/apt
900738433184958512,700.0,1,1.0,6,Private room
1021275754744314492,2694.0,3,1.0,17,Entire home/apt
16735205,267.0,2,1.0,111,Private room
36226730,2010.0,4,2.0,6,Entire home/apt
1003659099666754078,529.0,4,2.0,77,Private room
35464121,2860.0,6,3.0,10,Entire home/apt
4073755,3075.0,8,4.0,247,Entire home/apt
1169047599191880091,1488.0,10,3.0,41,Entire home/apt
1107475175595533185,1150.0,4,2.0,47,Entire home/apt
1359516512344857067,200.0,3,1.0,2,Shared room
1126386076370966497,1144.0,4,2.0,64,Entire home/apt
780367126886912623,5800.0,2,1.0,0,Private room
41158133,300.0,1,1.0,32,Private room
53219776,746.0,2,1.0,12,Entire home/apt
1146515801007388930,1505.0,4,2.0,35,Entire home/apt
46773077,1451.0,2,1.0,9,Private room
1022429763772651070,266.0,2,1.0,1,Private room
21325484,4132.0,2,3.0,0,Private room
1208213020846013103,776.0,2,1.0,12,Entire home/apt
705728091654877321,1215.0,4,2.0,60,Entire home/apt
1483399498079483271,2147.0,7,4.0,2,Entire home/apt
47236778,571.0,2,1.0,128,Entire home/apt
49502983,1556.0,5,3.0,20,Entire home/apt
585658403492875160,2508.0,4,1.0,1,Entire home/apt
1485911713760921605,900.0,4,3.0,1,Private room
1009374684273328222,720.0,3,2.0,34,Entire home/apt
28462772,252.0,3,1.0,32,Private room
1268554346879035904,1000.0,3,1.0,48,Entire home/apt
1100813813165993284,611.0,1,1.0,17,Private room
29359014,622.0,3,2.0,116,Entire home/apt
1418403659954005744,4613.0,2,1.0,0,Private room
54147145,777.0,4,2.0,49,Entire home/apt
941262060795775166,904.0,2,1.0,120,Entire home/apt
839056391833915948,1964.0,2,1.0,7,Private room
609490558747294575,850.0,4,1.0,50,Entire home/apt
1453754218076107318,765.0,4,1.0,1,Private room
1468521785001647174,1085.0,6,3.0,9,Entire home/apt
17189134,298.0,2,1.0,79,Private room
1377612953476434602,332.0,1,1.0,2,Private room
39721616,1712.0,2,1.0,3,Private room
1512643324172618023,710.0,4,2.0,0,Entire home/apt
36796126,948.0,4,2.0,54,Entire home/apt
46643764,1093.0,4,1.0,3,Private room
31654252,754.0,2,1.0,441,Entire home/apt
926403525059849413,2925.0,7,2.0,69,Entire home/apt
2401724,1231.0,4,2.0,281,Entire home/apt
1500463498277020882,504.0,2,1.0,5,Entire home/apt
590806170503263902,944.0,4,1.0,249,Entire home/apt
1179196519229213225,82956.0,16,21.0,2,Entire home/apt
1405331049658069348,985.0,4,2.0,6,Entire home/apt
1395234748898983486,1178.0,4,2.0,6,Entire home/apt
1277184278013662497,200.0,1,1.0,8,Private room
845956103761475146,2037.0,7,2.0,18,Entire home/apt
1142775257982792405,1383.0,4,2.0,11,Entire home/apt
1374008635557644916,274.0,2,1.0,13,Entire home/apt
46279936,235.0,1,1.0,0,Private room
33331100,1723.0,4,2.0,43,Entire home/apt
39008473,543.0,2,1.0,430,Entire home/apt
46375108,1899.0,5,2.0,184,Entire home/apt
846634781574242639,720.0,2,1.0,115,Private room
1450233077447172488,1212.0,2,1.0,0,Entire home/apt
1262530871069053687,846.0,2,1.0,25,Entire home/apt
1343667099361137171,808.0,2,1.0,3,Private room
1424599514045868132,1428.0,4,2.0,10,Entire home/apt
38729252,568.0,2,1.0,63,Entire home/apt
33516336,835.0,4,3.0,37,Entire home/apt
1390250817532835218,2011.0,2,1.0,3,Entire home/apt
53216919,243.0,1,1.0,18,Private room
1192107346712953088,1184.0,4,2.0,44,Entire home/apt
1206864533816975951,1864.0,7,3.0,2,Entire home/apt
696329666872320144,5225.0,8,3.0,3,Entire home/apt
42929613,3050.0,2,1.0,4,Private room
1291525331284640336,528.0,2,1.0,10,Private room
1056651924128266157,467.0,3,2.0,8,Entire home/apt
1422526761609881937,738.0,3,1.0,1,Entire home/apt
1168421043991861981,722.0,4,1.0,8,Entire home/apt
1124167878127343374,405.0,2,1.0,15,Private room
1321492427416376485,1400.0,5,1.0,3,Private room
14952091,2160.0,4,2.0,163,Entire home/apt
1056623192360691921,3448.0,8,4.0,52,Entire home/apt
38485086,1397.0,5,2.0,424,Entire home/apt
1064509245423395777,713.0,2,1.0,4,Entire home/apt
33912473,1543.0,2,1.0,6,Private room
46373475,882.0,2,1.0,72,Entire home/apt
41429079,3376.0,15,6.0,123,Entire home/apt
53661580,3393.0,6,3.0,23,Entire home/apt
53051606,2780.0,12,4.0,5,Entire home/apt
30257679,1911.0,4,2.0,198,Entire home/apt
21205265,1440.0,2,1.0,76,Entire home/apt
1064794286756712710,6750.0,16,9.0,9,Entire home/apt
1000085913087840680,1712.0,4,2.0,13,Entire home/apt
994466814462669823,1372.0,3,1.0,2,Entire home/apt
30589685,1465.0,2,1.0,87,Entire home/apt
50480491,579.0,2,1.0,156,Private room
52556374,623.0,4,1.0,129,Entire home/apt
689138871785666063,965.0,2,1.0,4,Entire home/apt
1116158055106855902,3150.0,4,2.0,33,Entire home/apt
1085042457500741366,832.0,2,1.0,55,Private room
53279156,1722.0,4,2.0,130,Entire home/apt
28655605,1050.0,6,3.0,18,Entire home/apt
1338416812605856206,527.0,2,1.0,5,Private room
48675429,798.0,2,1.0,4,Private room
256555,3494.0,14,4.0,323,Entire home/apt
813011101165392976,1197.0,3,2.0,48,Entire home/apt
46358958,1554.0,2,1.0,184,Private room
653527557938604417,4497.0,8,4.0,53,Entire home/apt
18314796,937.0,2,1.0,587,Entire home/apt
1432919451551026681,677.0,2,1.0,9,Entire home/apt
854351159862820037,4019.0,16,4.0,1,Entire home/apt
1420378137756033266,558.0,2,1.0,19,Entire home/apt
1427669851416093938,530.0,1,1.0,0,Private room
41273057,500.0,1,1.0,73,Private room
1246566093962440882,669.0,2,1.0,8,Private room
1318968028611064453,1135.0,2,1.0,34,Entire home/apt
701525521671655882,1313.0,4,2.0,17,Entire home/apt
1487118863698464726,817.0,2,1.0,5,Entire home/apt
795560403261993715,2042.0,9,3.0,47,Entire home/apt
28319670,2437.0,6,3.0,45,Entire home/apt
951855012353029716,455.0,2,1.0,150,Private room
1479340561371572261,540.0,2,1.0,13,Private room
1306072485475361298,1211.0,4,1.0,8,Entire home/apt
614581863770590679,4910.0,5,2.0,99,Entire home/apt
17715920,1055.0,4,2.0,532,Entire home/apt
1450151087151468381,1290.0,2,1.0,2,Entire home/apt
928514751131743902,317.0,2,1.0,129,Private room
7619233,1747.0,4,2.0,9,Entire home/apt
14340398,1858.0,4,2.0,64,Entire home/apt
875818353629656819,550.0,2,1.0,56,Private room
1173559295324245532,680.0,4,1.0,28,Entire home/apt
32527606,1994.0,2,0.0,4,Hotel room
9547746,1797.0,2,1.0,294,Entire home/apt
1297172957206163524,162.0,3,1.0,1,Shared room
1301642652635702506,928.0,2,1.0,13,Entire home/apt
1235101653578750351,454.0,3,1.0,15,Private room
1355871952545291880,618.0,6,2.0,12,Entire home/apt
1190064191743569627,534.0,2,1.0,0,Private room
911871000228412879,2511.0,6,3.0,22,Entire home/apt
865820763857736393,259.0,1,1.0,10,Private room
43835124,958.0,5,2.0,207,Entire home/apt
1041594394580293403,1056.0,5,2.0,81,Entire home/apt
852250719942054581,1810.0,2,1.0,7,Private room
17187276,316.0,2,1.0,48,Private room
38874722,2550.0,2,1.0,0,Entire home/apt
1359547709641275272,1169.0,5,2.0,24,Entire home/apt
16771423,600.0,2,1.0,224,Private room
29962736,1330.0,4,2.0,72,Entire home/apt
41924238,1603.0,2,1.0,112,Entire home/apt
1450132998495937523,529.0,2,1.0,16,Entire home/apt
18292353,723.0,2,1.0,12,Private room
1102958679600169547,700.0,2,1.0,1,Private room
5580404,599.0,2,1.0,264,Entire home/apt
583989865703281305,1576.0,6,3.0,105,Entire home/apt
1471417309995355394,774.0,2,1.0,3,Entire home/apt
610732197346209826,1288.0,2,0.0,89,Entire home/apt
48446809,737.0,3,1.0,52,Entire home/apt
1163370405320016922,389.0,3,1.0,21,Private room
1441410616447837711,693.0,2,1.0,3,Private room
1256168582044216817,2606.0,4,2.0,39,Entire home/apt
1434833086948042674,2250.0,4,2.0,0,Entire home/apt
1507608851130117850,739.0,2,1.0,0,Entire home/apt
1162444052615556841,630.0,2,1.0,0,Entire home/apt
1463136111663132526,609.0,4,2.0,7,Entire home/apt
959469725242040470,2966.0,4,2.0,60,Entire home/apt
1444459876682424603,1049.0,2,1.0,7,Entire home/apt
933266968268086657,342.0,1,1.0,7,Private room
924222709941619157,856.0,4,2.0,9,Entire home/apt
17026081,568.0,3,1.0,487,Entire home/apt
1395200185228295488,2001.0,4,2.0,8,Entire home/apt
1108336118378323200,600.0,4,1.0,2,Entire home/apt
994488845263640665,1134.0,1,0.0,1,Private room
815930999695655668,419.0,2,1.0,175,Entire home/apt
53446944,808.0,6,2.0,20,Entire home/apt
692296327253670814,420.0,2,1.0,36,Private room
1148036550949228274,3017.0,2,1.0,186,Entire home/apt
1471769675745156854,689.0,4,3.0,0,Entire home/apt
1384330595405176281,428.0,2,1.0,1,Private room
547218730040382933,518.0,2,1.0,51,Private room
1500441398361044013,2287.0,2,1.0,0,Private room
42778692,299.0,2,1.0,41,Private room
46543182,945.0,4,2.0,277,Entire home/apt
1435055884494946017,774.0,3,1.0,5,Entire home/apt
608777465942413575,1605.0,2,1.0,26,Entire home/apt
35830534,865.0,2,1.0,132,Entire home/apt
1008938286999673677,668.0,2,1.0,109,Entire home/apt
1470694535083535250,2009.0,6,3.0,0,Entire home/apt
47814616,2900.0,7,4.0,87,Entire home/apt
1490945683756227438,2133.0,4,1.0,3,Entire home/apt
1086587578104362978,1663.0,4,2.0,33,Entire home/apt
1115987663542843899,5932.0,2,1.0,0,Private room
1015606640762009394,447.0,1,1.0,107,Private room
54341821,500.0,1,1.0,0,Private room
49519196,572.0,3,1.0,2,Entire home/apt
1494266158429307678,944.0,2,1.0,1,Entire home/apt
1404041073066510505,1292.0,4,2.0,11,Entire home/apt
1471157650370006385,2455.0,10,5.0,3,Entire home/apt
1229906157124061097,833.0,2,1.0,52,Entire home/apt
17940332,1186.0,3,1.0,198,Entire home/apt
53972348,2316.0,3,2.0,6,Entire home/apt
34156180,1738.0,4,2.0,232,Entire home/apt
884823432420048167,1673.0,2,1.0,26,Entire home/apt
46381209,1567.0,6,2.0,222,Entire home/apt
1148876430683715234,1057.0,3,2.0,17,Entire home/apt
40872021,1041.0,6,1.0,311,Entire home/apt
39560932,513.0,1,1.0,56,Private room
1377742416252156814,979.0,2,1.0,13,Private room
1476764003605852505,705.0,2,1.0,14,Private room
1031883657231931252,673.0,2,1.0,110,Private room
35001799,1510.0,2,1.0,0,Entire home/apt
648785318397928091,969.0,2,1.0,75,Entire home/apt
46065532,1550.0,6,3.0,221,Entire home/apt
11623710,1584.0,4,2.0,169,Entire home/apt
1081994984852278850,1712.0,6,3.0,44,Entire home/apt
1486352562401167277,741.0,3,1.0,1,Private room
1364083320274466044,668.0,4,1.0,24,Entire home/apt
866146925711237337,675.0,2,1.0,14,Private room
544940893086575171,1423.0,4,2.0,24,Entire home/apt
1440129161143202694,365.0,2,1.0,1,Private room
1060334803484170212,729.0,5,2.0,23,Entire home/apt
43987492,801.0,5,3.0,233,Entire home/apt
52655793,916.0,3,2.0,20,Entire home/apt
1419031007665913899,687.0,1,1.0,1,Private room
1074867684804641848,1312.0,2,1.0,66,Entire home/apt
832560222326355574,1162.0,3,1.0,33,Entire home/apt
965444000746015370,2154.0,4,2.0,25,Entire home/apt
1262571688606117726,969.0,2,1.0,0,Private room
47899232,1126.0,5,2.0,30,Entire home/apt
865880339170116737,454.0,1,1.0,13,Private room
805691765011223415,2601.0,4,2.0,60,Entire home/apt
28543003,600.0,2,1.0,23,Private room
1496432383593138194,734.0,2,1.0,0,Private room
1380058007190297318,1600.0,2,1.0,1,Private room
27636837,1320.0,6,2.0,91,Entire home/apt
832510504649709105,2246.0,2,1.0,2,Private room
984109427919663131,380.0,1,0.0,7,Private room
1233743562832342238,372.0,2,1.0,1,Private room
1518257575420839432,2915.0,4,2.0,0,Entire home/apt
927566041242408076,1183.0,2,1.0,8,Entire home/apt
1111791299872501415,1387.0,4,1.0,60,Entire home/apt
1031752433975940551,1126.0,3,1.0,304,Entire home/apt
1416923275912369690,1815.0,2,1.0,2,Entire home/apt
1164486988627877268,816.0,2,1.0,38,Private room
912296673930711231,618.0,2,1.0,19,Private room
29310830,2765.0,2,1.0,0,Private room
1376268312157652514,789.0,1,1.0,7,Private room
18874461,300.0,2,1.0,0,Private room
38874915,505.0,3,1.0,85,Entire home/apt
795807897728631977,1119.0,2,1.0,17,Entire home/apt
1082272567039304132,849.0,4,2.0,46,Entire home/apt
23341181,467.0,2,1.0,119,Private room
879588507818698144,1180.0,4,2.0,87,Entire home/apt
38069180,493.0,3,1.0,64,Entire home/apt
20055282,1021.0,5,2.0,128,Entire home/apt
41712832,465.0,2,1.0,161,Private room
12534631,1850.0,2,1.0,22,Private room
991262191142893864,4389.0,4,2.0,10,Entire home/apt
50707981,445.0,2,1.0,198,Private room
1316005319685551431,894.0,2,1.0,2,Private room
37504113,1917.0,10,3.0,116,Entire home/apt
583353142762122533,955.0,3,1.0,255,Private room
1472469731791872704,435.0,3,1.0,11,Entire home/apt
1148047881245577424,1063.0,4,1.0,19,Entire home/apt
863599858950320977,767.0,4,2.0,31,Entire home/apt
746380851692291986,1081.0,3,2.0,179,Entire home/apt
990065392762857781,954.0,2,1.0,20,Entire home/apt
1466191710276498002,1450.0,5,2.0,0,Entire home/apt
926084636671476390,262.0,1,1.0,0,Private room
43308660,1194.0,4,2.0,16,Entire home/apt
1409696113607581449,1743.0,4,2.0,5,Entire home/apt
27724497,950.0,2,1.0,17,Entire home/apt
819569485118884376,1283.0,4,1.0,102,Entire home/apt
46494589,679.0,2,1.0,146,Private room
1276300054783242492,1350.0,2,1.0,28,Entire home/apt
36985276,300.0,2,1.0,13,Private room
1460382009778306213,952.0,4,2.0,9,Entire home/apt
1463359436308276312,447.0,2,1.0,2,Private room
19227010,565.0,2,1.0,22,Private room
899624608554938102,465.0,2,1.0,50,Private room
1352364223844512037,7331.0,16,8.0,11,Entire home/apt
30935056,1080.0,2,1.0,27,Entire home/apt
16521097,747.0,4,1.0,14,Entire home/apt
1330547976085738592,351.0,2,1.0,25,Private room
46919861,746.0,2,1.0,241,Entire home/apt
1044397998041641039,1170.0,3,2.0,9,Entire home/apt
1021952626304636665,2062.0,10,3.0,58,Entire home/apt
654106,645.0,1,2.0,1,Private room
52513013,1891.0,4,2.0,169,Entire home/apt
1439956700613212047,1987.0,2,1.0,8,Entire home/apt
1424745453966821812,746.0,2,1.0,17,Private room
1340136222725335058,1363.0,6,2.0,13,Entire home/apt
1481297292860444672,601.0,3,1.0,1,Entire home/apt
904265066364943295,722.0,4,0.0,82,Entire home/apt
734063415016921910,351.0,2,1.0,31,Private room
681106939354470673,461.0,3,1.0,28,Private room
1272399798949884286,585.0,3,1.0,11,Entire home/apt
48530527,1343.0,2,1.0,154,Entire home/apt
19750039,1045.0,2,1.0,250,Entire home/apt
14587581,900.0,2,1.0,0,Private room
988564352361949982,3191.0,4,1.0,0,Entire home/apt
24286271,857.0,2,1.0,298,Entire home/apt
36604584,926.0,2,1.0,299,Entire home/apt
1277802946103182048,1620.0,4,2.0,5,Entire home/apt
1494737063872301224,2206.0,9,4.0,0,Entire home/apt
1044166319199954568,1620.0,5,1.0,8,Private room
642827814664015549,567.0,1,1.0,117,Private room
12768000,384.0,2,1.0,66,Private room
37063624,1368.0,5,2.0,146,Entire home/apt
1453764906599196621,600.0,1,1.0,2,Private room
854498279536118156,1028.0,4,2.0,110,Entire home/apt
45259883,211.0,1,1.0,0,Private room
28988787,2222.0,4,2.0,115,Entire home/apt
1050940191481812810,1122.0,4,2.0,37,Entire home/apt
40541069,1040.0,2,1.0,388,Entire home/apt
745910195690484214,946.0,4,2.0,96,Entire home/apt
1335260416826608052,1164.0,5,2.0,18,Entire home/apt
1005135240073326662,1080.0,4,1.0,14,Entire home/apt
27403955,1031.0,4,1.0,156,Entire home/apt
1403279427056248677,840.0,2,1.0,0,Entire home/apt
1066062916494974217,1324.0,4,2.0,7,Entire home/apt
45485617,840.0,4,2.0,19,Entire home/apt
1396404492868943870,786.0,5,2.0,22,Entire home/apt
834726191053349321,1710.0,5,2.0,53,Entire home/apt
21414538,458.0,2,1.0,8,Private room
1510521696373054502,729.0,2,1.0,0,Private room
53156585,594.0,5,2.0,194,Entire home/apt
710219140359597895,670.0,2,1.0,8,Private room
1435637012628823680,1260.0,2,1.0,13,Entire home/apt
52372405,600.0,6,2.0,111,Entire home/apt
14759721,855.0,4,3.0,26,Entire home/apt
23252950,1215.0,4,2.0,17,Entire home/apt
1477189244743522465,834.0,5,3.0,4,Entire home/apt
42689725,597.0,2,1.0,44,Private room
1329691764616919975,1540.0,2,1.0,10,Entire home/apt
53798152,550.0,2,1.0,120,Entire home/apt
943356698041584227,461.0,3,1.0,71,Private room
1497976807654480905,873.0,2,1.0,0,Entire home/apt
1440369627703643064,1325.0,6,3.0,24,Entire home/apt
1484372728885647606,3142.0,2,1.0,0,Entire home/apt
553083098922336232,2562.0,2,1.0,22,Private room
1384123984566116978,1820.0,4,2.0,6,Entire home/apt
1067788241661161829,2384.0,6,2.0,124,Entire home/apt
987025608645638864,1040.0,4,2.0,16,Entire home/apt
821121254756326276,829.0,2,1.0,5,Entire home/apt
652129626925703076,1889.0,6,3.0,57,Entire home/apt
944853991049206112,1112.0,5,2.0,203,Entire home/apt
1436917762454651628,402.0,1,1.0,1,Shared room
1363254190930953284,831.0,2,1.0,45,Entire home/apt
1225088609424809190,945.0,4,1.0,15,Private room
1380848154807746773,483.0,4,1.0,31,Private room
1127155065469950253,1700.0,4,1.0,7,Entire home/apt
52918953,807.0,4,2.0,267,Entire home/apt
781318898139298882,3546.0,6,3.0,82,Entire home/apt
29731454,714.0,3,2.0,74,Private room
40278654,1089.0,3,1.0,250,Entire home/apt
25036185,9181.0,6,3.0,11,Entire home/apt
52881818,6052.0,10,5.0,88,Entire home/apt
52739598,3736.0,6,3.0,36,Entire home/apt
44679861,1324.0,4,1.0,134,Entire home/apt
1461027079647778721,835.0,2,1.0,10,Private room
1398894787212711600,640.0,2,1.0,0,Entire home/apt
892676742760732948,900000.0,1,1.0,3,Private room
1080076047899200141,1152.0,5,2.0,28,Entire home/apt
1357339417670442687,468.0,2,1.0,30,Entire home/apt
1068262748644037668,3035.0,8,3.0,52,Entire home/apt
717531170922048476,946.0,4,2.0,132,Entire home/apt
1355827774456576388,264.0,2,1.0,35,Private room
27090841,764.0,2,1.0,104,Private room
1451471786704653709,1052.0,6,2.0,23,Entire home/apt
810344966736953418,1200.0,1,1.0,21,Entire home/apt
723875543301541272,428.0,2,1.0,80,Private room
847243625700121885,1032.0,6,2.0,135,Entire home/apt
31099048,405.0,2,1.0,3,Private room
51846856,615.0,2,1.0,118,Private room
1017588562877220688,712.0,2,1.0,34,Entire home/apt
1518179107737358891,836.0,4,2.0,0,Entire home/apt
32279619,664.0,1,1.0,13,Private room
28981031,654.0,2,1.0,19,Private room
1358948439168783649,448.0,1,1.0,0,Private room
899318188896188519,450.0,2,1.0,13,Private room
593017453086726307,1222.0,4,2.0,47,Entire home/apt
1103736854326033595,638.0,2,1.0,22,Private room
1288582937038501094,1188.0,2,1.0,13,Entire home/apt
662319263974491644,345.0,1,1.0,182,Private room
1503169165512189645,1223.0,2,1.0,1,Entire home/apt
1727725,2600.0,2,1.0,38,Private room
978436693998494190,2839.0,8,3.0,18,Entire home/apt
1196721235740682952,931.0,3,1.0,12,Entire home/apt
1279945783846192116,863.0,4,2.0,18,Entire home/apt
49632436,910.0,3,2.0,44,Entire home/apt
920257150086282970,492.0,4,2.0,118,Entire home/apt
1218869181020237350,2117.0,6,2.0,17,Entire home/apt
1427941281105559684,380.0,1,1.0,0,Private room
50224079,1894.0,5,3.0,165,Entire home/apt
41906181,571.0,4,1.0,64,Entire home/apt
1220258277141771304,468.0,2,1.0,26,Private room
785499583262656983,287.0,1,1.0,21,Private room
748018122432653632,675.0,2,1.0,15,Private room
1329043958641976638,842.0,6,2.0,29,Entire home/apt
1262240089642928471,2433.0,4,2.0,0,Entire home/apt
2094427,1398.0,2,1.0,89,Entire home/apt
43013678,669.0,2,1.0,106,Entire home/apt
1351600353340664155,459.0,2,1.0,2,Private room
1482592918931836152,806.0,6,2.0,2,Entire home/apt
27962213,1694.0,2,1.0,72,Entire home/apt
1118175277022551558,4254.0,2,1.0,0,Hotel room
52438191,1758.0,3,1.0,148,Entire home/apt
50868860,437.0,1,1.0,103,Private room
679224005650980646,990.0,2,1.0,283,Entire home/apt
41242900,1012.0,4,1.0,40,Private room
848847091209327940,2403.0,6,3.0,70,Entire home/apt
1308749386409180224,1357.0,2,1.0,0,Entire home/apt
1514175244019413687,2411.0,4,2.0,0,Entire home/apt
24597328,3729.0,7,3.0,14,Entire home/apt
1127958760751085630,503.0,2,1.0,59,Private room
1359779256194075724,1314.0,3,1.0,1,Private room
47770187,1300.0,2,1.0,0,Private room
503483225359836954,950.0,3,2.0,75,Entire home/apt
1456153754404381836,463.0,2,0.0,7,Private room
21838262,1146.0,4,1.0,10,Entire home/apt
1136476568499828385,719.0,1,1.0,7,Entire home/apt
935781469961467431,858.0,4,2.0,85,Entire home/apt
45972973,1128.0,2,1.0,34,Entire home/apt
38624580,450.0,2,1.0,35,Private room
1002839220218872752,620.0,3,2.0,44,Entire home/apt
960873128617421929,2296.0,2,1.0,30,Entire home/apt
582524837040516245,1039.0,6,3.0,35,Entire home/apt
1133446222631573796,161.0,4,1.0,27,Shared room
1499474652721023608,367.0,4,1.0,0,Private room
56074,591.0,2,1.0,84,Entire home/apt
1163125760847931542,587.0,4,1.0,0,Private room
43517859,872.0,4,2.0,204,Entire home/apt
28163143,239.0,1,1.0,49,Private room
1208219934262772131,485.0,2,1.0,2,Private room
1092246460431466604,562.0,2,1.0,74,Private room
904288946684453959,4451.0,4,2.0,6,Entire home/apt
860001557043524374,990.0,2,1.0,38,Entire home/apt
720970626165417111,1110.0,3,1.0,55,Entire home/apt
704284125400207420,1384.0,2,1.0,51,Entire home/apt
850271154906261413,1107.0,2,1.0,195,Entire home/apt
1448523548743718824,3060.0,7,3.0,0,Entire home/apt
515927973075176969,970.0,2,1.0,86,Entire home/apt
31296501,352.0,1,1.0,11,Private room
754727799195411053,1350.0,5,2.0,8,Entire home/apt
1273418489171689366,3357.0,5,2.0,8,Entire home/apt
25744031,2164.0,3,1.0,46,Entire home/apt
17420601,1358.0,4,2.0,104,Entire home/apt
1039828970956068343,10400.0,1,1.0,0,Private room
44251427,2190.0,4,2.0,150,Entire home/apt
44281274,1617.0,5,5.0,78,Entire home/apt
1034170304563076050,896.0,8,3.0,66,Entire home/apt
1495659369614406680,1589.0,2,1.0,2,Private room
1184417863532698718,941.0,6,3.0,4,Entire home/apt
630465704536497975,400.0,2,1.0,3,Entire home/apt
54407337,1686.0,6,2.0,150,Entire home/apt
1079745778580041307,512.0,2,1.0,44,Private room
1357301689568970718,194.0,2,1.0,18,Private room
33769094,270.0,1,1.0,79,Private room
24410501,846.0,6,3.0,68,Entire home/apt
960199630685150993,521.0,6,1.0,70,Entire home/apt
52111775,1256.0,2,1.0,6,Entire home/apt
23615861,875.0,1,1.0,13,Private room
39368238,817.0,3,1.0,134,Entire home/apt
757446078678893572,2150.0,3,2.0,59,Entire home/apt
16454180,496.0,2,1.0,209,Entire home/apt
1147006570344241871,787.0,4,2.0,27,Entire home/apt
6935401,1191.0,6,2.0,132,Entire home/apt
1169018499573685663,2000.0,2,1.0,0,Entire home/apt
745307862375988925,1628.0,3,1.0,28,Entire home/apt
1071313457629313416,763.0,6,2.0,128,Entire home/apt
1391595343825332190,3150.0,16,6.0,13,Entire home/apt
31567480,612.0,4,2.0,18,Entire home/apt
49615762,3184.0,5,2.0,6,Entire home/apt
29991443,1203.0,4,1.0,253,Entire home/apt
1378267101972921950,2871.0,6,3.0,0,Entire home/apt
987623680194376509,474.0,2,1.0,8,Entire home/apt
1312019940962112667,2050.0,2,1.0,7,Private room
31315549,523.0,2,1.0,12,Hotel room
39007842,716.0,5,2.0,51,Entire home/apt
1443001436402683794,1113.0,4,2.0,7,Entire home/apt
1370288441899091208,534.0,2,1.0,52,Private room
805942061483711421,1908.0,2,1.0,0,Private room
1304759327854575896,1683.0,2,1.0,17,Entire home/apt
25714180,1220.0,1,1.0,22,Private room
1121166791225284566,2262.0,2,1.0,6,Entire home/apt
28811698,1000.0,2,1.0,1,Private room
1374202783357330517,854.0,1,1.0,8,Private room
654401977000870555,1538.0,7,2.0,60,Entire home/apt
53641339,466.0,1,1.0,158,Private room
735798953617752479,1736.0,5,3.0,2,Entire home/apt
1377837129840574565,1723.0,4,2.0,6,Entire home/apt
23649534,1134.0,2,1.0,855,Private room
745455936647851153,10271.0,4,1.0,0,Entire home/apt
562338443474873601,820.0,4,1.0,115,Entire home/apt
1453232783081344347,3274.0,6,3.0,1,Entire home/apt
50293127,565.0,2,1.0,8,Private room
975541359544860917,1058.0,2,1.0,11,Entire home/apt
22988229,1132.0,3,1.0,219,Entire home/apt
579180318661781089,2035.0,4,2.0,131,Entire home/apt
1363232264195519615,231.0,2,1.0,24,Private room
53655235,851.0,4,2.0,212,Entire home/apt
1466749308563428273,1197.0,4,1.0,3,Private room
48541506,536.0,2,1.0,226,Entire home/apt
938459857250338192,352.0,2,1.0,24,Entire home/apt
32635135,1340.0,4,2.0,81,Entire home/apt
46524656,859.0,2,1.0,124,Entire home/apt
1318906185008171760,863.0,2,1.0,21,Private room
1507455977212376210,5142.0,4,2.0,0,Entire home/apt
1285693942972026435,1258.0,4,1.0,19,Entire home/apt
1381913318786300592,960.0,4,1.0,14,Private room
1471954584290720117,738.0,2,1.0,1,Entire home/apt
1493730241386733278,663.0,2,1.0,1,Private room
53614394,1760.0,4,2.0,0,Entire home/apt
36762688,794.0,3,1.0,70,Entire home/apt
1105036946359011965,720.0,1,1.0,7,Private room
50111128,432.0,2,1.0,88,Private room
1025371041866167438,930.0,3,2.0,29,Private room
1237979163105069964,355.0,2,1.0,20,Private room
43833829,751.0,2,1.0,31,Private room
1385219286462801085,981.0,3,1.0,8,Private room
24433445,431.0,1,1.0,60,Private room
38126324,941.0,3,1.0,264,Entire home/apt
1105211432270336033,1470.0,4,2.0,21,Entire home/apt
1201561813334193401,1002.0,2,0.0,62,Entire home/apt
1010440803926760254,2668.0,4,2.0,4,Private room
50635802,522.0,2,1.0,27,Private room
819795573997385406,1320.0,6,3.0,0,Entire home/apt
25977288,1442.0,2,1.0,336,Entire home/apt
53719797,7083.0,6,2.0,133,Entire home/apt
846654315529318989,1140.0,4,2.0,12,Entire home/apt
51348139,588.0,2,1.0,163,Private room
733290512245221317,1054.0,2,1.0,11,Entire home/apt
1105811511909387271,590.0,2,1.0,32,Private room
43380863,2062.0,4,2.0,13,Entire home/apt
671803084382110415,4064.0,8,4.0,81,Entire home/apt
31854285,441.0,1,0.0,38,Private room
760841943283047018,1270.0,5,2.0,50,Entire home/apt
43703892,1135.0,7,2.0,474,Entire home/apt
1137805355792645270,1210.0,2,1.0,7,Entire home/apt
29099455,1953.0,4,2.0,143,Entire home/apt
1054532011400412095,1169.0,4,1.0,40,Entire home/apt
1379035345404858509,1137.0,3,1.0,5,Entire home/apt
13153872,752.0,2,1.0,39,Entire home/apt
1113312642030930521,810.0,2,1.0,9,Private room
32280026,393.0,2,1.0,0,Private room
1168998905528368691,1127.0,2,1.0,127,Entire home/apt
1260810324003976961,782.0,4,1.0,20,Entire home/apt
1245805328541796018,405.0,1,1.0,2,Private room
1193250158373132576,1800.0,2,5.0,4,Private room
1267765656393009268,668.0,4,2.0,32,Entire home/apt
1206712028679856954,1002.0,7,3.0,45,Entire home/apt
1188705041748648436,1269.0,3,1.0,11,Entire home/apt
991432613033764602,400.0,1,1.0,1,Shared room
1156041445673938134,2205.0,4,2.0,0,Entire home/apt
1429813445198692881,988.0,2,1.0,1,Entire home/apt
48097415,1597.0,6,3.0,0,Entire home/apt
54006653,540.0,2,1.0,120,Private room
47154868,245.0,6,3.0,4,Entire home/apt
32424494,1188.0,5,2.0,72,Entire home/apt
1429914175012258450,2582.0,6,3.0,0,Entire home/apt
10805551,1012.0,4,2.0,69,Entire home/apt
748463960188208250,400.0,1,1.0,0,Private room
1198792370581385235,740.0,4,1.0,41,Entire home/apt
890573059287518874,729.0,2,1.0,82,Entire home/apt
1309513258131685749,1295.0,4,2.0,12,Entire home/apt
1092139791789232013,1551.0,4,2.0,51,Entire home/apt
732660664346559001,1058.0,2,1.0,76,Entire home/apt
7292360,1289.0,2,1.0,21,Entire home/apt
1242341482866780047,3141.0,6,3.0,52,Entire home/apt
1472820558435318150,2097.0,6,3.0,6,Entire home/apt
562496878464532672,468.0,2,1.0,59,Entire home/apt
32284632,709.0,4,2.0,139,Entire home/apt
1009502876065151496,3908.0,12,3.0,7,Entire home/apt
1477016894354363529,1400.0,3,1.0,1,Entire home/apt
13317374,679.0,4,1.0,132,Private room
869854870985160444,557.0,2,1.0,43,Private room
33314147,650.0,2,1.0,152,Private room
1455819589887911014,1883.0,2,1.0,4,Entire home/apt
681062804786742766,461.0,5,1.0,120,Private room
1061609611506568225,459.0,2,1.0,2,Private room
864504436984793150,226.0,2,1.0,21,Private room
1434929154201969212,831.0,3,1.0,2,Entire home/apt
1107009236073534893,266.0,1,1.0,57,Private room
43070174,652.0,2,1.0,2,Private room
1366024852350355061,1898.0,4,2.0,0,Entire home/apt
1224814907130389850,984.0,3,1.0,6,Entire home/apt
1442217367782597314,465.0,2,1.0,6,Private room
1254950914982362951,900.0,6,3.0,2,Entire home/apt
1228399902667370956,612.0,2,1.0,9,Private room
940068174106183361,1350.0,4,2.0,5,Entire home/apt
30676700,1304.0,2,1.0,89,Entire home/apt
1486961849744393319,1513.0,4,2.0,2,Entire home/apt
1225109067548801175,666.0,1,1.0,18,Private room
54051173,3306.0,4,3.0,0,Entire home/apt
51199825,2577.0,6,1.0,0,Entire home/apt
28156674,1140.0,2,1.0,1,Entire home/apt
49292690,830.0,2,1.0,187,Private room
1196969474358461700,1083.0,2,1.0,64,Private room
1442886765569769969,635.0,4,2.0,0,Entire home/apt
937863530687106883,1329.0,2,1.0,47,Entire home/apt
1004307852005730103,1062.0,2,1.0,40,Entire home/apt
19789038,747.0,3,1.0,147,Entire home/apt
51507670,1474.0,3,1.0,140,Entire home/apt
1109481177613181711,950.0,4,1.0,57,Entire home/apt
23520940,1183.0,2,1.0,161,Private room
49294868,537.0,2,1.0,22,Private room
1296458787027981284,810.0,7,2.0,1,Private room
42588916,1081.0,3,1.0,60,Entire home/apt
752895416360963363,520.0,1,1.0,0,Private room
897210566286892045,506.0,2,1.0,35,Private room
1298127466107717134,4391.0,2,1.0,0,Private room
569685099411196081,380.0,2,1.0,123,Private room
1105415143945865625,1082.0,3,1.0,40,Entire home/apt
899941096673585642,1296.0,2,1.0,1,Private room
944379444707530232,760.0,3,1.0,45,Entire home/apt
1370483440915180553,1532.0,6,3.0,8,Entire home/apt
45410650,299.0,1,1.0,0,Private room
1006434514985187477,1428.0,4,2.0,42,Entire home/apt
821782768354360865,1249.0,2,1.0,12,Entire home/apt
1491437518616064735,2304.0,2,1.0,0,Entire home/apt
663870374991244145,392.0,4,1.0,0,Private room
1375635020634364225,4781.0,10,5.0,16,Entire home/apt
982110048311081244,869.0,3,1.0,55,Entire home/apt
1005207473676979430,544.0,4,1.0,12,Entire home/apt
927625614334188099,571.0,4,2.0,201,Entire home/apt
977800317116177723,1672.0,4,2.0,63,Entire home/apt
756529261198527970,356.0,1,1.0,79,Entire home/apt
1214136870715092311,1481.0,2,1.0,69,Entire home/apt
707102004694181809,910.0,6,3.0,14,Entire home/apt
792023868588152848,662.0,2,1.0,4,Entire home/apt
952399951023965725,1602.0,4,2.0,44,Entire home/apt
25062055,10099.0,10,5.0,29,Entire home/apt
639921504912725226,2359.0,6,2.0,129,Entire home/apt
573813954523450481,879.0,3,1.0,28,Entire home/apt
913352223472269893,1316.0,4,2.0,37,Entire home/apt
1136993081152937382,1119.0,2,1.0,9,Entire home/apt
939274479984752871,1239.0,4,1.0,10,Private room
1490155620555610242,571.0,1,1.0,2,Private room
1108147239231676938,1284.0,6,2.0,79,Entire home/apt
1137028035898525422,2343.0,8,2.0,9,Entire home/apt
1378389952724827205,3023.0,7,3.0,25,Entire home/apt
831243123445012984,2051.0,5,2.0,6,Entire home/apt
750976984185385236,2484.0,6,3.0,3,Entire home/apt
52687355,1155.0,4,2.0,4,Entire home/apt
924129868820112665,746.0,2,1.0,74,Entire home/apt
35512026,2193.0,3,2.0,0,Entire home/apt
51404831,1087.0,6,2.0,179,Entire home/apt
1137751901046436653,376.0,1,1.0,19,Private room
20653887,505.0,2,1.0,193,Private room
1254107475422709039,2044.0,4,2.0,10,Entire home/apt
45483772,826.0,2,1.0,11,Private room
960350855412477364,826.0,2,1.0,72,Entire home/apt
1287814460645326670,720.0,2,1.0,10,Private room
16208875,810.0,4,2.0,86,Entire home/apt
39586563,550.0,1,1.0,6,Private room
1046997865571153784,746.0,2,1.0,4,Private room
1160820939463057450,1350.0,4,2.0,40,Entire home/apt
837082530607809886,252.0,2,1.0,108,Private room
950737504014530883,682.0,2,1.0,125,Entire home/apt
33371649,402.0,2,1.0,110,Private room
855270473557845850,1400.0,2,1.0,20,Entire home/apt
39729855,585.0,2,1.0,1,Private room
1015977441695630320,1575.0,4,2.0,3,Entire home/apt
974165254569732752,1218.0,2,1.0,70,Entire home/apt
54194769,431.0,2,1.0,0,Private room
1160314922075637531,907.0,4,2.0,35,Entire home/apt
732825921621811326,1620.0,4,1.0,134,Entire home/apt
1268127127291274711,793.0,4,2.0,8,Entire home/apt
1113078962288694630,1636.0,7,3.0,20,Entire home/apt
1026164663536758881,836.0,2,1.0,14,Entire home/apt
1353311806616483656,194.0,3,1.0,3,Shared room
1505890900155983460,987.0,2,1.0,3,Entire home/apt
23808422,1425.0,5,3.0,163,Entire home/apt
1416972279960189058,508.0,2,1.0,3,Private room
18561139,1330.0,4,2.0,87,Entire home/apt
862963227523400481,2470.0,5,2.0,0,Entire home/apt
30965702,310.0,2,1.0,67,Private room
38262275,792.0,3,1.0,127,Entire home/apt
558002431329812050,2335.0,4,2.0,101,Entire home/apt
40449356,393.0,2,1.0,60,Private room
1517372885452894606,656.0,3,1.0,1,Entire home/apt
46689828,307.0,2,1.0,1,Private room
38605843,373.0,2,1.0,255,Private room
753793173164924591,742.0,2,1.0,262,Private room
1375575725760587960,1270.0,2,1.0,16,Entire home/apt
23212322,733.0,2,1.0,80,Private room
972489494190868110,2283.0,4,2.0,34,Entire home/apt
1318869833679137576,1487.0,2,1.0,11,Entire home/apt
699216430211024059,1655.0,3,1.0,10,Entire home/apt
901733235310726975,714.0,2,1.0,78,Entire home/apt
1087894035254033223,680.0,2,1.0,1,Private room
30253095,1077.0,2,1.0,42,Entire home/apt
1131806106787732438,1224.0,2,1.0,4,Entire home/apt
1376244175639325808,1521.0,5,2.0,2,Entire home/apt
51990216,230.0,1,1.0,45,Private room
40384236,446.0,2,1.0,14,Private room
1227662892986449203,7337.0,10,2.0,4,Entire home/apt
856020290662850031,1143.0,3,1.0,105,Entire home/apt
1367614133257661626,760.0,6,2.0,22,Entire home/apt
24829385,1581.0,2,1.0,264,Entire home/apt
1479952832409032066,3933.0,2,1.0,0,Private room
729686449481329027,2597.0,4,2.0,20,Entire home/apt
1010361728695298150,619.0,2,1.0,56,Private room
1293756644011234129,1603.0,4,2.0,2,Entire home/apt
8714956,711.0,2,1.0,45,Private room
1036198351596912452,1031.0,2,1.0,5,Entire home/apt
1447273137849804201,376.0,1,1.0,4,Shared room
1430704306761834630,1080.0,2,1.0,0,Entire home/apt
1203885447697020124,1196.0,6,3.0,16,Entire home/apt
943415753181368900,891.0,2,1.0,37,Private room
13622872,781.0,5,1.0,18,Private room
1069894995865858855,2290.0,4,2.0,70,Entire home/apt
1403707374698518003,380.0,1,1.0,0,Private room
1036298185266194503,485.0,2,1.0,55,Private room
30426124,1685.0,2,1.0,20,Private room
54066311,440.0,1,1.0,68,Private room
26734656,350.0,1,1.0,0,Private room
16965041,348.0,2,1.0,8,Private room
18728817,1635.0,2,1.0,383,Entire home/apt
26754955,495.0,5,1.0,399,Entire home/apt
31688960,529.0,3,1.0,272,Entire home/apt
51173916,1879.0,2,1.0,7,Entire home/apt
564202234261377647,3799.0,6,3.0,26,Entire home/apt
822672031712846532,1936.0,2,1.0,92,Entire home/apt
18313708,810.0,4,2.0,380,Entire home/apt
1227916110984754247,675.0,2,1.0,29,Private room
1287327453566503369,578.0,3,1.0,86,Entire home/apt
1104559022928747551,1053.0,4,2.0,0,Entire home/apt
27648796,405.0,3,2.0,53,Private room
909413291922821942,609.0,2,1.0,5,Entire home/apt
1443088419111156579,149.0,2,1.0,1,Private room
1186467270843528374,3126.0,8,3.0,35,Entire home/apt
784314315803531690,360.0,1,1.0,66,Private room
1287024723117707655,520.0,2,1.0,10,Entire home/apt
1138599751843202010,1343.0,2,1.0,68,Entire home/apt
1388691538769605973,5063.0,8,3.0,0,Entire home/apt
1089950753544547892,2880.0,6,3.0,65,Entire home/apt
1344539983677254290,1749.0,3,1.0,0,Entire home/apt
956133089285933037,2208.0,6,3.0,107,Entire home/apt
879230129558699317,275.0,2,1.0,5,Private room
622627577522707033,2299.0,7,3.0,53,Entire home/apt
679663898476728211,1596.0,4,1.0,62,Entire home/apt
1124968833866309243,648.0,2,1.0,76,Private room
1399467994026890424,1267.0,2,1.0,2,Private room
1096502313987904088,782.0,2,1.0,75,Entire home/apt
1361999345806324997,518.0,2,1.0,1,Private room
713635235553700985,800.0,2,1.0,88,Entire home/apt
31392108,665.0,2,1.0,2,Private room
1052296457629693323,3443.0,6,2.0,14,Entire home/apt
768201827741616294,787.0,2,1.0,20,Entire home/apt
53057540,1035.0,3,1.0,22,Entire home/apt
9410423,1625.0,6,2.0,221,Entire home/apt
7615782,1422.0,5,2.0,100,Entire home/apt
1365221398978569594,1550.0,4,1.0,14,Entire home/apt
13113108,2220.0,4,2.0,227,Entire home/apt
50010333,2826.0,5,2.0,19,Entire home/apt
26133798,1459.0,4,2.0,25,Entire home/apt
841652943514727331,383.0,2,1.0,0,Private room
1127893924643786659,1498.0,4,2.0,76,Entire home/apt
945072351532209741,1005.0,4,2.0,51,Entire home/apt
1345936180066940459,442.0,1,1.0,4,Private room
1016729496534006518,483.0,2,1.0,108,Private room
31650078,570.0,2,1.0,203,Private room
1290737036261539366,1294.0,5,2.0,49,Entire home/apt
14038856,2326.0,4,2.0,322,Entire home/apt
1177026704027221076,1333.0,2,0.0,49,Entire home/apt
1438696693542410522,783.0,2,0.0,7,Entire home/apt
1173400140400242980,2347.0,5,2.0,1,Entire home/apt
22859882,1193.0,5,2.0,276,Entire home/apt
2302615,2296.0,2,1.0,2,Entire home/apt
1471308214121341379,559.0,2,1.0,3,Private room
1438060224877464540,2145.0,2,1.0,10,Entire home/apt
1237289375161525078,2686.0,6,3.0,1,Entire home/apt
918134728716961918,1031.0,4,2.0,57,Entire home/apt
21983272,8100.0,2,0.0,105,Entire home/apt
49499394,1080.0,4,1.0,139,Private room
969505970293921744,1350.0,2,1.0,3,Private room
45633011,2291.0,2,1.0,41,Entire home/apt
1403889740902285457,933.0,2,1.0,5,Entire home/apt
50539480,3831.0,12,4.0,3,Entire home/apt
1011067649839405153,855.0,2,1.0,39,Entire home/apt
33837518,738.0,2,2.0,115,Entire home/apt
2406485,450.0,2,1.0,44,Private room
956615605983058501,2499.0,2,1.0,0,Private room
865162189992752352,1215.0,3,1.0,30,Entire home/apt
23378201,488.0,1,1.0,149,Private room
1311508985040503616,801.0,2,1.0,45,Entire home/apt
1181397541074603475,420.0,2,1.0,0,Private room
660228763797080257,1045.0,6,3.0,58,Entire home/apt
929269156142738601,1607.0,12,3.0,38,Entire home/apt
11815007,2885.0,2,1.0,19,Private room
1206552680266289318,810.0,2,1.0,25,Entire home/apt
1292987668278302937,392.0,1,1.0,19,Private room
1418553189445035272,2800.0,1,1.0,0,Private room
32170528,9414.0,15,6.0,213,Entire home/apt
1485083056366368607,280.0,2,1.0,0,Entire home/apt
39369755,790.0,3,1.0,255,Entire home/apt
863880208029292481,645.0,2,1.0,18,Private room
47993790,505.0,1,1.0,53,Private room
18390233,1908.0,4,1.0,305,Entire home/apt
1458168601014576192,1286.0,4,2.0,5,Entire home/apt
824874708231292250,545.0,4,1.0,148,Entire home/apt
1192767800956019649,1701.0,2,1.0,17,Private room
1404572788472982733,1759.0,3,1.0,0,Entire home/apt
49881116,948.0,4,2.0,73,Entire home/apt
41264602,864.0,3,1.0,72,Private room
1106016939659236086,1656.0,4,2.0,110,Entire home/apt
31717521,919.0,2,1.0,56,Private room
696499064617323142,2900.0,4,2.0,25,Entire home/apt
47819809,1260.0,2,1.0,44,Entire home/apt
1506818513952853886,888.0,2,1.0,0,Entire home/apt
1095223984940043121,2335.0,8,2.0,69,Entire home/apt
1182063941887450884,1954.0,4,2.0,36,Entire home/apt
1443628629076644499,1299.0,6,5.0,1,Entire home/apt
1041258006865168496,1314.0,3,1.0,5,Entire home/apt
990089549502433667,678.0,2,1.0,93,Private room
1509108715543611800,2000.0,4,2.0,0,Entire home/apt
1474790113810229049,378.0,1,1.0,15,Private room
52947802,6228.0,4,2.0,5,Entire home/apt
19403974,1122.0,2,1.0,258,Entire home/apt
21487386,1288.0,2,1.0,98,Entire home/apt
699264399883155366,2181.0,3,2.0,136,Entire home/apt
1274744359515325705,1581.0,6,2.0,105,Entire home/apt
1082639362076454856,425.0,2,1.0,120,Private room
872603898144611768,829.0,2,1.0,11,Entire home/apt
1065393481459001331,1350.0,2,1.0,0,Private room
1435011394910627666,812.0,4,1.0,8,Entire home/apt
1271846265256867339,798.0,3,1.0,2,Entire home/apt
1229880039793117044,1350.0,4,3.0,9,Entire home/apt
950164449075996584,920.0,5,2.0,31,Entire home/apt
1440732230104163348,674.0,2,1.0,0,Private room
1400716883190184379,225.0,3,1.0,1,Private room
1123934479531996043,1337.0,2,1.0,18,Entire home/apt
1173933144328077862,841.0,2,1.0,4,Private room
1229372086795775744,1235.0,2,1.0,25,Entire home/apt
1116842632427099377,486.0,4,1.0,9,Entire home/apt
1490618879326182595,1455.0,4,1.0,2,Entire home/apt
1464018166901009757,659.0,2,1.0,0,Private room
1027463222293094327,419.0,2,1.0,91,Entire home/apt
30034879,2718.0,3,2.0,2,Entire home/apt
585079741575504860,912.0,2,1.0,39,Private room
890570396531637965,1091.0,6,2.0,167,Entire home/apt
869650563741367162,419.0,2,1.0,78,Entire home/apt
1383120430923521450,357.0,2,1.0,5,Private room
44231300,648.0,3,1.0,383,Private room
896483064765186963,1105.0,2,1.0,50,Entire home/apt
1282860274906293991,1170.0,4,1.0,24,Entire home/apt
17532177,3858.0,6,4.0,121,Entire home/apt
1259003495225098349,1823.0,5,2.0,40,Entire home/apt
847756287980393596,781.0,5,2.0,60,Entire home/apt
32941476,1144.0,2,1.0,149,Entire home/apt
13166216,1695.0,2,1.0,149,Entire home/apt
1069961489810861863,1944.0,3,2.0,73,Entire home/apt
912700915647655828,466.0,1,1.0,40,Entire home/apt
1426484353404270746,1807.0,2,1.0,10,Entire home/apt
1471408409559144161,580.0,2,1.0,11,Private room
54147041,2421.0,4,2.0,14,Entire home/apt
31947914,11463.0,5,2.0,148,Entire home/apt
1293530241059762487,825.0,3,0.0,12,Entire home/apt
26144296,365.0,2,1.0,34,Private room
1150804631510162843,1297.0,2,1.0,46,Entire home/apt
1068885944101696751,1405.0,2,1.0,10,Private room
924702870305062400,1220.0,4,2.0,72,Entire home/apt
1355318491530967752,1856.0,4,1.0,0,Entire home/apt
1049405018173545535,1474.0,7,2.0,47,Entire home/apt
1295802960673411423,1733.0,4,2.0,24,Entire home/apt
27433433,929.0,4,2.0,300,Entire home/apt
1031798627595263431,883.0,6,3.0,37,Entire home/apt
1194510116079579251,1080.0,4,2.0,18,Entire home/apt
1276143397293413276,446.0,2,1.0,20,Entire home/apt
688543863482871010,1069.0,3,1.0,61,Entire home/apt
48228474,337.0,2,1.0,159,Entire home/apt
1340931969484506272,1333.0,3,1.0,25,Entire home/apt
1167649921992247718,1112.0,2,1.0,17,Entire home/apt
646308155067655975,1445.0,4,1.0,6,Private room
882862204003918703,500.0,2,1.0,73,Private room
1410312789312433064,1916.0,2,1.0,0,Entire home/apt
943016048397024676,4640.0,7,3.0,27,Entire home/apt
1110968288984884915,358.0,2,1.0,175,Private room
42205209,1278.0,5,2.0,126,Entire home/apt
48182131,1170.0,2,1.0,126,Entire home/apt
839201212897394187,1300.0,5,3.0,35,Entire home/apt
734039516141997927,1510.0,6,2.0,39,Entire home/apt
1204570126678582703,1762.0,3,1.0,63,Entire home/apt
559338612141838674,2134.0,8,3.0,78,Entire home/apt
1223368097282942067,1917.0,3,1.0,3,Entire home/apt
43537218,206.0,1,1.0,29,Private room
1331239220251925029,900.0,1,1.0,0,Private room
944960806472473084,1876.0,4,2.0,141,Entire home/apt
1010417451094888903,910.0,2,1.0,12,Private room
1282966754525683144,698.0,4,2.0,2,Entire home/apt
826776285916232923,550.0,2,1.0,21,Private room
1411042520653137803,1374.0,3,1.0,20,Entire home/apt
1203806833042042221,1267.0,2,1.0,19,Entire home/apt
1467343649820482508,1573.0,8,4.0,0,Entire home/apt
1274690613696146701,1204.0,2,1.0,38,Private room
957572105875504496,428.0,2,1.0,50,Private room
749907745435322296,3131.0,4,2.0,118,Entire home/apt
5905923,1193.0,2,1.0,66,Entire home/apt
32050822,649.0,2,1.0,13,Private room
1452604013447723363,550.0,1,1.0,0,Private room
51129723,871.0,2,1.0,181,Entire home/apt
894977815346033515,5880.0,6,3.0,82,Entire home/apt
904744240556848288,14115.0,10,4.0,86,Entire home/apt
1429257332220642346,1033.0,2,1.0,5,Private room
560846583569031392,1841.0,3,2.0,6,Entire home/apt
44290765,2554.0,7,2.0,5,Entire home/apt
1192738479595642114,1791.0,2,1.0,1,Private room
12366118,632.0,1,1.0,0,Private room
46014471,251.0,2,1.0,142,Private room
918947000514402985,1388.0,4,2.0,98,Entire home/apt
39035324,679.0,2,1.0,1,Entire home/apt
867640579653775298,716.0,2,1.0,51,Private room
851737416791774281,800.0,2,1.0,8,Private room
43569494,1228.0,4,2.0,19,Entire home/apt
46598777,992.0,4,2.0,86,Entire home/apt
1364607249940827705,4479.0,3,1.0,0,Entire home/apt
1305139826155477652,2858.0,2,1.0,20,Entire home/apt
44317918,1562.0,4,2.0,48,Entire home/apt
1376960374204451065,468.0,2,1.0,2,Entire home/apt
10269407,602.0,5,2.0,291,Entire home/apt
1208771654844419757,1360.0,4,2.0,31,Entire home/apt
31663269,492.0,1,1.0,39,Private room
1061702078179963303,560.0,3,0.0,0,Entire home/apt
36484922,319.0,2,1.0,30,Entire home/apt
1340970429661368092,960.0,4,2.0,14,Entire home/apt
762424694201221893,3946.0,2,1.0,22,Private room
1251071084186722202,4832.0,8,4.0,2,Entire home/apt
613026150702625734,1080.0,4,2.0,16,Entire home/apt
1435681359456203280,1517.0,3,1.0,2,Entire home/apt
31812053,1500.0,7,3.0,219,Entire home/apt
693968820106482862,624.0,2,1.0,18,Entire home/apt
1306777651844546711,1464.0,2,1.0,10,Entire home/apt
42452908,931.0,4,0.0,400,Entire home/apt
608117473231195464,1000.0,1,1.0,0,Entire home/apt
829074705000164647,6099.0,16,5.0,80,Entire home/apt
1054421824609516626,580.0,2,1.0,53,Private room
23185956,463.0,2,1.0,395,Entire home/apt
1191417101465990489,3035.0,4,2.0,54,Entire home/apt
51763320,1074.0,4,0.0,16,Entire home/apt
52848394,572.0,2,1.0,79,Private room
887198516309427836,1947.0,4,2.0,32,Entire home/apt
34044098,2408.0,16,3.0,63,Entire home/apt
41996054,1610.0,2,1.0,8,Entire home/apt
1134874861829362908,1476.0,4,2.0,3,Entire home/apt
628857856883574757,1259.0,6,2.0,167,Entire home/apt
798897408543165008,470.0,1,1.0,24,Private room
39060218,2475.0,2,2.0,14,Entire home/apt
1435218921419561370,729.0,1,1.0,2,Private room
1184738384101641033,769.0,2,1.0,47,Entire home/apt
660815041800718096,4397.0,10,4.0,42,Entire home/apt
1485787292082895103,707.0,3,1.0,2,Private room
1172101217288313577,999.0,2,1.0,25,Entire home/apt
1187300782413137853,9000.0,11,4.0,0,Entire home/apt
486913,1275.0,2,1.0,35,Entire home/apt
29488630,1357.0,8,2.0,338,Entire home/apt
1142200332554315963,1200.0,4,2.0,0,Entire home/apt
38548629,552.0,1,1.0,83,Private room
1067371675305607657,1941.0,6,3.0,66,Entire home/apt
50010498,1740.0,2,1.0,2,Private room
1176329391423125683,383.0,2,1.0,16,Private room
1345014027031364659,3364.0,8,2.0,0,Hotel room
1491599035824802474,1806.0,6,3.0,0,Entire home/apt
919823517186134691,9477.0,16,10.0,73,Entire home/apt
41406095,1187.0,2,1.0,107,Entire home/apt
1440559825066775540,1723.0,2,1.0,0,Entire home/apt
1501549430006651747,1048.0,5,2.0,0,Entire home/apt
1306481365167376732,1363.0,6,2.0,25,Entire home/apt
1457469960948273507,810.0,5,2.0,11,Entire home/apt
1395348288363217110,522.0,2,1.0,39,Private room
564112452897958731,1200.0,2,1.0,1,Private room
1164876,4049.0,6,3.0,6,Entire home/apt
32592161,450.0,1,1.0,5,Private room
782665312312010555,1710.0,2,2.0,0,Entire home/apt
28896265,380.0,2,1.0,85,Private room
7894474,2106.0,10,3.0,4,Entire home/apt
29937322,1622.0,6,3.0,223,Entire home/apt
934885097311824774,2758.0,2,1.0,37,Entire home/apt
1392783350578110390,324.0,1,1.0,1,Private room
770905074231799397,950.0,4,1.0,6,Entire home/apt
50048034,1053.0,3,2.0,69,Entire home/apt
1430690855347404885,597.0,1,14.0,0,Private room
1008206596932522916,315.0,1,1.0,21,Private room
1152363736460630733,753.0,4,2.0,10,Entire home/apt
1447135973744629417,10183.0,10,3.0,1,Entire home/apt
863861282992435571,1011.0,4,2.0,37,Entire home/apt
861864327204891881,728.0,2,1.0,67,Entire home/apt
944933420008864648,1209.0,3,1.0,97,Entire home/apt
1495196827007675416,652.0,2,1.0,7,Private room
1308994708888923722,2400.0,4,2.0,0,Entire home/apt
1348821576455496984,2610.0,5,2.0,0,Entire home/apt
1242138690073783241,2639.0,3,1.0,49,Entire home/apt
929293554587655457,1320.0,4,2.0,28,Entire home/apt
49776292,262.0,2,1.0,6,Private room
644897520899654002,1260.0,2,1.0,22,Private room
951402790859618393,418.0,2,1.0,80,Private room
1368995571248324714,314.0,1,1.0,28,Shared room
1377721140863466483,855.0,4,2.0,41,Entire home/apt
52751201,1071.0,2,1.0,258,Private room
1329149438805972280,1682.0,2,1.0,9,Entire home/apt
811166496090819647,1085.0,2,1.0,118,Entire home/apt
46003830,2025.0,6,2.0,6,Entire home/apt
904298641028835304,2523.0,4,2.0,24,Entire home/apt
1364601341421538216,1360.0,2,1.0,0,Private room
1405191629075132957,378.0,2,1.0,1,Private room
1100112446348830818,1522.0,10,2.0,34,Entire home/apt
1375339747471577043,4392.0,6,3.0,26,Entire home/apt
52689135,1858.0,6,3.0,100,Entire home/apt
1459090449973273694,1000.0,4,2.0,14,Entire home/apt
1203071000971999544,2880.0,14,6.0,7,Entire home/apt
870969125871101749,2107.0,4,2.0,134,Entire home/apt
1069583495722869468,17606.0,16,9.0,35,Entire home/apt
1140537837982052486,1532.0,4,1.0,7,Entire home/apt
9863719,1363.0,4,2.0,128,Entire home/apt
20984711,1071.0,4,2.0,140,Entire home/apt
39526596,1200.0,2,1.0,16,Entire home/apt
1362685437514050475,339.0,1,1.0,39,Private room
944996707794317796,1056.0,2,1.0,235,Entire home/apt
1245204148196248681,468.0,2,1.0,45,Private room
43592186,1129.0,1,1.0,54,Private room
15854783,1422.0,8,2.0,299,Entire home/apt
597685302736609125,363.0,2,1.0,57,Private room
603823054439397843,775.0,2,1.0,151,Private room
1267633616689821763,858.0,2,1.0,2,Entire home/apt
1253163839522384724,1066.0,4,2.0,15,Entire home/apt
1243449354948760916,1384.0,2,1.0,15,Entire home/apt
50064771,1310.0,2,1.0,29,Entire home/apt
1358803038948911501,1800.0,2,1.0,2,Private room
11742636,704.0,2,1.0,485,Private room
1083658059357167185,199401.0,16,18.0,0,Entire home/apt
1263141095693304871,814.0,4,1.0,3,Entire home/apt
1003754412170518257,280.0,1,1.0,2,Private room
1478605038437443310,2191.0,6,4.0,8,Entire home/apt
12385180,1160.0,4,2.0,164,Entire home/apt
46003801,1336.0,6,2.0,4,Entire home/apt
936231239236774511,1530.0,2,1.0,18,Entire home/apt
1298278661703982625,744.0,3,1.0,9,Entire home/apt
20634780,1021.0,3,0.0,216,Entire home/apt
894419072304756147,840.0,5,3.0,63,Entire home/apt
901713626096616724,1800.0,6,2.0,47,Entire home/apt
21772181,802.0,4,1.0,181,Entire home/apt
1259766822170850940,939.0,3,1.0,33,Entire home/apt
1471745496151986451,442.0,1,1.0,1,Private room
52904741,1350.0,3,1.0,16,Entire home/apt
729885821093622104,442.0,1,1.0,134,Private room
1415990130959674316,1008.0,3,1.0,14,Entire home/apt
50893758,390.0,2,1.0,185,Private room
41824435,692.0,4,1.0,10,Entire home/apt
52024029,949.0,2,1.0,34,Entire home/apt
52333830,692.0,2,1.0,0,Private room
29899716,1127.0,5,2.0,105,Entire home/apt
11016052,349.0,2,2.0,91,Private room
900199096735775322,2902.0,7,2.0,6,Entire home/apt
1000631619628429060,240.0,1,1.0,0,Private room
1070303315318172279,978.0,3,2.0,21,Entire home/apt
934853869568341217,1560.0,5,2.0,116,Entire home/apt
665297674703980569,920.0,3,1.0,1,Entire home/apt
51215636,1044.0,4,2.0,39,Entire home/apt
579847726113506310,777.0,4,2.0,12,Entire home/apt
1137810684332233711,1273.0,3,1.0,4,Entire home/apt
1118225504417521879,731.0,2,1.0,0,Private room
575471652157254202,405.0,2,1.0,16,Private room
927795375131595959,666.0,2,1.0,11,Entire home/apt
1364097413788000409,3883.0,6,3.0,0,Entire home/apt
1137801775734066660,906.0,3,1.0,5,Entire home/apt
50008923,900.0,2,1.0,360,Private room
633926100474160367,1976.0,5,2.0,96,Entire home/apt
1342142685387999578,907.0,2,1.0,5,Private room
2083241,1505.0,3,1.0,331,Entire home/apt
26639644,2248.0,4,2.0,187,Entire home/apt
1128338057209764113,1464.0,2,1.0,12,Entire home/apt
815898314630102673,285.0,1,1.0,16,Private room
600892519384569197,287.0,1,1.0,283,Private room
1133395079712655463,1187.0,2,1.0,10,Entire home/apt
1395209750363739301,1350.0,4,2.0,17,Entire home/apt
983311422378580553,1082.0,4,2.0,20,Entire home/apt
1183069460389562837,2170.0,2,1.0,31,Private room
1487408009960388663,547.0,2,1.0,0,Private room
737166453594954970,809.0,2,1.0,97,Entire home/apt
1385003763608074876,793.0,2,1.0,5,Entire home/apt
38232293,1144.0,5,2.0,314,Entire home/apt
35585791,294.0,4,2.0,48,Entire home/apt
1369687296305550857,1614.0,2,1.0,8,Entire home/apt
17732772,2975.0,3,3.0,2,Private room
1128457703733753284,2526.0,4,2.0,35,Entire home/apt
792716873714145135,1017.0,2,1.0,117,Entire home/apt
1153677646426998292,815.0,2,1.0,0,Private room
34903136,602.0,2,1.0,23,Entire home/apt
1459734481160044578,1035.0,4,2.0,2,Entire home/apt
1102396378723605114,1077.0,2,1.0,7,Private room
34606239,582.0,2,1.0,58,Private room
6887605,822.0,2,1.0,0,Private room
36772701,351.0,2,1.0,5,Private room
1465515478233047909,1247.0,4,1.0,0,Entire home/apt
905686906003200007,701.0,2,1.0,49,Private room
1009368202605322757,938.0,4,2.0,49,Entire home/apt
54033859,755.0,4,2.0,69,Entire home/apt
1357580778905033105,226.0,1,1.0,4,Shared room
904292200643533058,4459.0,4,2.0,6,Entire home/apt
28196970,903.0,3,2.0,6,Private room
33587945,1075.0,2,1.0,98,Private room
1335034007692385575,999.0,2,1.0,15,Private room
52170955,760.0,3,1.0,47,Entire home/apt
48867878,1818.0,5,3.0,52,Entire home/apt
52723080,2450.0,5,3.0,41,Entire home/apt
1116702772587649742,1076.0,4,1.0,23,Entire home/apt
882744302679586701,4000.0,8,4.0,0,Entire home/apt
42458791,739.0,1,1.0,34,Private room
33707630,4147.0,6,3.0,53,Entire home/apt
1423249952915824005,606.0,6,1.0,3,Private room
833386492993772339,521.0,4,1.0,1,Private room
881238784886784781,2950.0,7,4.0,97,Entire home/apt
51540278,443.0,2,1.0,148,Private room
54179092,665.0,2,2.0,79,Entire home/apt
721875899851459432,759.0,2,1.0,72,Entire home/apt
1150996870136950810,1468.0,4,1.0,30,Entire home/apt
684867020516515584,1100.0,4,1.0,57,Private room
656539052353734292,1131.0,6,1.0,101,Entire home/apt
1465379497575139077,414.0,2,1.0,4,Private room
1395070337473962444,1466.0,4,1.0,22,Entire home/apt
783566984574708383,450.0,4,1.0,77,Entire home/apt
757946144699795393,473.0,2,0.0,151,Entire home/apt
732727463942489319,927.0,10,3.0,5,Entire home/apt
1044463645374254715,2250.0,4,1.0,18,Entire home/apt
1418299669899035106,309.0,1,1.0,0,Private room
808888078869321995,1063.0,2,1.0,33,Entire home/apt
715804134423212103,990.0,3,1.0,79,Entire home/apt
47082307,853.0,2,1.0,14,Private room
1150189465887309274,850.0,2,1.0,14,Entire home/apt
29684695,1150.0,3,2.0,109,Entire home/apt
544037881184556899,946.0,2,1.0,14,Private room
1420029456477858583,1278.0,4,2.0,0,Entire home/apt
887753562448451285,1763.0,2,1.0,233,Entire home/apt
899258375274835002,342.0,1,3.0,10,Private room
724814724947064731,749.0,3,2.0,30,Entire home/apt
44317823,598.0,3,1.0,126,Entire home/apt
719646300612293877,1658.0,2,1.0,38,Entire home/apt
53444227,4683.0,4,2.0,96,Entire home/apt
16085841,747.0,3,1.0,284,Entire home/apt
1152019363411856791,3200.0,5,2.0,69,Entire home/apt
903370544925052236,3383.0,4,2.0,5,Entire home/apt
24151987,1034.0,6,2.0,118,Entire home/apt
1347165556264496483,285.0,3,1.0,8,Entire home/apt
40532780,1206.0,2,1.0,123,Private room
19388252,1174.0,4,2.0,185,Entire home/apt
816951841564414398,2500.0,4,2.0,0,Entire home/apt
25940889,442.0,2,1.0,73,Private room
1443665521628963703,384.0,2,1.0,0,Private room
1452960707861034011,1734.0,3,0.0,0,Entire home/apt
33225755,1028.0,3,1.0,38,Entire home/apt
39731220,450.0,1,1.0,49,Private room
1269773833030039836,3489.0,4,2.0,18,Entire home/apt
32528261,1359.0,3,1.0,45,Entire home/apt
1452447546493729897,630.0,4,1.0,0,Private room
1502330698597239493,775.0,4,1.0,4,Private room
1479166186063037602,1026.0,2,1.0,14,Entire home/apt
1111940863066455754,673.0,2,1.0,41,Private room
24135791,1390.0,2,1.0,8,Entire home/apt
24893426,2059.0,2,1.0,257,Entire home/apt
1045843967406061433,763.0,2,1.0,16,Entire home/apt
813690881173978013,1125.0,2,1.0,18,Private room
986192519332781700,495.0,2,1.0,0,Private room
1136410586221144209,1016.0,2,1.0,7,Entire home/apt
1166095838168743195,694.0,4,1.0,70,Entire home/apt
1030576873406557130,5586.0,10,4.0,7,Entire home/apt
639332947370218635,2365.0,3,1.0,76,Entire home/apt
926114639390930486,778.0,2,1.0,122,Entire home/apt
938510040594918610,1075.0,2,2.0,0,Entire home/apt
740110641329315906,1103.0,4,2.0,24,Entire home/apt
6333180,1038.0,6,2.0,438,Entire home/apt
823929762993969044,1049.0,3,2.0,87,Entire home/apt
1311678157345114056,796.0,2,1.0,38,Entire home/apt
1393777948637907717,318.0,2,1.0,3,Private room
850286881487986805,1813.0,4,1.0,50,Entire home/apt
28968047,1178.0,6,3.0,100,Entire home/apt
1213964579369117379,662.0,2,1.0,10,Private room
959498898414202703,800.0,4,1.0,103,Entire home/apt
851427863568081636,1157.0,2,1.0,26,Entire home/apt
747794637136320963,500.0,1,1.0,31,Private room
1507377403891686030,3098.0,5,0.0,0,Entire home/apt
41102380,1016.0,4,2.0,18,Entire home/apt
729952647865136762,1768.0,5,2.0,48,Entire home/apt
1479730356810118471,1254.0,4,1.0,1,Entire home/apt
1331552045646330331,1196.0,4,2.0,3,Private room
968094976868231750,855.0,2,1.0,22,Entire home/apt
1161825925599398616,1025.0,3,1.0,12,Entire home/apt
965270352571200672,1643.0,4,2.0,33,Entire home/apt
1466898070200664466,902.0,2,1.0,5,Entire home/apt
41646447,3902.0,4,2.0,26,Entire home/apt
1362685528731032599,850.0,1,1.0,5,Entire home/apt
790634822007116780,735.0,4,2.0,54,Entire home/apt
1453012109035780922,990.0,2,1.0,3,Entire home/apt
1479958120272814438,3933.0,2,1.0,0,Private room
1385754152061218316,1943.0,4,2.0,6,Entire home/apt
782841542751365424,563.0,8,1.0,6,Private room
1236162295821501441,2070.0,4,2.0,7,Entire home/apt
39061146,4154.0,16,5.0,189,Entire home/apt
751376417593521352,479.0,1,1.0,15,Private room
40333279,2080.0,2,1.0,11,Entire home/apt
1056642981308366510,634.0,2,1.0,33,Private room
1152896347614533938,8193.0,12,5.0,7,Entire home/apt
1136987646593064224,1007.0,2,1.0,4,Entire home/apt
892972529492393069,600.0,4,2.0,89,Entire home/apt
7388707,1634.0,4,2.0,109,Entire home/apt
1388613958522584208,458.0,2,1.0,1,Private room
860319852855094192,630.0,3,2.0,50,Entire home/apt
12053287,451.0,2,1.0,98,Private room
950024735460568166,1609.0,2,1.0,4,Entire home/apt
39944136,492.0,2,1.0,102,Private room
13654417,1031.0,6,3.0,123,Entire home/apt
51799573,665.0,2,1.0,105,Entire home/apt
608721536858261515,350.0,2,1.0,2,Entire home/apt
1127604435577424641,1740.0,6,3.0,90,Private room
1168355720061156481,617.0,2,1.0,13,Private room
765582598036122100,360.0,3,1.0,21,Entire home/apt
20813581,373.0,1,1.0,153,Private room
1478594717962556345,1811.0,7,3.0,1,Entire home/apt
1377706328766785627,1341.0,3,1.0,8,Entire home/apt
24806492,1205.0,2,1.0,281,Entire home/apt
898778506386652661,632.0,4,1.0,79,Private room
1364587840109080794,2641.0,4,2.0,3,Entire home/apt
1057441958654460597,1126.0,2,1.0,53,Private room
31311091,830.0,3,1.0,230,Entire home/apt
773796195464604851,2505.0,11,5.0,84,Entire home/apt
1300107866436087217,2162.0,3,0.0,21,Entire home/apt
1142281772948227925,2682.0,12,5.0,16,Entire home/apt
1393254600336833093,569.0,3,1.0,3,Private room
1485560987471066748,1794.0,2,1.0,3,Entire home/apt
1317980459011322530,1256.0,4,1.0,8,Entire home/apt
1394494873628241061,1115.0,6,3.0,5,Entire home/apt
917768861127648610,653.0,6,2.0,26,Entire home/apt
1146514752407926372,1240.0,2,1.0,21,Entire home/apt
38027702,2688.0,2,1.0,155,Private room
15821898,469.0,2,1.0,197,Entire home/apt
1361242475055263627,470.0,2,1.0,4,Private room
721141387607920079,2231.0,4,2.0,25,Entire home/apt
53060661,1158.0,2,1.0,3,Private room
572710814049664172,606.0,2,1.0,8,Private room
840551592247831543,2040.0,4,2.0,87,Entire home/apt
741258172106844183,2184.0,3,1.0,310,Entire home/apt
819019099995827222,1254.0,2,1.0,7,Private room
1395006324925262317,1097.0,2,1.0,18,Entire home/apt
51636995,909.0,2,1.0,50,Entire home/apt
1346450752341462272,771.0,2,1.0,9,Private room
47991720,542.0,2,1.0,56,Private room
49296531,4186.0,2,1.0,0,Private room
30378397,280.0,1,1.0,23,Private room
1297489031136554893,554.0,2,1.0,9,Private room
14180322,774.0,8,2.0,105,Entire home/apt
14877256,360.0,1,1.0,6,Private room
785781714348829784,3263.0,5,2.0,29,Entire home/apt
1345010237238997180,1736.0,4,2.0,12,Entire home/apt
22231915,863.0,3,2.0,106,Entire home/apt
845861561214878060,992.0,5,3.0,26,Entire home/apt
740673116079358774,744.0,3,2.0,121,Entire home/apt
897363738676670896,1890.0,6,3.0,64,Entire home/apt
1051628152679129116,645.0,2,1.0,66,Private room
693844749212282782,329.0,2,1.0,98,Private room
21960320,264.0,1,1.0,50,Private room
599175829195508544,2272.0,4,1.0,178,Entire home/apt
1498021395049357813,783.0,2,1.0,3,Entire home/apt
709443221658389680,606.0,2,1.0,3,Private room
1326961360417167400,2587.0,8,3.0,11,Entire home/apt
1167737905412831132,652.0,3,0.0,18,Entire home/apt
1497986343648667413,824.0,2,1.0,1,Entire home/apt
28733813,687.0,6,1.0,5,Entire home/apt
730629178655407508,1742.0,5,2.0,14,Entire home/apt
854340660186732856,461.0,2,1.0,5,Private room
751503045011553164,526.0,2,1.0,16,Entire home/apt
52638263,1210.0,4,2.0,93,Entire home/apt
53684093,272.0,2,1.0,3,Private room
14990827,898.0,4,1.0,351,Entire home/apt
24108623,427.0,2,1.0,0,Private room
34860772,550.0,2,1.0,100,Private room
1495957679931182038,1638.0,2,1.0,1,Entire home/apt
1086322798796791533,1370.0,4,1.0,19,Entire home/apt
28762850,429.0,1,1.0,250,Private room
2918765,834.0,2,1.0,15,Private room
760212562459314767,889.0,2,1.0,13,Entire home/apt
1310594683841384999,1800.0,3,1.0,0,Entire home/apt
10772669,224.0,1,1.0,89,Private room
1477087283995434264,996.0,5,2.0,0,Entire home/apt
729178547283528501,710.0,4,2.0,4,Entire home/apt
669396197682666206,1440.0,4,2.0,55,Entire home/apt
51112520,760.0,3,1.0,25,Entire home/apt
7886030,2751.0,14,4.0,1,Entire home/apt
767272925999551437,997.0,6,2.0,15,Entire home/apt
49822183,1092.0,5,2.0,20,Entire home/apt
692022993606186272,845.0,3,2.0,12,Entire home/apt
28484608,1112.0,4,1.0,60,Entire home/apt
1026954394680478881,356.0,2,1.0,14,Private room
963853355704242462,964.0,2,1.0,35,Entire home/apt
1045860963554787866,326.0,4,1.0,5,Entire home/apt
35876457,822.0,3,1.0,419,Entire home/apt
1390861344104768758,1188.0,2,1.0,12,Entire home/apt
1187866984210097008,1719.0,4,2.0,24,Entire home/apt
603055910005744331,1663.0,4,2.0,95,Entire home/apt
36701811,929.0,4,2.0,103,Entire home/apt
1467060101605752367,2160.0,8,3.0,2,Entire home/apt
1213311053268225803,675.0,2,0.0,12,Private room
581233625827764096,314.0,1,1.0,12,Private room
785676464478640467,1798.0,2,1.0,73,Entire home/apt
5040062,2079.0,6,3.0,29,Entire home/apt
852739729198093845,1797.0,5,2.0,162,Entire home/apt
37942974,1069.0,5,2.0,92,Entire home/apt
867667870048217014,1546.0,4,1.0,42,Entire home/apt
1488030507505509660,527.0,2,1.0,1,Private room
50796337,1020.0,2,1.0,4,Private room
40090821,385.0,2,0.0,186,Private room
1192113935689606167,550.0,6,2.0,32,Entire home/apt
1513323838653519438,2106.0,2,1.0,0,Entire home/apt
624838959432562420,329.0,2,1.0,88,Private room
848543402503471733,1399.0,4,2.0,4,Entire home/apt
1026590583618510457,819.0,5,2.0,16,Entire home/apt
1463620486229026085,830.0,2,1.0,19,Entire home/apt
1141703133259163249,1449.0,2,1.0,2,Private room
1192985562202826983,2388.0,16,5.0,5,Entire home/apt
1370467372552103552,5700.0,4,2.0,10,Entire home/apt
1493168413981866587,165.0,1,1.0,0,Shared room
942257335599068667,2346.0,4,3.0,88,Entire home/apt
1257219896687090666,1288.0,2,1.0,84,Entire home/apt
42205867,1387.0,5,2.0,43,Entire home/apt
1197960022234404288,1276.0,5,2.0,34,Entire home/apt
32534179,250.0,1,1.0,0,Private room
33165521,1126.0,5,2.0,106,Entire home/apt
35569236,385.0,1,1.0,31,Private room
902891133267107311,1770.0,2,1.0,34,Private room
1497323876373588190,686.0,2,1.0,2,Entire home/apt
50676315,904.0,4,1.0,173,Entire home/apt
1256645559361766871,1875.0,4,2.0,39,Entire home/apt
29240612,524.0,1,1.0,142,Private room
1311956741228547955,1617.0,6,3.0,8,Entire home/apt
38234928,810.0,2,1.0,200,Entire home/apt
569406385248652583,3253.0,9,5.0,68,Entire home/apt
1435875339498467242,684.0,2,1.0,4,Private room
25213952,492.0,1,1.0,27,Private room
17025101,370.0,2,1.0,845,Private room
43604204,869.0,4,2.0,270,Entire home/apt
1263427731089481292,550.0,6,3.0,5,Private room
47967558,1075.0,4,2.0,189,Entire home/apt
849232693882513432,708.0,2,1.0,84,Entire home/apt
33401221,1432.0,6,2.0,59,Entire home/apt
1217214975893856225,2240.0,4,2.0,40,Entire home/apt
1460925849810238909,1229.0,2,0.0,59,Entire home/apt
1460147360234939234,571.0,3,1.0,0,Private room
1488669514151404429,2359.0,6,3.0,1,Entire home/apt
53535641,378.0,1,1.0,1,Private room
44660406,198.0,1,1.0,14,Private room
1506760090232866708,2265.0,4,2.0,1,Entire home/apt
1512429979243595525,389.0,2,1.0,0,Private room
16536455,1402.0,4,2.0,119,Entire home/apt
51323574,1666.0,4,2.0,113,Entire home/apt
887251072410745545,1600.0,2,1.0,3,Entire home/apt
44808270,1086.0,2,1.0,86,Entire home/apt
856806242365946346,408.0,2,1.0,80,Private room
567562931210608474,422.0,2,1.0,171,Entire home/apt
13398757,5876.0,6,3.0,0,Entire home/apt
1385095942161630921,491.0,2,1.0,11,Private room
1037086296736699239,852.0,3,1.0,36,Private room
989938472035897360,3313.0,9,3.0,77,Entire home/apt
27396677,453.0,2,1.0,11,Entire home/apt
15899980,1000.0,4,1.0,63,Entire home/apt
1108791575137949446,3845.0,3,1.0,35,Entire home/apt
1513317391380070216,573.0,2,1.0,0,Shared room
646176284314645738,4993.0,4,2.0,42,Entire home/apt
1110937405844096874,339.0,2,1.0,106,Private room
31382065,686.0,2,1.0,27,Private room
33753285,1179.0,3,1.0,130,Entire home/apt
744064348164214285,777.0,1,1.0,15,Private room
1396044588812001930,622.0,4,3.0,0,Entire home/apt
911450112308723951,540.0,3,1.0,9,Private room
33911889,1197.0,5,2.0,358,Entire home/apt
1141351474283225504,887.0,2,1.0,2,Entire home/apt
1213883353461002048,950.0,4,2.0,11,Entire home/apt
1330262334964742232,2520.0,2,1.0,41,Entire home/apt
36919924,817.0,2,1.0,6,Entire home/apt
1478455221114209882,247.0,2,2.0,10,Private room
592196798897294176,1760.0,2,1.0,136,Entire home/apt
18037972,1062.0,2,1.0,190,Entire home/apt
46876654,539.0,1,1.0,38,Private room
32366727,357.0,2,1.0,63,Private room
1491540440222048886,1384.0,2,0.0,1,Entire home/apt
1161921079052021227,1080.0,4,2.0,4,Entire home/apt
826212351681202762,1830.0,4,2.0,52,Entire home/apt
1350166366000819535,979.0,2,1.0,19,Entire home/apt
1298592813948086305,1187.0,2,1.0,1,Entire home/apt
1059876810426656365,912.0,2,1.0,31,Entire home/apt
21082292,371.0,1,1.0,460,Private room
15766654,919.0,3,0.0,177,Entire home/apt
1237232230811176643,1405.0,3,1.0,16,Entire home/apt
776459876141265992,673.0,4,1.0,51,Private room
1351598295048509142,1183.0,1,1.0,4,Private room
17779480,984.0,2,1.0,59,Private room
653529227946128276,1865.0,4,2.0,116,Entire home/apt
51767379,1145.0,6,3.0,102,Entire home/apt
900209746632066146,3573.0,5,2.0,10,Entire home/apt
550138321158628159,1257.0,4,2.0,127,Entire home/apt
904293170664288788,2551.0,4,2.0,2,Entire home/apt
974010476964722777,757.0,2,1.0,63,Entire home/apt
20901436,1086.0,3,1.0,441,Entire home/apt
1067378119983470965,2713.0,6,3.0,47,Entire home/apt
982846437382597393,540.0,2,1.0,26,Private room
1013757989743417118,1451.0,4,2.0,78,Entire home/apt
859561223445138116,710.0,2,1.0,54,Private room
19440381,733.0,2,1.0,571,Entire home/apt
9046962,1412.0,2,1.0,91,Entire home/apt
12740247,331.0,2,1.0,84,Private room
603772122213990628,341.0,2,1.0,29,Private room
1511661526695812613,5021.0,6,3.0,0,Entire home/apt
36391804,300.0,1,1.0,79,Private room
1264527132714225273,1629.0,4,2.0,23,Entire home/apt
924559681516231853,1753.0,4,2.0,17,Entire home/apt
649257898929485676,535.0,1,1.0,376,Entire home/apt
692686417639066820,1084.0,4,2.0,63,Entire home/apt
801012812859250697,1380.0,4,2.0,100,Entire home/apt
48441315,1837.0,4,2.0,28,Entire home/apt
1332891288889643201,1944.0,2,1.0,53,Entire home/apt
947108961710581085,402.0,1,1.0,1,Shared room
1445197755113036601,1900.0,2,1.0,0,Private room
1429403653695689359,939.0,1,1.0,7,Private room
617550125679471090,1500.0,5,2.0,28,Entire home/apt
44709111,1925.0,6,2.0,219,Entire home/apt
932847605939724723,537.0,4,2.0,32,Entire home/apt
993439882468483389,865.0,2,1.0,32,Entire home/apt
1238747146384274400,530.0,2,0.0,13,Private room
1395684589970988156,880.0,2,1.0,1,Private room
1264739235887841373,2437.0,6,4.0,2,Entire home/apt
631284609531378386,1967.0,2,1.0,121,Entire home/apt
785683735404941495,1755.0,2,1.0,107,Entire home/apt
590689946746600898,250.0,1,1.0,14,Shared room
38696173,1012.0,3,1.0,313,Entire home/apt
811769612761097513,3872.0,6,3.0,0,Entire home/apt
1390103225515995734,900.0,5,2.0,13,Entire home/apt
1374980509987772853,7312.0,16,6.0,15,Entire home/apt
1476409758078898237,777.0,2,1.0,0,Private room
42717529,1631.0,4,2.0,157,Entire home/apt
1085717298161513044,1157.0,7,2.0,11,Entire home/apt
52444508,1537.0,2,1.0,176,Entire home/apt
623952448749540624,1387.0,2,1.0,73,Private room
1360470827740656649,981.0,2,1.0,15,Entire home/apt
970980713007147239,3551.0,3,1.0,2,Entire home/apt
1370503466686310358,881.0,2,1.0,13,Entire home/apt
43258434,545.0,4,1.0,76,Entire home/apt
33885477,1312.0,5,1.0,44,Private room
747153494263925059,564.0,3,1.0,45,Entire home/apt
669047873679818299,1147.0,4,2.0,37,Entire home/apt
1465948192657302569,793.0,3,1.0,9,Entire home/apt
458808,853.0,2,1.0,171,Entire home/apt
34422358,196.0,1,1.0,11,Private room
978520060695233485,923.0,2,1.0,33,Entire home/apt
1406022680431785458,1502.0,5,2.0,12,Entire home/apt
29217617,1092.0,3,1.0,10,Entire home/apt
1339962494927445207,1242.0,10,3.0,15,Entire home/apt
1139755280776203232,777.0,4,1.0,75,Entire home/apt
45057804,1000.0,2,1.0,4,Private room
1122690302146552107,2100.0,4,2.0,27,Entire home/apt
1184134976058622566,10896.0,2,1.0,0,Private room
825414225071041508,1000.0,1,1.0,2,Private room
1111018187097783270,1449.0,2,1.0,149,Entire home/apt
13081386,1396.0,2,1.0,0,Private room
1318856955301505822,868.0,2,1.0,10,Private room
53173262,2739.0,10,4.0,186,Entire home/apt
1325663734038171742,2450.0,6,3.0,6,Entire home/apt
1376376852189185820,1080.0,2,1.0,0,Private room
1234886267856031547,1140.0,5,2.0,16,Entire home/apt
49650118,720.0,2,2.0,65,Entire home/apt
32723914,1884.0,2,1.0,52,Entire home/apt
1492963794298064261,576.0,1,1.0,1,Private room
1110298258862881434,810.0,6,2.0,0,Private room
890613941974716012,3063.0,4,2.0,11,Entire home/apt
1477678118768371342,1006.0,4,1.0,3,Entire home/apt
1264525489105495243,1584.0,4,1.0,41,Entire home/apt
33770255,270.0,1,1.0,50,Private room
38212597,2312.0,4,1.0,28,Entire home/apt
40632784,480.0,1,1.0,23,Private room
18580360,4948.0,6,3.0,323,Entire home/apt
972706629464999393,492.0,1,1.0,24,Private room
1496404937188328160,1523.0,8,3.0,0,Entire home/apt
1415400785315734278,796.0,3,1.0,3,Entire home/apt
654938562179509048,2056.0,4,2.0,80,Entire home/apt
676231026994117567,2489.0,4,2.0,29,Entire home/apt
1456412343384598834,10562.0,14,6.0,1,Entire home/apt
1141559447024806846,10416.0,3,3.0,6,Entire home/apt
1289129145600686876,916.0,2,1.0,4,Entire home/apt
1344966681663704617,1725.0,4,1.0,9,Entire home/apt
604438168190213291,1500.0,4,4.0,31,Entire home/apt
7563597,512.0,2,1.0,9,Private room
1445811447114098293,513.0,2,1.0,2,Entire home/apt
874132117645949551,1016.0,3,1.0,114,Entire home/apt
718888514064090737,13555.0,16,7.0,119,Entire home/apt
1064534191612261566,1569.0,4,2.0,0,Entire home/apt
48910518,8773.0,7,3.0,17,Entire home/apt
958776807586688598,1979.0,4,1.0,51,Entire home/apt
707366896120000820,1292.0,2,1.0,45,Entire home/apt
1403218,2995.0,16,10.0,165,Entire home/apt
1494616479061239979,578.0,1,1.0,0,Private room
849497581090314900,800.0,2,1.0,8,Entire home/apt
37938807,605.0,5,1.0,8,Entire home/apt
1134180422376116256,1247.0,3,1.0,14,Entire home/apt
1226311866751495997,1311.0,4,2.0,30,Entire home/apt
1298917100057649601,1836.0,2,1.0,0,Entire home/apt
1100968664316030660,563.0,2,1.0,2,Entire home/apt
20781967,567.0,2,1.0,197,Entire home/apt
1514587032933492444,1228.0,2,0.0,1,Entire home/apt
43940330,1103.0,4,2.0,21,Entire home/apt
36841307,1993.0,6,2.0,14,Entire home/apt
52806410,1950.0,6,3.0,8,Entire home/apt
803085108257648045,299.0,2,1.0,104,Private room
21427181,912.0,3,1.0,117,Private room
1495172709339498140,1960.0,2,1.0,0,Entire home/apt
821648858359014508,1800.0,2,1.0,0,Private room
1108675535690395361,4904.0,8,4.0,60,Entire home/apt
1193236665831878632,11200.0,16,6.0,0,Entire home/apt
24769522,1201.0,2,1.0,341,Entire home/apt
1421202362055035729,1968.0,5,2.0,2,Entire home/apt
34789436,1219.0,6,2.0,110,Entire home/apt
31595826,2185.0,6,2.0,25,Entire home/apt
1408654497328864993,1459.0,4,2.0,22,Entire home/apt
22013990,1182.0,4,1.0,30,Entire home/apt
1469082498934520890,1120.0,3,2.0,8,Entire home/apt
52731423,504.0,2,1.0,0,Private room
1347233988336633209,585.0,3,2.0,3,Private room
19440766,571.0,2,1.0,133,Entire home/apt
21461366,255.0,1,1.0,3,Private room
618014645461127774,891.0,6,3.0,37,Entire home/apt
17178232,1360.0,4,2.0,60,Entire home/apt
932128744565585326,716.0,3,1.0,264,Private room
1505136729256781658,2172.0,4,2.0,0,Entire home/apt
696419024040245629,1050.0,2,1.0,91,Entire home/apt
1161616475182380159,1522.0,4,2.0,26,Entire home/apt
1131471915806291029,787.0,2,1.0,37,Private room
40371969,1492.0,3,1.0,121,Entire home/apt
1178329522489872554,1518.0,6,3.0,3,Entire home/apt
922461255895554578,908.0,2,1.0,22,Entire home/apt
665786166934636659,871.0,2,1.0,55,Entire home/apt
1224046450867632585,1009.0,6,1.0,104,Entire home/apt
1460323700212490524,1809.0,2,1.0,0,Private room
886414423419189511,3610.0,8,4.0,53,Entire home/apt
1173112308103556552,1642.0,3,1.0,117,Entire home/apt
17604004,2500.0,1,2.0,2,Private room
597804729499679147,1076.0,4,2.0,266,Entire home/apt
1486348644644290328,788.0,2,1.0,5,Entire home/apt
574147233344785693,4143.0,2,1.0,1,Private room
656018706662244634,994.0,2,1.0,31,Entire home/apt
41561136,720.0,2,0.0,151,Private room
53355685,1256.0,4,3.0,29,Entire home/apt
1425429715222120620,1554.0,2,0.0,24,Entire home/apt
1482290309849996778,539.0,2,1.0,0,Private room
881523199199856759,836.0,5,1.0,12,Private room
1452205238694266698,2108.0,2,1.0,1,Entire home/apt
1071863123338688463,595.0,4,2.0,58,Entire home/apt
53795925,2726.0,6,2.0,151,Entire home/apt
16940959,335.0,1,1.0,26,Private room
21155273,1554.0,8,2.0,381,Entire home/apt
1450817576252870857,668.0,2,1.0,5,Private room
1298190525562729214,1112.0,4,2.0,7,Entire home/apt
1466091791241188959,161.0,3,1.0,3,Shared room
1192918951103054718,990.0,4,1.0,53,Entire home/apt
1064423737669496458,1350.0,2,1.0,26,Private room
1095658073660764748,1100.0,3,1.0,58,Entire home/apt
831222345467357544,1102.0,2,1.0,12,Entire home/apt
955176930096679370,1202.0,4,1.0,25,Entire home/apt
1509592924323975465,651.0,2,1.0,0,Private room
1392855793087013844,1083.0,6,3.0,6,Entire home/apt
1007285603164102737,1052.0,2,1.0,46,Entire home/apt
637733055272244103,1106.0,2,1.0,49,Private room
1063412246541765371,2603.0,10,4.0,25,Entire home/apt
1421969007082226344,500.0,1,1.0,0,Shared room
1059611904076136041,1050.0,3,1.0,0,Entire home/apt
49030844,429.0,2,1.0,154,Private room
1051240059217185881,731.0,5,2.0,39,Entire home/apt
1364544567878222776,2208.0,1,1.0,13,Private room
1512507610581662312,1898.0,2,1.0,0,Entire home/apt
12811400,950.0,2,1.0,713,Entire home/apt
52769833,1636.0,2,1.0,925,Entire home/apt
43474377,1260.0,2,1.0,1,Entire home/apt
17257474,720.0,2,1.0,39,Private room
52442722,664.0,2,1.0,199,Private room
1482712043153709996,1019.0,2,1.0,2,Entire home/apt
21840362,2081.0,5,2.0,231,Entire home/apt
1072129508089961986,1040.0,4,1.0,291,Entire home/apt
1223276182360020831,1851.0,5,2.0,28,Entire home/apt
12339895,278.0,1,1.0,131,Private room
918899917728100607,287.0,2,1.0,38,Private room
1480045049639031065,2475.0,4,1.0,10,Entire home/apt
1421081116444126737,2300.0,6,3.0,0,Entire home/apt
1450193640748864136,2135.0,8,2.0,9,Entire home/apt
5021538,600.0,2,1.0,15,Entire home/apt
994438610199759267,485.0,2,1.0,25,Private room
554897217488213426,1290.0,4,1.0,45,Entire home/apt
1488759295349951868,675.0,2,1.0,3,Private room
41237927,880.0,3,1.0,45,Private room
32190227,3530.0,2,0.0,1,Entire home/apt
32011990,1224.0,4,1.0,53,Entire home/apt
7716364,512.0,2,1.0,60,Private room
856097336186057624,808.0,2,1.0,244,Entire home/apt
1036964191189163223,1463.0,4,1.0,54,Entire home/apt
1031842658729230893,2031.0,6,2.0,53,Entire home/apt
51368008,588.0,2,1.0,285,Private room
883233754276658842,1220.0,2,1.0,31,Entire home/apt
35343654,855.0,3,1.0,26,Private room
897919944924925101,5880.0,6,3.0,37,Entire home/apt
1091501657119428573,1200.0,2,1.0,0,Private room
1272110245834527160,600.0,1,1.0,16,Private room
45104338,2008.0,2,1.0,7,Private room
1296457852687765695,855.0,7,2.0,1,Private room
1002918930708615910,595.0,1,1.0,27,Private room
592932315774306320,1067.0,7,4.0,112,Entire home/apt
1496802989590576966,7075.0,11,3.0,0,Entire home/apt
21262078,1255.0,2,1.0,82,Entire home/apt
1364643931869913034,1306.0,2,1.0,34,Entire home/apt
46568025,1561.0,6,2.0,15,Entire home/apt
1360364253677778478,1982.0,2,1.0,1,Entire home/apt
719479970425818333,1529.0,2,1.0,59,Entire home/apt
952980399630452370,827.0,2,1.0,17,Entire home/apt
42273125,286.0,2,1.0,4,Private room
1016815409355036030,1665.0,8,3.0,35,Entire home/apt
905239550703656812,1395.0,4,2.0,80,Entire home/apt
20183845,768.0,4,2.0,319,Entire home/apt
4833571,700.0,1,1.0,18,Private room
1354569593709617764,192.0,1,1.0,5,Shared room
1020436338412338363,684.0,1,1.0,2,Private room
1459621918044008863,1823.0,4,2.0,7,Entire home/apt
1346726119304252687,1256.0,2,1.0,18,Entire home/apt
39061293,579.0,2,1.0,155,Entire home/apt
1493028703754121261,2304.0,6,3.0,0,Entire home/apt
43180485,1069.0,5,2.0,124,Entire home/apt
1010359447202657886,2975.0,5,2.0,32,Entire home/apt
713271084434829772,3040.0,4,2.0,136,Entire home/apt
616098702325784959,1105.0,4,1.0,86,Entire home/apt
23506195,922.0,2,1.0,90,Entire home/apt
30753111,1141.0,1,1.0,293,Private room
1167690891414661919,374.0,2,1.0,19,Entire home/apt
1009602658625379737,1487.0,3,1.0,99,Entire home/apt
1029713610570711884,1112.0,3,1.0,78,Entire home/apt
13223292,4221.0,6,2.0,157,Entire home/apt
5185444,699.0,1,1.0,28,Entire home/apt
23839697,1627.0,2,1.0,28,Private room
1199434694330681590,921.0,2,1.0,54,Entire home/apt
1369010322659113985,1535.0,3,0.0,9,Entire home/apt
4796638,1100.0,5,1.0,81,Entire home/apt
694381199569536069,643.0,2,1.0,51,Entire home/apt
1402443072384996835,2800.0,4,2.0,1,Entire home/apt
1513495947926454899,1057.0,4,2.0,0,Entire home/apt
1492866261267197388,863.0,2,1.0,0,Private room
39439223,842.0,3,1.0,185,Entire home/apt
1148036663792508159,2220.0,2,1.0,202,Entire home/apt
709309340225281521,1343.0,4,2.0,44,Entire home/apt
25141725,625.0,4,3.0,52,Entire home/apt
50013285,1685.0,2,1.0,1,Private room
1425613187073486671,619.0,2,1.0,6,Private room
1445231214350556931,1740.0,2,1.0,85,Entire home/apt
823240902647591212,560.0,2,1.0,126,Entire home/apt
13634443,2091.0,2,1.0,225,Entire home/apt
671157744401154542,434.0,4,1.0,51,Private room
569522987905887893,1126.0,2,1.0,125,Private room
1198559699280364267,1445.0,2,1.0,1,Private room
705797559800541159,1306.0,2,1.0,82,Entire home/apt
736441254274072223,800.0,2,1.0,0,Entire home/apt
47204698,1246.0,8,3.0,67,Entire home/apt
923017744110666261,1079.0,6,2.0,95,Entire home/apt
970567653665885897,1192.0,5,2.0,40,Entire home/apt
796662953300488047,1662.0,10,4.0,39,Entire home/apt
1461684705808830899,1481.0,5,2.0,0,Entire home/apt
963032912119971775,850.0,6,1.0,47,Entire home/apt
1481457578390577952,1329.0,3,2.0,2,Entire home/apt
16929886,1771.0,6,3.0,81,Entire home/apt
947912473875256586,1135.0,3,1.0,13,Entire home/apt
747387769066415328,589.0,4,1.0,95,Entire home/apt
1151302982564409423,1100.0,4,2.0,38,Entire home/apt
49759733,1236.0,2,1.0,188,Entire home/apt
849028710513787075,1449.0,6,2.0,153,Entire home/apt
18006995,1258.0,6,3.0,223,Entire home/apt
22547228,901.0,1,1.0,266,Entire home/apt
45353808,1816.0,2,1.0,94,Private room
885511354609455151,1851.0,8,2.0,82,Entire home/apt
39923707,191.0,1,0.0,16,Private room
1367629398746715505,363.0,2,1.0,12,Private room
1147999282590183572,534.0,2,1.0,26,Entire home/apt
725392747444791711,1319.0,2,1.0,51,Entire home/apt
1508266211777323064,248.0,2,1.0,0,Entire home/apt
26257074,1710.0,4,1.0,236,Entire home/apt
1028919936740871329,1972.0,8,4.0,56,Entire home/apt
1313877802479498242,3194.0,2,1.0,5,Entire home/apt
1471063259876636478,450.0,2,1.0,1,Shared room
52752733,1188.0,5,2.0,39,Entire home/apt
1476882081927572413,1026.0,2,1.0,8,Entire home/apt
1483433542155762614,898.0,5,2.0,11,Entire home/apt
30535165,1183.0,4,2.0,211,Entire home/apt
1455900493959607463,647.0,2,1.0,0,Entire home/apt
53264435,690.0,2,1.0,164,Entire home/apt
1304422363901512343,3659.0,4,2.0,35,Entire home/apt
1309110784371293605,510.0,4,1.0,4,Entire home/apt
41090716,250.0,1,1.0,7,Private room
1043841784601924242,2074.0,7,2.0,2,Entire home/apt
1235219654727058077,557.0,2,1.0,17,Private room
1460430770844413174,279.0,2,1.0,4,Entire home/apt
38932976,2575.0,2,1.0,164,Entire home/apt
1389173389999801330,437.0,2,1.0,9,Entire home/apt
1155948335980386884,1035.0,2,1.0,2,Private room
1430494520607817350,1229.0,2,1.0,0,Entire home/apt
49043676,940.0,5,2.0,160,Entire home/apt
1046439188046442284,1800.0,7,3.0,37,Entire home/apt
53829242,408.0,2,1.0,76,Private room
568996087707315976,1295.0,2,1.0,33,Entire home/apt
1137803114045980349,1247.0,3,1.0,6,Entire home/apt
49260021,1156.0,2,2.0,3,Entire home/apt
32081472,834.0,3,1.0,289,Entire home/apt
23505371,2178.0,5,2.0,1,Entire home/apt
648590019379854215,651.0,2,1.0,31,Entire home/apt
1508366928353654983,371.0,1,1.0,0,Private room
35094562,600.0,3,1.0,138,Private room
1153607447463245905,1238.0,2,1.0,35,Entire home/apt
1450844391530671257,1469.0,2,1.0,10,Entire home/apt
1252520030131197191,585.0,4,2.0,5,Entire home/apt
797838187984330928,750.0,2,1.0,42,Private room
1287858568059824331,2187.0,8,3.0,12,Entire home/apt
1478623403027746833,578.0,1,1.0,1,Private room
1084186517490797426,1200.0,4,2.0,15,Entire home/apt
1275687327405975690,425.0,2,1.0,2,Entire home/apt
948156572588876811,1672.0,4,2.0,106,Entire home/apt
1471566028447840734,952.0,2,1.0,2,Entire home/apt
53817998,842.0,2,1.0,33,Private room
759653402149685372,1000.0,4,1.0,5,Entire home/apt
765436861003206024,1900.0,5,1.0,143,Entire home/apt
1031411970338544115,620.0,4,2.0,77,Private room
51200866,1440.0,4,1.0,24,Entire home/apt
797985380618552449,1250.0,4,2.0,27,Entire home/apt
838366951436846547,3505.0,2,1.0,0,Private room
1217952074878290046,2240.0,4,2.0,8,Entire home/apt
17990980,526.0,4,2.0,380,Entire home/apt
1416317553295039891,1059.0,6,2.0,24,Entire home/apt
1305447914683637621,873.0,3,2.0,0,Entire home/apt
1359674740738211836,1200.0,2,1.0,3,Private room
1441070485554863377,1637.0,4,2.0,14,Entire home/apt
1432113370436477405,952.0,2,1.0,14,Entire home/apt
30689393,446.0,2,0.0,194,Private room
1202228739798108413,3600.0,6,2.0,6,Entire home/apt
31950876,1200.0,3,1.0,87,Entire home/apt
745784949620132908,1284.0,5,2.0,77,Entire home/apt
680602962519128019,461.0,2,1.0,100,Private room
1201564195869089633,998.0,2,1.0,25,Entire home/apt
505934525512526567,2051.0,8,3.0,123,Entire home/apt
17545611,864.0,3,2.0,90,Entire home/apt
757821480786749495,932.0,4,1.0,111,Entire home/apt
1062397133387575134,1025.0,5,2.0,64,Entire home/apt
1416383570957023996,284.0,1,1.0,1,Private room
603834061652759377,987.0,3,1.0,153,Private room
828204790444256222,866.0,2,1.0,77,Entire home/apt
827611098079299761,870.0,2,1.0,90,Entire home/apt
53239660,3680.0,10,4.0,119,Entire home/apt
858771839957958388,1037.0,2,1.0,45,Entire home/apt
1397318542198948017,400.0,2,1.0,0,Private room
1068375379042695047,900.0,3,2.0,25,Entire home/apt
1132263348399623190,1086.0,2,1.0,56,Entire home/apt
838677008102749805,2552.0,10,4.0,101,Entire home/apt
721122561204157258,1069.0,5,1.0,99,Entire home/apt
42517157,2065.0,4,2.0,12,Entire home/apt
698882851610482926,1050.0,3,1.0,29,Private room
1208135082166459585,1204.0,6,3.0,16,Entire home/apt
40846987,1720.0,8,3.0,112,Entire home/apt
43737432,255.0,1,1.0,3,Private room
24114916,1522.0,2,1.0,54,Entire home/apt
1443259308194365974,627.0,2,1.0,13,Private room
1231804754004410051,505.0,2,1.0,8,Private room
21728742,1889.0,3,1.0,21,Entire home/apt
1338678246085540759,1197.0,4,2.0,5,Entire home/apt
625390520781978707,945.0,2,1.0,89,Private room
18289384,579.0,1,1.0,63,Private room
1439183456793441199,929.0,4,1.0,1,Entire home/apt
21591153,386.0,1,1.0,35,Entire home/apt
44074573,238.0,1,1.0,13,Shared room
1289233543332904955,876.0,6,2.0,55,Entire home/apt
944179007536893235,518.0,2,1.0,17,Private room
1495771867969017712,2100.0,2,1.0,0,Entire home/apt
775627803539058786,638.0,4,1.0,91,Entire home/apt
28226747,941.0,2,1.0,14,Private room
1193531810249799323,1548.0,3,2.0,8,Entire home/apt
19198659,880.0,3,1.0,14,Entire home/apt
1242154092543761614,675.0,3,1.0,24,Entire home/apt
52758486,664.0,2,1.0,171,Private room
811024795566815369,2141.0,4,1.0,181,Entire home/apt
1298051978712544183,438.0,2,1.0,29,Private room
40064362,1066.0,4,2.0,203,Entire home/apt
1364091367434954960,2448.0,2,1.0,4,Entire home/apt
607224714253125725,899.0,2,1.0,0,Private room
52190587,961.0,3,1.0,1,Entire home/apt
1395347026351723700,360.0,2,1.0,3,Private room
1306856098112251533,2561.0,4,1.0,9,Entire home/apt
1234096242533995462,751.0,2,1.0,12,Entire home/apt
45065334,996.0,2,1.0,203,Entire home/apt
39313648,945.0,1,1.0,1,Private room
1364565503659214056,2283.0,4,2.0,14,Entire home/apt
1413295251150166195,550.0,1,1.0,0,Private room
669511066785396495,2062.0,6,2.0,50,Entire home/apt
766038422202663875,1196.0,4,1.0,215,Entire home/apt
706734815892058867,721.0,4,2.0,41,Entire home/apt
690823448270503151,2791.0,4,2.0,75,Entire home/apt
1196401980531491816,1601.0,6,2.0,37,Entire home/apt
16651843,384.0,2,1.0,253,Private room
958053728302468222,1377.0,5,2.0,2,Entire home/apt
53844726,1071.0,2,1.0,190,Private room
47806148,620.0,3,1.0,16,Entire home/apt
620418081918833787,967.0,4,1.0,112,Entire home/apt
34862416,1910.0,4,2.0,102,Entire home/apt
1167373499423372663,935.0,2,1.0,8,Private room
16122089,754.0,2,1.0,183,Entire home/apt
40368013,1365.0,5,2.0,2,Entire home/apt
1429200286886995185,365.0,2,1.0,6,Private room
686144232285295720,584.0,2,1.0,127,Entire home/apt
852985971149741822,1000.0,2,1.0,0,Private room
584943634108129457,1500.0,4,2.0,69,Entire home/apt
1458021763244153495,460.0,2,1.0,12,Private room
589829046173945862,238.0,2,1.0,21,Private room
999286360444990127,450.0,2,1.0,31,Private room
52126970,943.0,4,2.0,23,Entire home/apt
978487860123632931,3071.0,3,1.0,1,Entire home/apt
677695500318221928,669.0,6,1.0,213,Entire home/apt
1014645139239650681,1329.0,2,1.0,25,Entire home/apt
898960416524138656,1336.0,7,3.0,159,Entire home/apt
869917877560198085,1060.0,4,2.0,29,Entire home/apt
829682704294432407,680.0,3,2.0,18,Entire home/apt
745249164654585266,829.0,2,1.0,123,Entire home/apt
1337091870369568893,745.0,6,2.0,9,Entire home/apt
1356032189800403580,1821.0,6,2.0,39,Entire home/apt
674705738675367273,698.0,2,1.0,37,Shared room
20902524,570.0,2,1.0,159,Private room
1359036170699502514,389.0,3,1.0,5,Private room
1173113527008522781,1550.0,2,1.0,125,Entire home/apt
10426199,2031.0,4,2.0,33,Entire home/apt
1111510046927421363,819.0,2,1.0,50,Entire home/apt
25918465,6500.0,6,3.0,0,Private room
32271701,4643.0,15,0.0,89,Entire home/apt
856541228449710883,5000.0,2,1.0,5,Entire home/apt
696580527646288844,1980.0,4,2.0,102,Entire home/apt
720968316898244839,928.0,2,1.0,102,Entire home/apt
885855159080412506,4578.0,6,3.0,77,Entire home/apt
594242453967164023,571.0,2,1.0,8,Private room
1416808372289339518,1378.0,2,1.0,37,Entire home/apt
729665419150528622,1215.0,4,2.0,4,Entire home/apt
1297098649624205994,176.0,3,1.0,1,Shared room
1221800305105119716,958.0,5,3.0,113,Entire home/apt
1466087536538921293,141.0,4,1.0,1,Shared room
1374962131069124901,461.0,2,1.0,3,Private room
1170780,336.0,2,1.0,17,Private room
1267802127369995061,1553.0,4,2.0,18,Entire home/apt
31645168,1311.0,3,1.0,233,Entire home/apt
1099275298115195629,315.0,2,1.0,4,Private room
603580576753597525,2623.0,5,2.0,51,Entire home/apt
929744861131097119,475.0,3,1.0,60,Private room
785791183492854463,1513.0,3,1.0,0,Entire home/apt
924010343872810260,720.0,4,3.0,0,Entire home/apt
37745583,536.0,2,1.0,27,Private room
31419237,635.0,2,1.0,266,Private room
1314664933506278074,1800.0,2,1.0,1,Private room
1031444844519398931,682.0,2,1.0,53,Private room
34157614,1110.0,4,1.0,87,Entire home/apt
20055322,764.0,2,1.0,565,Private room
40260593,816.0,3,1.0,6,Entire home/apt
26131440,4318.0,5,2.0,272,Entire home/apt
1489259980070765634,1111.0,6,3.0,0,Entire home/apt
738582893932986501,889.0,4,2.0,94,Entire home/apt
14577669,1599.0,1,1.0,1,Private room
931923842455066085,1370.0,2,1.0,6,Entire home/apt
874693572519139646,1506.0,4,2.0,34,Entire home/apt
7887445,865.0,2,1.0,116,Private room
1507714329844470511,1566.0,8,3.0,0,Entire home/apt
1406183559055761288,1260.0,2,1.0,0,Private room
1372188920037986935,1501.0,16,4.0,22,Entire home/apt
777719756278305793,903.0,2,1.0,106,Entire home/apt
1265282236963960492,665.0,2,1.0,29,Entire home/apt
872572326671918789,1268.0,6,3.0,173,Entire home/apt
1270474174590523463,886.0,2,1.0,48,Private room
35459143,1067.0,2,1.0,91,Entire home/apt
762610605185060875,1497.0,3,1.0,390,Entire home/apt
987802277384844234,11995.0,7,4.0,38,Entire home/apt
1501099847794816603,1884.0,2,1.0,0,Private room
29236525,918.0,2,1.0,27,Private room
774743885694433697,823.0,2,1.0,83,Entire home/apt
1329198445829894378,97.0,1,0.0,0,Shared room
870521209089582798,228.0,1,1.0,0,Shared room
1045057414833928918,648.0,2,1.0,85,Private room
46964371,1917.0,5,2.0,24,Entire home/apt
1487893901631404483,1174.0,2,1.0,0,Private room
1309022468809576179,650.0,2,1.0,0,Private room
1477154925461549963,933.0,3,1.0,2,Entire home/apt
39057021,3630.0,6,3.0,44,Entire home/apt
1406734774057467467,470.0,2,1.0,6,Private room
1380601195608111129,6561.0,16,5.0,9,Entire home/apt
1345014026002440233,1675.0,4,1.0,0,Hotel room
751650356248036252,1395.0,3,1.0,5,Entire home/apt
844098135030471356,1132.0,4,2.0,56,Entire home/apt
1472564870167278194,365.0,1,1.0,2,Private room
36045791,467.0,2,1.0,503,Entire home/apt
1514219725893636196,2235.0,4,1.0,0,Private room
1211841082317542596,720.0,2,1.0,56,Entire home/apt
1063159239318213548,580.0,2,1.0,89,Private room
1124033992739538402,2400.0,4,1.0,0,Entire home/apt
23000807,288.0,1,1.0,170,Private room
899633331007538381,463.0,2,1.0,51,Private room
1491303326266677848,3120.0,2,0.0,0,Entire home/apt
46193734,294.0,3,3.0,0,Private room
1510315679940364658,815.0,4,1.0,0,Entire home/apt
974029161970439748,5186.0,2,1.0,82,Entire home/apt
1232985480873549490,1413.0,4,2.0,56,Entire home/apt
33162754,1032.0,2,1.0,130,Entire home/apt
822810729248868783,575.0,4,1.0,68,Entire home/apt
1382116776727761367,7772.0,16,8.0,0,Entire home/apt
1400233678982458900,1254.0,4,2.0,12,Entire home/apt
1062120715925527777,547.0,2,1.0,55,Private room
1235662615078800501,1946.0,5,2.0,17,Entire home/apt
1436707241900495473,3633.0,16,4.0,3,Entire home/apt
557345447959782857,5663.0,14,4.0,181,Entire home/apt
42587183,759.0,4,2.0,78,Entire home/apt
53334516,688.0,6,1.0,32,Private room
1473421534396739666,1818.0,5,2.0,6,Entire home/apt
27583274,1601.0,7,3.0,212,Entire home/apt
12953181,523.0,1,1.0,105,Private room
1238761122516440279,444.0,2,1.0,15,Private room
34914669,779.0,5,1.0,5,Entire home/apt
1384430399046770382,1901.0,4,1.0,3,Entire home/apt
1076346570243108374,3571.0,5,3.0,2,Entire home/apt
694784265791355372,2653.0,4,2.0,69,Entire home/apt
1188111066001715679,1800.0,2,1.0,0,Entire home/apt
1471077839895389647,377.0,3,1.0,2,Private room
805201102407273606,1005.0,4,1.0,109,Entire home/apt
1395303011470079795,510.0,4,1.0,0,Private room
785625148121480548,1801.0,2,1.0,165,Entire home/apt
28931828,850.0,4,2.0,150,Entire home/apt
16930309,960.0,2,1.0,0,Entire home/apt
1272665122612502376,623.0,2,1.0,7,Entire home/apt
41595009,599.0,2,1.0,15,Private room
1385169683936433796,611.0,4,1.0,5,Private room
970233227795089154,1363.0,5,2.0,17,Entire home/apt
1201562287207553229,1001.0,2,1.0,27,Entire home/apt
47560967,1692.0,2,1.0,135,Private room
1181383605660588355,821.0,2,1.0,2,Private room
923365731415315222,1976.0,3,1.0,4,Private room
1106111428178323406,1565.0,10,3.0,46,Entire home/apt
41841255,426.0,1,1.0,5,Private room
39701915,600.0,6,2.0,18,Entire home/apt
1376029706248648369,2000.0,2,1.0,0,Entire home/apt
20390849,2283.0,6,3.0,128,Entire home/apt
1266064441256726112,1565.0,2,1.0,37,Entire home/apt
1148554871219761616,1351.0,3,1.0,50,Entire home/apt
800155479991418736,982.0,4,2.0,100,Entire home/apt
1273962380952033299,862.0,1,1.0,5,Private room
36799246,2147.0,3,1.0,2,Private room
1375609090470006602,1482.0,4,2.0,7,Entire home/apt
51582018,744.0,6,2.0,191,Entire home/apt
1427558480683130008,387.0,2,1.0,7,Private room
751165964956545230,1043.0,4,1.0,54,Entire home/apt
1389502305283200496,794.0,2,1.0,10,Private room
785657528850620541,1395.0,2,1.0,122,Entire home/apt
1400106238841740238,935.0,5,2.0,14,Entire home/apt
888876029379466971,800.0,2,1.0,3,Private room
771674261699548852,444.0,3,1.0,4,Private room
893470159041156060,1500.0,2,1.0,1,Private room
1333381535599326442,450.0,2,2.0,0,Private room
937884704625004500,3831.0,4,2.0,105,Entire home/apt
769542503331753195,753.0,2,2.0,3,Entire home/apt
1324060136291526938,1089.0,2,1.0,14,Entire home/apt
771149313622890523,3385.0,2,1.0,1,Entire home/apt
970980688989642824,5207.0,3,1.0,0,Entire home/apt
1461137590532318113,619.0,3,1.0,1,Private room
707274826497200212,2871.0,4,2.0,38,Entire home/apt
1252141718111439700,623.0,4,2.0,14,Private room
942982891030922088,1359.0,4,1.0,35,Entire home/apt
1474108305678966741,281.0,1,1.0,6,Shared room
32869121,576.0,1,1.0,12,Private room
38582293,1269.0,3,1.0,47,Entire home/apt
748877488386761579,642.0,2,1.0,25,Private room
1441394948171313111,653.0,2,1.0,24,Entire home/apt
53070218,647.0,4,1.0,29,Private room
44981062,299.0,1,1.0,4,Private room
13863962,440.0,2,1.0,15,Private room
1271307179224764247,3382.0,7,4.0,1,Entire home/apt
46869647,1154.0,8,2.0,43,Entire home/apt
39168471,163.0,2,1.0,31,Private room
985830192181786412,1279.0,2,1.0,74,Entire home/apt
669024120501755404,403.0,3,2.0,52,Entire home/apt
546570642079487688,360.0,4,1.0,0,Entire home/apt
965414665038582692,1615.0,2,1.0,7,Private room
10905603,1141.0,4,2.0,133,Entire home/apt
1251607816040186842,1041.0,6,2.0,32,Entire home/apt
647776452011063059,387.0,2,1.0,205,Private room
54289997,1680.0,8,3.0,37,Entire home/apt
682389873212332666,1139.0,2,1.0,5,Entire home/apt
927565315041626768,1484.0,2,1.0,22,Entire home/apt
821288095030253666,3228.0,5,3.0,14,Entire home/apt
731319239907277200,969.0,6,2.0,65,Entire home/apt
1039475252475468339,1674.0,3,1.0,63,Entire home/apt
1317505757456095340,3443.0,4,2.0,2,Entire home/apt
1150805264920338382,1505.0,4,2.0,24,Entire home/apt
22174889,736.0,1,1.0,0,Private room
677413134737574441,1745.0,2,1.0,29,Entire home/apt
16027454,500.0,4,1.0,67,Private room
1505920219446746383,895.0,5,2.0,0,Entire home/apt
1176174309116351258,3263.0,8,4.0,15,Entire home/apt
551889797297093087,912.0,3,1.0,9,Private room
51520828,923.0,5,1.0,152,Entire home/apt
747921657312444553,1261.0,5,2.0,184,Entire home/apt
1072470684530113433,1384.0,2,1.0,52,Private room
54360639,1496.0,4,1.0,55,Entire home/apt
26139534,425.0,2,1.0,15,Private room
50549606,793.0,2,1.0,274,Entire home/apt
45144857,698.0,2,1.0,42,Entire home/apt
1510314809571480175,1936.0,7,3.0,0,Entire home/apt
538342904390101654,1276.0,3,1.0,94,Entire home/apt
1391546927537939176,880.0,4,2.0,3,Entire home/apt
1051505689383110000,990.0,2,1.0,1,Private room
823849920279370870,1283.0,2,0.0,109,Entire home/apt
40539769,826.0,4,2.0,153,Entire home/apt
1301056834573465661,3036.0,16,5.0,3,Entire home/apt
23920017,503.0,1,1.0,0,Private room
838535764537071420,2047.0,6,3.0,13,Entire home/apt
774836297711558950,650.0,2,1.0,60,Entire home/apt
1443004083490852815,1700.0,2,1.0,0,Private room
1466384160879690034,717.0,2,1.0,5,Private room
556555152814177341,680.0,2,1.0,10,Entire home/apt
16661511,1519.0,4,1.0,37,Entire home/apt
1452406007191217078,3165.0,2,1.0,0,Private room
1242873501248916110,4115.0,3,1.0,0,Entire home/apt
1096067267625553347,813.0,2,1.0,29,Private room
1094844155887930449,400.0,2,1.0,0,Private room
887113942038163064,937.0,5,2.0,74,Entire home/apt
1331975986037297169,1110.0,6,2.0,32,Entire home/apt
1210253311874976065,1350.0,4,2.0,34,Entire home/apt
684888140562182658,10045.0,5,3.0,0,Entire home/apt
856513330497669167,2578.0,6,3.0,32,Entire home/apt
1174862589381809753,474.0,3,1.0,37,Entire home/apt
53311209,938.0,2,1.0,63,Private room
37556163,2356.0,5,2.0,199,Entire home/apt
933538149288632747,1449.0,4,1.0,40,Entire home/apt
1235113537991908623,614.0,3,1.0,13,Private room
1449826934997911796,375.0,2,1.0,0,Private room
1231213899565297747,305.0,1,7.0,34,Private room
38136965,1271.0,2,1.0,19,Private room
44391371,2796.0,16,0.0,3,Entire home/apt
969460972270855665,2286.0,4,2.0,1,Entire home/apt
53233936,1132.0,4,2.0,182,Entire home/apt
32528714,1822.0,5,2.0,17,Entire home/apt
918141212023716434,2268.0,3,1.0,11,Entire home/apt
1125535764612649992,675.0,2,1.0,12,Private room
920961227145519150,1836.0,4,1.0,11,Entire home/apt
53358163,1915.0,3,1.0,84,Entire home/apt
1357637688764878776,585.0,4,1.0,42,Entire home/apt
905374274934809733,1493.0,4,2.0,73,Entire home/apt
665433248199042537,3142.0,5,3.0,142,Entire home/apt
19309703,4685.0,2,1.0,198,Private room
15326965,990.0,3,2.0,43,Entire home/apt
1288675072148479635,646.0,3,1.0,11,Entire home/apt
1076361559977505026,2300.0,5,2.0,9,Entire home/apt
818805231017035385,564.0,1,1.0,3,Private room
1376415544411139039,605.0,1,1.0,55,Private room
818106252973752933,1392.0,4,2.0,40,Entire home/apt
1381980920894113700,728.0,2,1.0,0,Private room
1366197382583255066,2234.0,5,2.0,2,Entire home/apt
1158108565710483282,897.0,3,1.0,46,Private room
42622146,1455.0,6,3.0,13,Entire home/apt
11606162,1023.0,2,1.0,318,Entire home/apt
31671820,439.0,1,1.0,14,Private room
826131552393012398,419.0,2,1.0,79,Entire home/apt
42021599,810.0,2,1.0,121,Private room
12494564,1570.0,4,2.0,126,Entire home/apt
1153183044363153267,1037.0,2,1.0,4,Private room
1267498377694897798,950.0,2,1.0,15,Entire home/apt
1060902304306028745,956.0,4,2.0,12,Entire home/apt
678378128971023324,788.0,3,1.0,90,Entire home/apt
45700817,2008.0,2,1.0,62,Private room
640691018344134656,1672.0,4,2.0,12,Entire home/apt
579929493558968063,25766.0,3,2.0,3,Entire home/apt
1405439485066869208,553.0,2,1.0,6,Entire home/apt
51213185,990.0,2,1.0,194,Private room
6970368,762.0,2,1.0,122,Private room
51847301,450.0,1,3.0,34,Private room
1004548006766131656,2425.0,6,3.0,80,Entire home/apt
1440073609853187910,265.0,1,1.0,3,Shared room
637593745152440973,1479.0,12,3.0,77,Entire home/apt
4832713,662.0,2,1.0,1,Private room
1480039743627804133,415.0,4,1.0,9,Private room
24060566,1085.0,2,1.0,20,Entire home/apt
48730051,2204.0,2,1.0,0,Entire home/apt
1464720045413248996,2897.0,5,2.0,6,Entire home/apt
21169184,2218.0,4,2.0,117,Entire home/apt
848550403077794168,260.0,2,2.0,0,Entire home/apt
33377059,279.0,1,1.0,110,Private room
1206876365498084310,992.0,2,1.0,6,Entire home/apt
18374543,1260.0,2,2.0,12,Private room
805521005928580241,1122.0,4,2.0,9,Private room
28967865,282.0,2,1.0,230,Private room
25345464,162.0,1,1.0,4,Private room
1371092061996416826,153.0,4,1.0,2,Shared room
51062343,4255.0,2,1.0,115,Entire home/apt
41157827,980.0,2,1.0,11,Entire home/apt
703710329610487274,2626.0,2,1.0,3,Entire home/apt
1335650154909379852,683.0,2,1.0,5,Entire home/apt
1487272859408364725,1292.0,4,2.0,0,Entire home/apt
1471371904696498318,638.0,2,1.0,15,Private room
882148274329237399,720.0,2,1.0,259,Entire home/apt
49387632,980.0,3,1.0,122,Entire home/apt
709417466409892796,691.0,2,1.0,3,Private room
1392792126496482009,1203.0,3,1.0,11,Entire home/apt
1233574701980598673,3209.0,2,1.0,2,Entire home/apt
14412854,1809.0,3,1.0,53,Entire home/apt
1227603887130554360,1033.0,3,2.0,27,Entire home/apt
902140072166434623,2540.0,5,2.0,16,Entire home/apt
1105154988480801588,1183.0,2,1.0,9,Entire home/apt
287940,559.0,2,1.0,447,Entire home/apt
41619854,1488.0,2,1.0,21,Entire home/apt
13505249,1856.0,2,1.0,239,Entire home/apt
1139810090425891963,1529.0,6,2.0,82,Entire home/apt
821808561087674473,522.0,2,1.0,104,Entire home/apt
1502527728271739934,568.0,2,1.0,2,Entire home/apt
581283887604107593,609.0,2,1.0,120,Entire home/apt
744162383345063510,580.0,2,1.0,4,Private room
8974916,946.0,4,1.0,34,Entire home/apt
686867906263979283,1326.0,2,1.0,55,Entire home/apt
1502631860189739905,1723.0,2,1.0,0,Private room
740561333094583608,912.0,2,1.0,74,Entire home/apt
32872653,6030.0,6,3.0,226,Entire home/apt
1434271935641476379,2828.0,3,1.0,0,Entire home/apt
1445106177871531564,1007.0,2,1.0,6,Entire home/apt
11699615,550.0,2,1.0,40,Private room
1460444049893326967,435.0,2,1.0,2,Private room
1131891884932998232,2055.0,6,2.0,35,Entire home/apt
53180637,1028.0,5,2.0,136,Entire home/apt
1278478303374152463,1350.0,2,1.0,2,Private room
828496211149646600,1044.0,2,1.0,27,Entire home/apt
1389138192327441439,2934.0,3,1.0,50,Entire home/apt
14589375,855.0,4,2.0,30,Entire home/apt
28035833,1350.0,3,1.0,53,Entire home/apt
718387101051122249,1195.0,4,2.0,32,Entire home/apt
1369026949662402227,1517.0,6,3.0,15,Entire home/apt
875579495595012042,750.0,2,1.0,20,Entire home/apt
37828815,898.0,2,1.0,270,Entire home/apt
1315430280278768685,3127.0,2,1.0,2,Entire home/apt
1183074833742179663,3440.0,2,1.0,2,Private room
1314021276095220607,1369.0,2,1.0,21,Entire home/apt
938594052445410077,514.0,1,1.0,1,Private room
1497239427683722328,1199.0,4,2.0,2,Entire home/apt
36948660,613.0,2,1.0,82,Entire home/apt
982005971698518096,431.0,1,1.0,1,Private room
18095481,521.0,2,1.0,71,Private room
1395690341987369184,1132.0,4,2.0,12,Entire home/apt
53980119,1123.0,2,1.0,212,Private room
585663361723213722,2383.0,4,1.0,1,Entire home/apt
574722780082423607,1199.0,2,0.0,26,Private room
48810709,207.0,2,1.0,21,Private room
1047215627944246639,1620.0,3,1.0,9,Private room
46056031,802.0,2,1.0,140,Entire home/apt
1121937935013691400,1247.0,4,1.0,39,Entire home/apt
34087629,2375.0,7,3.0,105,Entire home/apt
49846475,2881.0,4,2.0,5,Entire home/apt
653773560085763621,819.0,4,1.0,87,Entire home/apt
1458089659487683469,1248.0,2,1.0,0,Private room
821198676481982325,521.0,2,1.0,172,Private room
1164732057942148354,1170.0,4,2.0,45,Entire home/apt
1498715418612678748,447.0,2,1.0,0,Private room
994311377283832514,918.0,2,1.0,16,Private room
1396455064084913093,768.0,2,1.0,3,Entire home/apt
43133225,2523.0,3,3.0,1,Entire home/apt
38855644,635.0,2,1.0,15,Entire home/apt
16110694,1653.0,5,3.0,13,Entire home/apt
1406536008102657485,1132.0,4,2.0,1,Entire home/apt
775935983951235867,6384.0,2,1.0,17,Entire home/apt
31576017,707.0,3,2.0,117,Entire home/apt
24042636,356.0,2,1.0,56,Private room
1478453764043763438,1225.0,2,1.0,7,Entire home/apt
24669563,2296.0,6,3.0,307,Entire home/apt
857893514228194487,706.0,3,1.0,113,Entire home/apt
1342290420800717022,618.0,1,1.0,1,Private room
46223866,851.0,2,1.0,44,Private room
38666387,937.0,2,2.0,44,Entire home/apt
1676923,1802.0,2,1.0,432,Entire home/apt
964004597549926655,1782.0,6,2.0,21,Entire home/apt
21162724,334.0,1,1.0,55,Private room
26449125,3752.0,15,5.0,168,Entire home/apt
948588106492175605,2000.0,2,1.0,0,Private room
1513297057015504674,1168.0,4,2.0,0,Entire home/apt
27636056,718.0,1,1.0,51,Private room
15611034,1653.0,4,1.0,287,Entire home/apt
1462675420610825741,446.0,1,1.0,0,Private room
19390640,1499.0,5,2.0,182,Entire home/apt
1376495303819749174,379.0,1,1.0,29,Private room
10336472,1097.0,2,1.0,68,Entire home/apt
30478274,715.0,2,1.0,0,Entire home/apt
1359566559766479814,1800.0,2,1.0,2,Private room
1415357459772038437,916.0,3,1.0,19,Entire home/apt
39362145,681.0,3,2.0,29,Entire home/apt
53464621,1018.0,4,1.0,109,Entire home/apt
1202455996407404071,581.0,2,1.0,69,Entire home/apt
1516862502662333283,1218.0,5,3.0,0,Entire home/apt
959429987028392735,392.0,2,1.0,162,Private room
953224456496216564,1445.0,2,1.0,3,Entire home/apt
983276708623578223,3017.0,4,1.0,15,Entire home/apt
54196748,1283.0,8,3.0,86,Entire home/apt
825512461644062992,574.0,2,1.0,1,Private room
18233212,502.0,2,1.0,118,Entire home/apt
1272663350535779239,1007.0,2,1.0,20,Entire home/apt
1300177567978652866,837.0,4,2.0,0,Entire home/apt
1264575038314497244,1039.0,2,1.0,3,Entire home/apt
1132181437476097039,342.0,2,1.0,26,Private room
1404674058315234253,1402.0,3,1.0,10,Entire home/apt
1100083699996889833,867.0,4,1.0,234,Private room
1131440030562746882,674.0,4,1.0,37,Entire home/apt
1097136014455052164,746.0,5,2.0,10,Entire home/apt
1334185450788906422,680.0,2,1.0,3,Private room
1268947835385568100,169.0,3,1.0,3,Shared room
40035674,932.0,2,1.0,92,Entire home/apt
702208572703421421,1038.0,2,1.0,22,Entire home/apt
732642471226928332,3126.0,6,3.0,111,Entire home/apt
557144743958496435,383.0,2,1.0,134,Private room
53130627,3615.0,2,1.0,43,Entire home/apt
1483598682955095247,1692.0,4,2.0,0,Entire home/apt
1141708127867256507,1089.0,2,1.0,0,Private room
782042912175774279,404.0,2,1.0,49,Private room
1501085586885431113,1801.0,2,1.0,0,Private room
17155875,810.0,2,1.0,434,Entire home/apt
34578706,986.0,4,2.0,125,Entire home/apt
662484079071362847,800.0,3,2.0,0,Entire home/apt
12831105,322.0,2,1.0,79,Private room
775481779145384929,1774.0,4,2.0,64,Entire home/apt
1452241298787476621,1658.0,2,0.0,0,Entire home/apt
1483574580147266114,849.0,14,3.0,0,Entire home/apt
1441552373154969813,1300.0,2,1.0,5,Private room
755803103200024183,1800.0,6,3.0,30,Entire home/apt
46264514,855.0,4,2.0,127,Entire home/apt
1334163467186632004,2474.0,2,1.0,6,Entire home/apt
22733793,408.0,2,1.0,3,Private room
1412442330474256925,617.0,2,1.0,2,Private room
1511974541165405385,830.0,2,1.0,0,Entire home/apt
668717503857355834,926.0,6,1.0,59,Entire home/apt
816953797844955809,2000.0,2,1.0,0,Entire home/apt
1422736303769089712,908.0,2,1.0,16,Entire home/apt
1076232923995031367,2620.0,4,2.0,7,Entire home/apt
966739207554807654,372.0,1,1.0,10,Shared room
607833,368.0,2,1.0,6,Private room
984368772224206474,2811.0,3,1.0,1,Entire home/apt
1429302935981827707,1225.0,2,1.0,23,Entire home/apt
729405398242215505,2226.0,6,2.0,173,Entire home/apt
915222587103599439,1235.0,2,1.0,21,Entire home/apt
7380944,2000.0,4,2.0,2,Entire home/apt
720303307010662815,1102.0,4,2.0,56,Entire home/apt
31242725,420.0,2,1.0,0,Private room
1112413457459364362,855.0,2,1.0,18,Entire home/apt
1106694952013340324,1805.0,5,2.0,49,Entire home/apt
1309601326208874008,2234.0,4,2.0,6,Entire home/apt
1369934537858046225,748.0,2,1.0,11,Private room
1377049344920623531,2727.0,2,1.0,0,Private room
1437143820226985887,2586.0,4,2.0,0,Entire home/apt
1181341317110921967,964.0,2,1.0,42,Entire home/apt
615923292170759557,1653.0,6,3.0,154,Entire home/apt
45484911,416.0,1,1.0,43,Private room
51230578,1408.0,6,2.0,138,Entire home/apt
1280466278525199203,385.0,2,1.0,10,Entire home/apt
1352969443103198564,830.0,2,1.0,15,Private room
34082897,406.0,2,1.0,161,Private room
1116258856621460327,527.0,2,1.0,4,Private room
1001474672631939036,1308.0,2,1.0,12,Entire home/apt
50640899,854.0,2,1.0,14,Entire home/apt
2558376,1357.0,4,2.0,52,Entire home/apt
50875337,2425.0,4,2.0,137,Entire home/apt
1298129148523809306,5197.0,4,1.0,0,Private room
45252297,608.0,2,1.0,0,Entire home/apt
995788625646908351,702.0,4,3.0,123,Entire home/apt
6914989,1961.0,2,1.0,30,Private room
40588573,772.0,2,1.0,19,Entire home/apt
24869457,1196.0,4,1.0,222,Private room
44999737,1315.0,2,1.0,15,Entire home/apt
26366428,3397.0,2,0.0,0,Entire home/apt
1137150266323812053,3600.0,2,1.0,0,Private room
826985114849996054,21556.0,10,5.0,3,Entire home/apt
1351789514785241974,758.0,3,2.0,4,Entire home/apt
816144066952953281,2620.0,7,4.0,21,Entire home/apt
41749197,651.0,3,1.0,54,Private room
42941453,952.0,2,1.0,1,Private room
16868551,1316.0,3,1.0,567,Entire home/apt
975648975867451342,651.0,1,2.0,14,Private room
1211964168352239992,2664.0,4,2.0,1,Entire home/apt
954618294298425384,725.0,3,1.0,27,Entire home/apt
1393683125518497263,360.0,2,1.0,4,Private room
30901456,3821.0,15,5.0,98,Entire home/apt
1826212,1115.0,4,2.0,103,Entire home/apt
1467872393952226122,1439.0,5,2.0,9,Entire home/apt
950911521290125956,1395.0,4,2.0,65,Entire home/apt
679059789712888662,461.0,8,1.0,32,Private room
1435873809461991439,1312.0,2,1.0,3,Entire home/apt
1233532582237579416,1113.0,4,2.0,16,Entire home/apt
1389490091702669239,1040.0,2,1.0,4,Entire home/apt
1285771549419276640,1242.0,2,1.0,0,Private room
1334168117218385985,1356.0,2,1.0,15,Entire home/apt
41624381,436.0,2,1.0,483,Private room
1127456162260401329,1523.0,6,1.0,9,Entire home/apt
1050907666735648806,389.0,2,1.0,42,Private room
48158832,300.0,1,1.0,16,Private room
21174875,637.0,2,1.0,191,Entire home/apt
51689821,1095.0,6,2.0,81,Entire home/apt
969673586386682070,418.0,1,1.0,16,Private room
45069205,460.0,1,1.0,10,Private room
22159588,645.0,4,2.0,320,Entire home/apt
1484855528498216476,941.0,2,1.0,1,Entire home/apt
1451548600027053290,606.0,2,1.0,0,Private room
1441537378688098633,3203.0,12,5.0,2,Entire home/apt
50852167,1268.0,2,1.0,72,Entire home/apt
18025865,1569.0,3,2.0,27,Entire home/apt
801648106879611879,1243.0,2,1.0,106,Entire home/apt
50374453,750.0,4,1.0,18,Entire home/apt
890609763019922856,1052.0,6,2.0,168,Entire home/apt
31496752,1385.0,2,1.0,292,Entire home/apt
665197643690505315,455.0,1,1.0,71,Private room
913762847537232978,312.0,2,1.0,26,Private room
748057403587958852,1197.0,2,1.0,26,Entire home/apt
908169528839109067,1612.0,2,2.0,0,Private room
21111804,926.0,3,1.0,413,Private room
1228450558280572973,900.0,4,2.0,64,Entire home/apt
1349642141957158412,1233.0,3,2.0,8,Entire home/apt
817425944265372107,880.0,2,1.0,76,Entire home/apt
866815744440001651,1674.0,6,2.0,76,Entire home/apt
30171571,945.0,3,1.0,136,Entire home/apt
44268141,258.0,1,1.0,0,Private room
528054211950911899,2747.0,7,3.0,164,Entire home/apt
758653063299432732,611.0,4,0.0,120,Entire home/apt
51269783,970.0,5,3.0,133,Entire home/apt
1243142821522444147,810.0,3,1.0,9,Entire home/apt
1011150772252746925,858.0,2,1.0,5,Entire home/apt
40101153,585.0,2,1.0,58,Private room
1336592678575048739,682.0,2,1.0,49,Private room
638529292582181889,6988.0,10,3.0,78,Entire home/apt
619737828020835408,3908.0,12,3.0,153,Entire home/apt
1256073323285815762,540.0,1,1.0,1,Shared room
1035167821983647647,339.0,1,1.0,1,Private room
921885928769902869,1341.0,4,2.0,38,Entire home/apt
557544867081352219,336.0,1,1.0,109,Private room
918133930366548345,1070.0,4,2.0,56,Entire home/apt
800826392427356878,684.0,2,1.0,2,Entire home/apt
51043827,400.0,2,1.0,134,Private room
758790943675786952,1354.0,2,1.0,5,Entire home/apt
1177123796550051626,1100.0,2,1.0,53,Entire home/apt
578443922129353454,1393.0,8,2.0,83,Entire home/apt
1325617399254511103,1406.0,4,2.0,16,Entire home/apt
39085498,4992.0,7,4.0,78,Entire home/apt
900991179940754267,763.0,2,1.0,59,Entire home/apt
51215751,2479.0,3,2.0,2,Entire home/apt
51690209,710.0,2,1.0,115,Private room
707354219957353706,1558.0,4,2.0,90,Entire home/apt
1138430642411315352,675.0,1,1.0,5,Private room
1446607553579128271,432.0,3,1.0,0,Private room
52812552,1619.0,2,1.0,182,Entire home/apt
29389439,2063.0,4,1.0,249,Entire home/apt
738311174267247526,1743.0,4,2.0,195,Entire home/apt
706815494690132881,1813.0,5,2.0,98,Entire home/apt
639517643376704742,2031.0,4,2.0,112,Entire home/apt
1398168839632291257,2000.0,2,1.0,0,Entire home/apt
22637120,429.0,2,1.0,10,Entire home/apt
1371571817042628009,1592.0,16,4.0,9,Entire home/apt
45594960,1740.0,4,2.0,63,Entire home/apt
14694596,479.0,2,1.0,17,Private room
1249388407354840088,3988.0,4,2.0,38,Entire home/apt
23421825,2755.0,4,3.0,71,Entire home/apt
646175786452445313,2871.0,4,2.0,52,Entire home/apt
52260452,1399.0,2,1.0,0,Entire home/apt
1275519226623455285,1870.0,6,3.0,5,Entire home/apt
1380660765557891429,1117.0,2,1.0,5,Entire home/apt
727621018791532370,1295.0,4,2.0,88,Entire home/apt
1321026285690481797,5052.0,2,1.0,0,Private room
820995828482227046,214.0,1,1.0,8,Private room
51128837,475.0,1,1.0,67,Entire home/apt
1487003607031885711,1235.0,2,1.0,0,Entire home/apt
23002001,960.0,2,1.0,438,Private room
730336443696823584,612.0,2,1.0,1,Private room
1396548834535087053,585.0,2,1.0,5,Private room
1461670464304347683,580.0,2,1.0,0,Entire home/apt
54127291,713.0,1,1.0,47,Private room
14128875,468.0,2,1.0,104,Entire home/apt
847117304441577756,760.0,2,1.0,106,Entire home/apt
1062616403341302575,869.0,5,2.0,111,Entire home/apt
1110269313923015155,2791.0,10,4.0,0,Entire home/apt
52936953,607.0,2,1.0,44,Private room
765817368282445029,664.0,2,1.0,99,Entire home/apt
35580612,950.0,2,1.0,95,Private room
1432263191542074861,1584.0,4,1.0,3,Entire home/apt
1483116779516776965,998.0,6,2.0,6,Entire home/apt
588404954670534852,1400.0,3,2.0,30,Entire home/apt
1197067039454051041,382.0,1,1.0,4,Private room
562992188819197074,728.0,2,2.0,3,Entire home/apt
1496571095415031393,272.0,2,1.0,1,Private room
795875133258233909,1127.0,4,2.0,79,Entire home/apt
1450253192989899727,1915.0,10,5.0,2,Entire home/apt
1378389421631111214,798.0,2,1.0,19,Entire home/apt
1375499123748108981,1520.0,2,1.0,8,Entire home/apt
18580043,1685.0,5,2.0,241,Entire home/apt
791447602482124777,1420.0,2,1.0,4,Entire home/apt
27873183,950.0,2,1.0,45,Private room
44357810,1143.0,2,1.0,132,Entire home/apt
1418408003731607452,4290.0,2,1.0,0,Private room
1479434096428479833,1858.0,5,2.0,0,Entire home/apt
1450790892530295258,2643.0,6,3.0,9,Entire home/apt
929713567529771714,1575.0,3,1.0,157,Entire home/apt
47272712,3510.0,4,2.0,0,Entire home/apt
897344381099423942,566.0,2,1.0,74,Entire home/apt
1060833315837317878,374.0,3,1.0,36,Private room
23483232,4000.0,14,4.0,283,Entire home/apt
687725115624297167,750.0,5,1.0,86,Entire home/apt
1424328290270409503,493.0,4,1.0,0,Entire home/apt
1390281854987394436,2388.0,6,2.0,0,Entire home/apt
1009320156401900006,1700.0,4,0.0,78,Entire home/apt
1134810239542233344,399.0,1,1.0,1,Private room
758833761780564518,735.0,4,0.0,103,Entire home/apt
52760890,938.0,4,1.0,124,Entire home/apt
1395805467181293420,1728.0,4,2.0,1,Entire home/apt
692452894653923415,618.0,2,1.0,5,Private room
35967099,495.0,2,1.0,26,Private room
870110173054860980,1717.0,4,1.0,22,Entire home/apt
1451543318116050056,798.0,6,2.0,15,Entire home/apt
1090906699694587796,1129.0,4,1.0,196,Entire home/apt
37914621,285.0,1,2.0,25,Private room
1016916634594745052,480.0,1,1.0,0,Entire home/apt
23436746,183.0,1,1.0,22,Private room
1214639870309914648,628.0,2,1.0,30,Private room
1635595,1062.0,3,1.0,72,Entire home/apt
1318410958391047737,315.0,2,1.0,35,Private room
36592713,815.0,4,1.0,203,Entire home/apt
1267651127576864537,622.0,1,1.0,0,Private room
952991573375265329,488.0,2,1.0,61,Private room
1061037664128061575,565.0,3,1.0,9,Entire home/apt
35938221,454.0,2,1.0,78,Entire home/apt
1066199446904492595,1135.0,2,1.0,38,Entire home/apt
1272710254821964512,1046.0,4,1.0,3,Entire home/apt
1120253407348934342,529.0,2,1.0,54,Private room
26124267,2528.0,2,1.0,107,Entire home/apt
52809818,1138.0,4,2.0,46,Entire home/apt
687144022646307024,968.0,5,1.0,101,Entire home/apt
1355343258619066291,360.0,1,1.0,3,Private room
36880774,530.0,2,1.0,218,Private room
957936209823146316,6082.0,2,1.0,1,Private room
31076055,1344.0,2,1.0,51,Entire home/apt
1422008575163499914,1673.0,4,2.0,3,Entire home/apt
637091323939897100,1114.0,3,1.0,23,Entire home/apt
42794424,1627.0,4,2.0,30,Entire home/apt
53116515,456.0,1,1.0,18,Private room
1248963376015188327,366.0,4,1.0,6,Private room
860810094619494414,664.0,2,1.0,20,Entire home/apt
1229405668422228654,1170.0,2,1.0,6,Entire home/apt
1369203090537089230,856.0,2,1.0,4,Entire home/apt
1405357885698190851,1488.0,4,2.0,10,Entire home/apt
26366290,3397.0,2,0.0,1,Entire home/apt
47500165,1680.0,6,1.0,132,Private room
1389138962713179894,2789.0,2,1.0,7,Entire home/apt
5212275,1396.0,3,2.0,11,Entire home/apt
1176486848813349440,540.0,2,1.0,10,Private room
1376980607670962938,1483.0,4,2.0,18,Entire home/apt
1314643821192578431,1163.0,4,2.0,15,Entire home/apt
43156362,1249.0,2,1.0,125,Private room
40922753,502.0,2,1.0,35,Private room
19823607,807.0,2,1.0,551,Private room
646357334828543580,1266.0,6,3.0,34,Entire home/apt
17531462,1153.0,2,1.0,15,Private room
1041072639284424661,342.0,2,1.0,38,Entire home/apt
19565986,907.0,2,1.0,157,Private room
1365546367700917176,2695.0,6,3.0,0,Entire home/apt
25320400,810.0,2,1.0,136,Private room
1496004099430341273,622.0,3,1.0,1,Entire home/apt
15631795,1069.0,5,1.0,34,Private room
1413771703148284569,1020.0,4,3.0,3,Entire home/apt
42206155,1285.0,2,1.0,93,Entire home/apt
53814518,1293.0,2,1.0,98,Entire home/apt
818130171323649062,16115.0,16,8.0,53,Entire home/apt
1340913491944500694,1147.0,3,1.0,9,Entire home/apt
46055981,818.0,2,1.0,144,Entire home/apt
44701135,347.0,1,1.0,820,Private room
1368512780941371243,1115.0,2,1.0,16,Entire home/apt
875584782031617340,426.0,2,1.0,260,Entire home/apt
1010995317729549760,1642.0,7,2.0,17,Entire home/apt
19703122,899.0,2,1.0,97,Entire home/apt
1355285251128612488,1368.0,2,2.0,0,Entire home/apt
21531006,922.0,4,1.0,219,Entire home/apt
20970909,557.0,1,1.0,86,Private room
22807632,1451.0,4,3.0,63,Entire home/apt
557458295499417920,510.0,1,1.0,79,Private room
43357263,935.0,2,1.0,2,Entire home/apt
10232974,650.0,3,1.0,34,Private room
48109551,1421.0,7,2.0,129,Entire home/apt
42916001,882.0,1,1.0,0,Private room
807202708867757186,1039.0,6,3.0,3,Entire home/apt
902897406788431827,1669.0,2,1.0,88,Private room
803772089406772844,2286.0,5,2.0,31,Entire home/apt
1330544759058511284,270.0,2,1.0,19,Private room
52427492,1010.0,6,3.0,41,Entire home/apt
1180568953378368735,376.0,2,1.0,58,Private room
1455925242949090300,444.0,1,1.0,2,Private room
1418931425127690533,855.0,4,2.0,12,Entire home/apt
1467588377259567056,881.0,4,2.0,0,Entire home/apt
1065280112656469556,1340.0,2,1.0,249,Entire home/apt
1108114413943037415,2250.0,3,2.0,2,Entire home/apt
1126002808748882505,1106.0,3,1.0,34,Private room
782804152215760560,1049.0,4,2.0,0,Entire home/apt
1309126060604333445,1639.0,6,3.0,72,Entire home/apt
1260391427696333151,1158.0,2,1.0,13,Entire home/apt
693720706687310850,1100.0,4,2.0,27,Entire home/apt
1021224025534038740,1803.0,2,2.0,44,Entire home/apt
36866291,765000.0,2,1.0,0,Private room
1435846913203157576,751.0,3,1.0,1,Private room
17421665,598.0,2,1.0,82,Private room
1125521479843558128,2848.0,4,2.0,11,Entire home/apt
22544765,886.0,2,1.0,278,Entire home/apt
22925019,814.0,4,1.0,260,Entire home/apt
1516104509236224477,1731.0,6,2.0,0,Entire home/apt
18878505,499.0,1,1.0,248,Private room
50331521,2216.0,4,2.0,226,Entire home/apt
45240631,826.0,2,1.0,45,Private room
1216772901906443560,1362.0,4,0.0,0,Entire home/apt
571855284614362045,409.0,2,1.0,10,Private room
45371347,173.0,1,1.0,6,Private room
1209639789035290977,1729.0,4,2.0,26,Entire home/apt
1242137557618244323,2598.0,2,1.0,80,Entire home/apt
44032568,520.0,4,2.0,142,Entire home/apt
712452943488297363,450.0,2,1.0,3,Private room
37462997,729.0,2,1.0,390,Entire home/apt
554996731005280127,1337.0,2,1.0,2,Entire home/apt
1435870252497625931,564.0,2,1.0,3,Private room
952891357354785194,231.0,1,1.0,1,Private room
47080420,445.0,4,1.0,65,Private room
904289658425443493,4478.0,4,2.0,9,Entire home/apt
1367429006764368165,428.0,2,1.0,44,Private room
1471365070944496531,814.0,2,1.0,6,Private room
947216370652101060,950.0,4,2.0,56,Entire home/apt
23996666,605.0,6,2.0,118,Entire home/apt
34042593,469.0,2,3.0,1,Private room
1497837326527303758,1275.0,2,1.0,3,Entire home/apt
1192688837416151715,1701.0,2,1.0,3,Private room
1256625934367415079,435.0,1,1.0,5,Private room
981377263163581277,2546.0,2,1.0,1,Private room
1442260107701569934,1378.0,2,1.0,2,Entire home/apt
867651797756535230,1260.0,5,2.0,49,Entire home/apt
1203180599462384196,1331.0,1,1.0,0,Private room
1230681778034907326,765.0,2,1.0,22,Private room
1029767812053265365,1851.0,8,3.0,40,Entire home/apt
1332199181314108363,270.0,1,1.0,10,Private room
1500173954838153757,1416.0,3,1.0,0,Private room
948161348283351269,255.0,1,1.0,20,Private room
1213909899248129915,568.0,4,1.0,85,Entire home/apt
885808518055987479,2700.0,4,2.0,0,Entire home/apt
50385346,1297.0,6,3.0,78,Entire home/apt
1395671363792154990,1343.0,3,2.0,23,Entire home/apt
47410136,1700.0,8,1.0,148,Entire home/apt
40535720,1436.0,4,1.0,107,Private room
807895522266262959,2496.0,4,2.0,132,Entire home/apt
32163399,335.0,2,1.0,2,Private room
1139288969201717005,1732.0,4,1.0,21,Entire home/apt
785615347172607622,1395.0,2,1.0,121,Entire home/apt
918072721597921863,701.0,3,1.0,28,Entire home/apt
41034061,646.0,2,1.0,188,Entire home/apt
49882466,827.0,2,1.0,95,Entire home/apt
1345091906427894308,457.0,5,1.0,15,Entire home/apt
40570665,583.0,2,0.0,28,Entire home/apt
1210488630899730444,900.0,2,1.0,68,Entire home/apt
994151562714448327,2225.0,6,1.0,6,Entire home/apt
640581885400165694,669.0,2,1.0,18,Private room
1483804263449099233,1357.0,8,3.0,2,Entire home/apt
46023042,641.0,4,2.0,113,Entire home/apt
1147267623538150615,516.0,2,1.0,0,Private room
988578837155085165,3854.0,3,2.0,18,Entire home/apt
772625299205208999,858.0,2,1.0,65,Entire home/apt
1406722872458323302,2104.0,2,1.0,3,Entire home/apt
52671280,989.0,4,2.0,41,Entire home/apt
24369561,1525.0,2,1.0,460,Entire home/apt
1277918793335437822,1805.0,8,3.0,2,Entire home/apt
929048142238061599,1540.0,10,3.0,0,Private room
602133590693486226,1216.0,4,1.0,128,Entire home/apt
1400162085582136087,150.0,3,1.0,10,Shared room
634734043879127883,7429.0,5,2.0,1,Entire home/apt
1100069630940598955,770.0,2,1.0,265,Private room
944994981535807012,1055.0,2,1.0,265,Entire home/apt
28636604,320.0,1,1.0,1,Private room
39794007,4527.0,4,2.0,107,Entire home/apt
44035705,3270.0,3,2.0,0,Entire home/apt
853035718682800812,1698.0,4,1.0,17,Private room
1015436684917612878,1301.0,5,1.0,30,Entire home/apt
847942237934394301,1509.0,4,2.0,52,Entire home/apt
34739404,1035.0,6,2.0,104,Entire home/apt
781513347411113318,1012.0,5,1.0,31,Entire home/apt
1179025181858152594,399.0,2,1.0,1,Private room
1376785033199591088,2809.0,6,2.0,19,Entire home/apt
673118487179763079,760.0,4,2.0,59,Entire home/apt
9993881,493.0,2,0.0,163,Entire home/apt
1366078007168988413,400.0,2,1.0,0,Private room
999874278792013695,1088.0,2,1.0,66,Entire home/apt
1425058224181593145,704.0,2,1.0,6,Entire home/apt
1446671976083638762,1267.0,3,1.0,4,Entire home/apt
2702917,563.0,1,0.0,21,Entire home/apt
1128199212085545866,1241.0,4,1.0,9,Entire home/apt
735460714939290476,701.0,2,1.0,117,Private room
1481254351908858963,3922.0,2,1.0,0,Private room
24188110,1240.0,4,2.0,69,Entire home/apt
24317411,827.0,2,1.0,307,Private room
862629875848509654,855.0,4,2.0,39,Entire home/apt
1395682093413920500,248.0,1,1.0,1,Private room
1035540474094444202,1372.0,2,1.0,56,Entire home/apt
46169006,824.0,3,1.0,102,Entire home/apt
1057436581860250641,25067.0,12,3.0,0,Entire home/apt
1189977737318449010,637.0,3,1.0,36,Private room
1100137214133902592,570.0,3,1.0,1,Entire home/apt
913084,743.0,4,2.0,181,Entire home/apt
1089416106319343231,517.0,3,1.0,144,Private room
31315726,692.0,4,1.0,4,Hotel room
1039379442991738898,986.0,3,2.0,23,Entire home/apt
1136898273821540267,1005.0,2,1.0,15,Entire home/apt
5171464,902.0,4,1.0,374,Entire home/apt
1274306542275401172,994.0,4,1.0,4,Entire home/apt
28640705,760.0,4,2.0,14,Entire home/apt
644300580283800938,3230.0,4,2.0,75,Entire home/apt
14917284,570.0,1,1.0,335,Private room
30043283,1883.0,3,1.0,286,Entire home/apt
1497469766367259038,3646.0,2,1.0,0,Private room
819219488119305028,765.0,2,1.0,26,Private room
1292511140060469974,1526.0,4,2.0,25,Entire home/apt
1405754617778294935,384.0,1,1.0,0,Private room
52618834,1416.0,3,3.0,83,Entire home/apt
29565637,1096.0,4,2.0,0,Entire home/apt
817344791084683632,1199.0,2,1.0,5,Private room
1436260672882430322,386.0,3,1.0,4,Private room
1015913440855106635,1625.0,2,1.0,16,Private room
39134815,3545.0,6,2.0,4,Entire home/apt
1281106460769331167,2064.0,4,1.0,42,Entire home/apt
1455453505282147719,1234.0,4,1.0,0,Entire home/apt
37605919,1764.0,4,2.0,58,Entire home/apt
30799600,360.0,1,7.0,4,Private room
838014355365580242,308.0,1,1.0,23,Private room
43884149,456.0,3,1.0,94,Entire home/apt
1000689052224527130,1252.0,4,2.0,19,Entire home/apt
1276141460364220237,2067.0,6,3.0,25,Entire home/apt
1244120883486810537,1680.0,2,1.0,73,Entire home/apt
25170031,1190.0,2,1.0,429,Entire home/apt
1463495725245573939,565.0,2,1.0,7,Private room
1387043108345302271,500.0,4,2.0,4,Entire home/apt
970980365250736539,3264.0,2,1.0,2,Entire home/apt
52437822,400.0,2,1.0,0,Private room
1464190955662187203,1318.0,2,1.0,2,Entire home/apt
15399316,366.0,1,1.0,10,Private room
1224273315590359765,450.0,4,1.0,95,Entire home/apt
7304776,422.0,5,1.0,50,Private room
1081127985453093737,1095.0,4,1.0,46,Entire home/apt
1257382873172774821,1182.0,3,1.0,21,Entire home/apt
5007117,5509.0,4,4.0,0,Entire home/apt
1489309171785798777,404.0,1,1.0,0,Private room
1487848794780452988,1055.0,2,1.0,0,Entire home/apt
26054630,1189.0,4,2.0,225,Entire home/apt
1477828902790737951,512.0,2,1.0,15,Private room
10502006,1174.0,3,1.0,244,Entire home/apt
1464718523763030728,1483.0,3,1.0,1,Entire home/apt
779933326576249581,1500.0,4,2.0,20,Entire home/apt
1335699221147359352,848.0,4,2.0,2,Entire home/apt
32428779,840.0,2,1.0,20,Private room
35940028,2046.0,5,2.0,235,Entire home/apt
556726925500893768,225.0,2,1.0,0,Private room
1055075859750840125,880.0,2,1.0,6,Private room
1501098055565256962,695.0,3,1.0,1,Private room
33331130,862.0,7,2.0,192,Entire home/apt
1403836890497612197,3962.0,4,1.0,0,Entire home/apt
1508338049528127672,1249.0,4,3.0,0,Entire home/apt
1417424690359800072,691.0,6,1.0,0,Private room
1451816512385216330,2292.0,5,3.0,2,Entire home/apt
990530046455831660,1664.0,3,1.0,1,Entire home/apt
1334177942761267372,2944.0,2,1.0,77,Entire home/apt
1147966397924991528,1534.0,4,2.0,21,Entire home/apt
1486062856014529002,1750.0,2,1.0,1,Entire home/apt
816948059999889619,2000.0,2,1.0,0,Entire home/apt
893568279061916323,4200.0,4,2.0,12,Entire home/apt
53843555,732.0,4,1.0,111,Private room
1023422219883538176,1150.0,4,2.0,10,Entire home/apt
1068844498667654042,1452.0,7,2.0,5,Entire home/apt
716526290713608865,1029.0,2,1.0,121,Entire home/apt
1354010871005917747,389.0,2,1.0,3,Private room
28719788,814.0,2,1.0,9,Private room
1411797459625080569,809.0,2,1.0,8,Entire home/apt
1479162028177989287,1026.0,2,1.0,7,Entire home/apt
748810074449791012,1104.0,8,2.0,239,Entire home/apt
1057111854092999323,1748.0,2,1.0,8,Entire home/apt
37130324,441.0,2,1.0,29,Private room
36363769,702.0,2,1.0,114,Private room
568723159459585518,1855.0,3,1.0,129,Entire home/apt
793083835148377484,1093.0,1,0.0,1,Entire home/apt
1391034715011241961,1482.0,4,2.0,1,Entire home/apt
1148047361708976933,1181.0,4,1.0,44,Entire home/apt
1346786254623277572,1253.0,5,3.0,15,Entire home/apt
1510301648628089780,1208.0,2,1.0,0,Entire home/apt
1074114422919256452,1205.0,4,1.0,103,Entire home/apt
28333602,1089.0,5,2.0,16,Entire home/apt
1289990223663620981,1390.0,3,2.0,5,Entire home/apt
809450421275577587,776.0,2,1.0,67,Private room
803199335180295012,465.0,7,2.0,47,Entire home/apt
35548527,984.0,2,1.0,237,Entire home/apt
1334897888358228752,739.0,2,1.0,7,Private room
1381153437283833520,963.0,4,2.0,18,Entire home/apt
1376314243678487844,3561.0,4,2.0,0,Entire home/apt
1281251991276283564,580.0,2,1.0,15,Private room
890111722317288907,1890.0,4,2.0,24,Entire home/apt
54165710,992.0,2,1.0,1,Entire home/apt
1419996618463802281,756.0,2,1.0,34,Private room
36037441,4500.0,4,1.0,0,Entire home/apt
23505336,750.0,1,1.0,11,Private room
29059482,1322.0,3,1.0,77,Entire home/apt
758766463313304614,763.0,4,0.0,136,Entire home/apt
38780248,868.0,2,1.0,97,Entire home/apt
45548127,16361.0,4,2.0,0,Entire home/apt
3944872,1323.0,2,1.0,85,Entire home/apt
11535270,2150.0,2,1.0,85,Entire home/apt
1211861077165785472,2394.0,4,2.0,33,Entire home/apt
42469814,1180.0,4,2.0,153,Entire home/apt
19302483,1037.0,2,1.0,291,Entire home/apt
53219374,8198.0,6,2.0,22,Entire home/apt
818294252002031241,1498.0,4,1.0,36,Entire home/apt
752774439589678185,1500.0,3,1.0,2,Entire home/apt
15554178,1318.0,2,1.0,11,Private room
1364647718321288551,755.0,2,1.0,8,Private room
1045033445408147023,1301.0,2,1.0,27,Entire home/apt
603822560772815280,1584.0,6,2.0,118,Entire home/apt
716025034710143922,792.0,2,1.0,36,Entire home/apt
1292364780114662366,2436.0,10,5.0,3,Entire home/apt
805783832283013697,1240.0,3,1.0,3,Entire home/apt
1299690677092334838,821.0,5,2.0,11,Entire home/apt
1274608131817499116,2090.0,6,3.0,34,Entire home/apt
588639002862343008,550.0,3,1.0,30,Private room
918672390854182877,540.0,2,1.0,48,Private room
1366028416458476620,1080.0,4,2.0,16,Entire home/apt
1350226038985123463,3017.0,4,2.0,5,Entire home/apt
7367265,3274.0,4,2.0,223,Entire home/apt
1285589275288405733,447.0,1,1.0,5,Private room
46508520,1484.0,2,1.0,24,Entire home/apt
947792677512707552,3018.0,8,3.0,70,Entire home/apt
16588711,2251.0,4,2.0,329,Entire home/apt
1434435573113193122,1582.0,5,2.0,8,Entire home/apt
32524460,1032.0,4,1.0,85,Private room
1073799414403707668,659.0,2,1.0,5,Private room
1288513129969340252,4500.0,2,1.0,0,Private room
934842581628815699,1542.0,2,1.0,25,Private room
30940030,1300.0,2,1.0,81,Entire home/apt
727580637058153870,1019.0,2,1.0,255,Entire home/apt
1097913153349999436,722.0,5,2.0,52,Entire home/apt
613669123331321128,957.0,3,1.0,223,Entire home/apt
1323335356935340256,1118.0,6,2.0,18,Entire home/apt
1360202177806420716,1200.0,2,1.0,18,Private room
1337256204812663124,720.0,1,1.0,0,Private room
1179059246825408901,355.0,1,4.0,23,Private room
33616479,650.0,4,2.0,114,Entire home/apt
33476904,1152.0,4,2.0,6,Entire home/apt
1366373544081418448,635.0,2,1.0,0,Private room
821173087239198788,488.0,2,1.0,182,Private room
950740555715596034,780.0,4,2.0,51,Entire home/apt
1187612747034614359,926.0,2,1.0,11,Entire home/apt
1148018656320089656,1080.0,6,2.0,24,Entire home/apt
43055019,1060.0,2,1.0,330,Entire home/apt
50620673,822.0,4,1.0,261,Private room
53125458,550.0,3,1.0,82,Private room
841504301029968671,1695.0,6,2.0,46,Entire home/apt
1440797615961954884,1103.0,3,1.0,6,Entire home/apt
707173031440315199,1620.0,2,1.0,4,Entire home/apt
1005763991988527524,582.0,2,1.0,81,Entire home/apt
1009053176804170241,1478.0,2,1.0,0,Private room
1276065097688960913,1224.0,2,1.0,17,Entire home/apt
580657469997761206,707.0,2,1.0,37,Private room
863180984181188292,1832.0,8,3.0,99,Entire home/apt
528873474767139787,975.0,4,1.0,70,Entire home/apt
1361857284456372793,524.0,1,1.0,0,Private room
26868481,2633.0,4,2.0,10,Private room
626603571440447828,1948.0,2,1.0,6,Private room
568757161203592942,2000.0,4,2.0,89,Entire home/apt
31710646,942.0,4,1.0,238,Entire home/apt
926216850756691375,610.0,2,1.0,131,Entire home/apt
1138645822870869341,762.0,3,1.0,54,Entire home/apt
12333007,3170.0,4,2.0,11,Entire home/apt
2546210,250.0,1,1.0,3,Private room
766927438240442671,1328.0,5,3.0,59,Entire home/apt
40011514,373.0,1,1.0,46,Private room
22828751,324.0,2,1.0,183,Private room
53172661,690.0,4,1.0,29,Private room
47818189,810.0,4,1.0,54,Entire home/apt
6705400,198.0,1,1.0,20,Private room
793283545277229637,830.0,6,2.0,67,Entire home/apt
43857083,1143.0,2,1.0,27,Entire home/apt
1450742394103445023,3112.0,6,0.0,0,Entire home/apt
1048033154154470443,813.0,2,1.0,49,Entire home/apt
979893046048714286,6890.0,3,1.0,22,Entire home/apt
942280707550837953,903.0,4,0.0,4,Private room
1087157332006222338,1048.0,2,1.0,80,Entire home/apt
49630657,347.0,1,1.0,161,Entire home/apt
45774115,1358.0,6,3.0,96,Entire home/apt
1446641542157895049,508.0,1,1.0,3,Private room
1084738216205832784,1884.0,4,2.0,37,Entire home/apt
44613049,1736.0,4,2.0,1,Entire home/apt
1039191623771058144,5199.0,16,8.0,5,Entire home/apt
1176174292360564850,632.0,3,1.0,49,Entire home/apt
37627725,755.0,4,0.0,431,Entire home/apt
963853265910639550,1141.0,2,1.0,59,Entire home/apt
7894906,1184.0,3,1.0,2,Entire home/apt
41818414,866.0,2,1.0,200,Entire home/apt
852390937519413443,1629.0,5,2.0,129,Entire home/apt
697823787303499866,1150.0,5,3.0,106,Entire home/apt
48900167,718.0,2,1.0,65,Entire home/apt
1070694519148657013,1628.0,4,2.0,27,Entire home/apt
33344402,782.0,2,1.0,14,Private room
48569698,1030.0,5,2.0,57,Entire home/apt
685266689152477655,1205.0,6,2.0,136,Entire home/apt
44962130,2008.0,2,1.0,24,Private room
26782892,1776.0,4,2.0,243,Entire home/apt
1475491135309789112,19400.0,2,1.0,7,Private room
1230038127635174346,6386.0,12,6.0,10,Entire home/apt
1312463880390948304,10286.0,9,4.0,13,Entire home/apt
1322682715046421759,702.0,1,1.0,5,Private room
50241278,729.0,2,1.0,168,Entire home/apt
1033655449750614160,360.0,1,1.0,53,Private room
1139352904812664911,357.0,1,1.0,19,Private room
1511229926390677477,4611.0,6,3.0,0,Entire home/apt
18851992,779.0,4,2.0,84,Entire home/apt
1455088840323111928,2029.0,2,1.0,0,Private room
11923569,862.0,4,1.0,274,Entire home/apt
1392170906685269417,1296.0,6,2.0,7,Entire home/apt
46329618,2792.0,4,1.0,5,Private room
52548433,8413.0,10,3.0,66,Entire home/apt
1165199553866382528,654.0,1,1.0,0,Private room
758000767508171759,1199.0,2,1.0,22,Entire home/apt
29521450,1070.0,4,1.0,90,Entire home/apt
913169491281896340,2045.0,2,1.0,31,Entire home/apt
21531719,354.0,2,1.0,31,Private room
15855072,2266.0,4,2.0,129,Entire home/apt
50830549,313.0,1,1.0,316,Private room
1047097827459378803,463.0,2,1.0,8,Private room
802851562174940124,984.0,2,1.0,64,Private room
32498281,1218.0,3,1.0,58,Entire home/apt
1193477548582321676,1791.0,2,1.0,3,Private room
1329196806558080536,1574.0,2,1.0,58,Entire home/apt
760807360709334350,616.0,4,2.0,1,Private room
1061790102728342245,183.0,4,1.0,5,Shared room
602968056473691152,2802.0,4,2.0,102,Entire home/apt
1233677341426775383,410.0,2,1.0,44,Entire home/apt
41715689,973.0,3,1.0,19,Entire home/apt
638544820856011366,600.0,2,1.0,5,Private room
1359549270034520189,1116.0,4,2.0,10,Entire home/apt
1450841941007520768,1818.0,2,1.0,2,Private room
613204716212210164,1042.0,4,1.0,70,Entire home/apt
1416853948113613873,1726.0,4,2.0,2,Entire home/apt
1182129504311879577,4385.0,12,6.0,38,Entire home/apt
1273313113848377045,1148.0,2,1.0,14,Private room
47787828,1160.0,4,2.0,86,Entire home/apt
932614417864105360,1047.0,4,2.0,79,Entire home/apt
49849308,2436.0,3,2.0,6,Entire home/apt
45565936,421.0,2,1.0,22,Private room
661687206870109777,648.0,2,1.0,533,Entire home/apt
973885879619610603,855.0,2,1.0,31,Private room
10686291,1663.0,2,1.0,200,Entire home/apt
1426516106279919275,1662.0,4,2.0,4,Entire home/apt
1399421622643662917,362.0,2,1.0,9,Private room
1428238102332842528,3143.0,4,2.0,0,Entire home/apt
1096552657018268503,2262.0,4,1.0,37,Entire home/apt
1187111804202386362,493.0,4,1.0,31,Entire home/apt
1425550124555258992,780.0,3,2.0,1,Entire home/apt
1475630323954004542,159200.0,16,7.0,0,Entire home/apt
636805687184113461,2044.0,4,2.0,90,Entire home/apt
787099994610822032,807.0,4,1.0,152,Entire home/apt
1350814930148631730,1264.0,2,1.0,12,Entire home/apt
23966299,1806.0,4,2.0,96,Entire home/apt
1147028804678837911,1028.0,2,1.0,0,Entire home/apt
45411435,742.0,2,1.0,167,Entire home/apt
1473303990128300750,491.0,2,1.0,0,Private room
985672841519910624,2811.0,3,1.0,2,Entire home/apt
1446491029462162184,1307.0,7,1.0,10,Entire home/apt
1042261458887999957,1107.0,2,1.0,18,Entire home/apt
15172326,1100.0,2,1.0,27,Entire home/apt
945079719175330024,960.0,2,1.0,139,Entire home/apt
861879464784852807,783.0,2,1.0,93,Entire home/apt
1200788927306913123,478.0,2,1.0,121,Private room
1430570665532510109,961.0,2,1.0,12,Entire home/apt
1059720276046368934,466.0,2,1.0,92,Entire home/apt
565207661736258430,1310.0,2,1.0,91,Private room
18152564,600.0,3,2.0,37,Entire home/apt
1446696569724191555,307.0,2,1.0,0,Private room
1415254385389732745,1246.0,2,1.0,19,Entire home/apt
1016226865894580097,629.0,2,1.0,64,Entire home/apt
1031932989806163728,962.0,2,1.0,18,Entire home/apt
1006056592038056479,3741.0,6,3.0,24,Entire home/apt
873892522453300686,943.0,6,2.0,110,Entire home/apt
1316091927570945207,1840.0,4,1.0,0,Entire home/apt
12152011,1181.0,3,2.0,24,Entire home/apt
806457977399883592,1984.0,4,2.0,48,Entire home/apt
32840588,2064.0,3,2.0,181,Entire home/apt
681091737114812977,461.0,2,1.0,16,Private room
37721233,415.0,1,1.0,123,Hotel room
1006158693022704452,3430.0,6,3.0,18,Entire home/apt
785557873770963831,1828.0,2,1.0,145,Entire home/apt
1375568589282985769,789.0,1,1.0,0,Private room
978301524842253683,2283.0,3,1.0,7,Entire home/apt
1184579542344202709,2856.0,6,3.0,5,Entire home/apt
858954041280416101,476.0,1,1.0,1,Private room
1500910379178079893,562.0,2,1.0,3,Entire home/apt
44793046,307.0,2,1.0,11,Private room
35468216,380.0,1,1.0,12,Private room
33808366,2154.0,6,3.0,0,Entire home/apt
1292510701708590161,1239.0,2,1.0,20,Entire home/apt
1194515277400516975,3325.0,6,3.0,32,Entire home/apt
50657738,1292.0,2,1.0,41,Entire home/apt
42694349,1016.0,5,2.0,68,Entire home/apt
1026157042066920075,1060.0,4,1.0,38,Entire home/apt
1148041138487906353,4207.0,6,2.0,23,Entire home/apt
33465702,495.0,2,1.0,8,Private room
781224433062403679,712.0,2,1.0,8,Private room
1490838013818926555,469.0,2,1.0,5,Private room
826187448402020874,643.0,4,2.0,159,Entire home/apt
26280733,350.0,1,1.0,0,Private room
1090238315813607578,656.0,5,2.0,24,Entire home/apt
1398182099525926964,978.0,2,1.0,52,Private room
1348093371748251746,3239.0,8,2.0,0,Entire home/apt
16622843,1869.0,4,2.0,49,Entire home/apt
1153713414832449305,4583.0,4,2.0,26,Entire home/apt
548757032555079519,500.0,1,1.0,0,Private room
31102638,236.0,2,1.0,8,Private room
892946758099248183,1265.0,4,2.0,30,Entire home/apt
981827582689796647,3832.0,9,3.0,71,Entire home/apt
18570983,583.0,2,1.0,62,Private room
578141453459958302,878.0,5,2.0,138,Entire home/apt
1381928746707699746,1069.0,4,1.0,13,Private room
1005838036845837601,1370.0,5,2.0,21,Entire home/apt
900745399412357215,650.0,1,1.0,4,Private room
1195159898332431404,1365.0,7,3.0,35,Entire home/apt
1451742708208164568,3329.0,6,3.0,20,Entire home/apt
37452065,3337.0,4,2.0,335,Entire home/apt
1356587974949017418,749.0,2,1.0,5,Private room
37537744,2127.0,6,2.0,30,Entire home/apt
49346479,400.0,2,0.0,116,Entire home/apt
1015957215237593577,2266.0,6,3.0,9,Entire home/apt
1201685785085531840,807.0,2,1.0,463,Entire home/apt
49871435,5240.0,15,0.0,74,Entire home/apt
1111818825116135740,715.0,1,1.0,17,Private room
1385235832458152421,608.0,10,2.0,5,Entire home/apt
1331598280539890585,296.0,2,1.0,0,Entire home/apt
1099372802513077475,939.0,6,2.0,126,Entire home/apt
1002936781449577411,700.0,3,1.0,0,Private room
13971523,552.0,1,1.0,0,Private room
1492299654286333704,1565.0,16,8.0,0,Entire home/apt
1381980171812399685,360.0,2,1.0,4,Private room
7894770,3849.0,16,5.0,7,Entire home/apt
39113387,240.0,1,1.0,16,Private room
30353303,473.0,2,1.0,73,Entire home/apt
1444953668890860244,783.0,2,1.0,3,Private room
51984334,24280.0,4,2.0,12,Entire home/apt
1179335028845109123,1563.0,6,3.0,57,Entire home/apt
1077809842756919302,813.0,8,1.0,9,Shared room
781309564168115674,814.0,4,2.0,129,Entire home/apt
847883635215456462,630.0,1,1.0,2,Private room
904122197908890864,907.0,2,1.0,4,Private room
32161534,500.0,1,1.0,5,Private room
899459043133843652,279.0,1,1.0,108,Private room
542830461311974845,1101.0,3,1.0,80,Entire home/apt
899915788362154625,1296.0,2,1.0,2,Private room
51188017,664.0,4,2.0,68,Entire home/apt
1356104561544629585,265.0,1,1.0,23,Shared room
1460255799753013591,2100.0,8,3.0,17,Entire home/apt
51735565,1606.0,9,3.0,203,Entire home/apt
1482364742819396361,1610.0,4,3.0,0,Entire home/apt
12310042,1164.0,3,1.0,55,Entire home/apt
33047266,284.0,2,1.0,24,Private room
1110476196225464525,252.0,1,1.0,0,Private room
39897546,1203.0,2,1.0,362,Entire home/apt
968843025204260426,2700.0,4,2.0,86,Entire home/apt
1137805147850001254,1229.0,3,1.0,3,Entire home/apt
1355318653521353573,909.0,2,1.0,9,Entire home/apt
51965674,1265.0,4,2.0,230,Entire home/apt
45253123,1321.0,2,1.0,33,Entire home/apt
31105675,415.0,3,1.0,166,Entire home/apt
50103834,2071.0,7,3.0,35,Entire home/apt
891797735576140882,1704.0,4,2.0,11,Entire home/apt
36604351,822.0,3,1.0,226,Entire home/apt
1369100512526262607,915.0,4,1.0,1,Entire home/apt
26874973,659.0,6,1.0,695,Entire home/apt
863837563166929042,252.0,1,1.0,0,Private room
676781049887444731,520.0,2,1.0,2,Private room
681890309719600246,909.0,2,1.0,34,Entire home/apt
25283788,1876.0,2,1.0,44,Entire home/apt
1183625885067773823,1372.0,4,2.0,67,Entire home/apt
35123198,668.0,2,1.0,0,Private room
1243040398948715768,634.0,2,1.0,7,Entire home/apt
1428005911375395197,530.0,4,1.0,1,Private room
13635040,410.0,1,1.0,237,Private room
968981705483868287,1462.0,2,1.0,28,Entire home/apt
1340016326956620305,501.0,2,1.0,10,Private room
628384048499346243,572.0,4,1.0,31,Entire home/apt
16651177,395.0,2,1.0,117,Private room
1248578940233457703,810.0,2,1.0,69,Entire home/apt
572713044446453918,691.0,1,1.0,1,Private room
1152641676724452284,1372.0,2,2.0,0,Entire home/apt
572700345176072349,606.0,3,1.0,11,Private room
41916860,191.0,3,1.0,1,Entire home/apt
1101542591867453092,1229.0,3,1.0,79,Entire home/apt
1184051752569881475,441.0,1,1.0,0,Private room
1507503000034679281,1361.0,2,1.0,1,Entire home/apt
1227066109075178197,439.0,2,1.0,27,Entire home/apt
54277536,1374.0,2,1.0,45,Entire home/apt
1468998598593548525,416.0,2,1.0,0,Private room
32576003,630.0,2,1.0,16,Entire home/apt
1270431992601263094,1269.0,2,1.0,18,Entire home/apt
1137011443023025841,2340.0,4,2.0,72,Entire home/apt
663146017066546869,2101.0,6,2.0,77,Entire home/apt
22507191,1178.0,6,2.0,344,Entire home/apt
1323441529556509457,1089.0,4,1.0,14,Entire home/apt
1364615297274645085,1306.0,2,1.0,3,Entire home/apt
45457085,331.0,1,0.0,6,Private room
36451074,700.0,5,2.0,75,Entire home/apt
1331372941157800389,1612.0,3,1.0,20,Entire home/apt
40864223,952.0,3,1.0,178,Entire home/apt
1476241410730534240,1521.0,4,2.0,2,Entire home/apt
1201634630385235052,879.0,2,1.0,62,Entire home/apt
34123530,1220.0,6,3.0,163,Entire home/apt
53234662,849.0,4,2.0,25,Entire home/apt
1307670695412780667,1212.0,2,1.0,0,Entire home/apt
960339567440897397,341.0,1,1.0,4,Private room
36334521,1009.0,3,1.0,300,Entire home/apt
1402646637664028745,585.0,2,0.0,0,Private room
684752349966321866,4464.0,2,1.0,0,Entire home/apt
1269713071400362868,1743.0,4,2.0,9,Entire home/apt
38357708,972.0,2,1.0,56,Private room
34023420,580.0,2,0.0,125,Private room
603727389924900623,921.0,2,1.0,18,Private room
1216759307834180064,2200.0,4,2.0,56,Entire home/apt
49596414,463.0,2,1.0,160,Private room
1446572940855335031,1018.0,3,1.0,0,Entire home/apt
1117355369061158477,925.0,4,2.0,108,Entire home/apt
878839793319471368,1800.0,6,2.0,155,Entire home/apt
1200276738365432603,1285.0,4,2.0,23,Entire home/apt
16839082,1269.0,4,1.0,11,Private room
29038935,748.0,2,1.0,108,Private room
626805713768611195,970.0,2,1.0,115,Private room
688527736425611965,1943.0,2,1.0,222,Private room
52719700,650.0,2,1.0,87,Entire home/apt
27254320,682.0,4,1.0,190,Entire home/apt
1460553544755968706,1467.0,7,2.0,10,Entire home/apt
14070171,1243.0,2,0.0,179,Entire home/apt
1505338355163162443,1208.0,5,2.0,1,Entire home/apt
38928618,717.0,2,0.0,297,Entire home/apt
889257161614113138,1877.0,4,2.0,0,Entire home/apt
35682269,358.0,2,1.0,6,Private room
808725838051246545,2040.0,4,2.0,57,Entire home/apt
53968476,714.0,10,2.0,298,Entire home/apt
1457464447809425081,1012.0,4,1.0,8,Entire home/apt
569548509433069598,2193.0,5,2.0,82,Entire home/apt
1064497084796565197,817.0,4,1.0,56,Entire home/apt
963027367776090939,931.0,5,1.0,51,Entire home/apt
49425973,401.0,4,2.0,65,Entire home/apt
40589726,895.0,3,0.0,161,Entire home/apt
1216282434477712242,1858.0,3,1.0,46,Entire home/apt
919072506853400890,557.0,1,1.0,0,Private room
15131080,184.0,2,1.0,3,Private room
27607824,1172.0,6,2.0,265,Entire home/apt
727742819088251641,830.0,4,2.0,120,Entire home/apt
1249409562471803761,1263.0,3,1.0,16,Entire home/apt
835490419515426513,185.0,1,1.0,0,Private room
54256991,1174.0,6,2.0,165,Entire home/apt
1151592607080878110,1359.0,4,1.0,19,Entire home/apt
35154909,1698.0,5,3.0,92,Entire home/apt
608165653660790355,2081.0,4,2.0,49,Entire home/apt
1273618549586161204,1988.0,4,2.0,42,Entire home/apt
42967099,1273.0,9,5.0,152,Entire home/apt
1440923951748633832,2592.0,5,3.0,4,Entire home/apt
1212695506778240902,1095.0,14,2.0,7,Entire home/apt
11659979,1023.0,2,1.0,168,Entire home/apt
46137888,25211.0,4,2.0,59,Entire home/apt
29152492,1569.0,5,2.0,459,Entire home/apt
1156639132070249473,389.0,3,1.0,35,Private room
1461742797181531134,681.0,2,1.0,0,Private room
45482085,1536.0,2,1.0,45,Entire home/apt
719761630825339749,1116.0,3,1.0,41,Private room
30292797,1342.0,4,1.0,263,Entire home/apt
1442211525445923895,4722.0,4,2.0,0,Entire home/apt
608118686427892399,375.0,2,1.0,72,Private room
1323266489308403008,902.0,2,1.0,8,Private room
47918030,231.0,2,1.0,15,Private room
985843725546610529,1258.0,3,1.0,72,Entire home/apt
924523865724655638,721.0,2,1.0,0,Private room
47121548,1315.0,14,3.0,7,Entire home/apt
42618382,4304.0,14,3.0,16,Entire home/apt
988645257100574643,3389.0,3,2.0,2,Entire home/apt
836971997445511016,1034.0,1,1.0,16,Private room
837642386306577956,536.0,1,1.0,46,Private room
1238385758778050416,874.0,3,1.0,59,Entire home/apt
1441550356672077469,1665.0,2,1.0,0,Private room
1425469587614796957,686.0,3,1.0,28,Entire home/apt
33946223,1508.0,6,3.0,207,Entire home/apt
32184927,978.0,4,2.0,338,Entire home/apt
706345378979934282,1860.0,4,2.0,15,Entire home/apt
1090308213198165559,1771.0,2,0.0,30,Entire home/apt
27484911,10108.0,2,1.0,3,Entire home/apt
1377208979848280469,1158.0,2,1.0,63,Entire home/apt
866661844459937721,503.0,2,1.0,91,Entire home/apt
1500903259453126757,661.0,2,1.0,3,Private room
22067586,990.0,2,1.0,315,Entire home/apt
1313891371648518698,3157.0,2,1.0,3,Entire home/apt
1024926746565817394,1596.0,4,2.0,41,Entire home/apt
1463910950758683722,789.0,2,1.0,2,Entire home/apt
29007912,665.0,2,1.0,143,Private room
988585457886122087,311.0,2,1.0,111,Private room
707616800728481501,10500.0,8,4.0,125,Entire home/apt
1270474142612142356,1293.0,2,1.0,59,Private room
1372591588041520964,1393.0,5,2.0,11,Entire home/apt
1421257937031758044,7659.0,4,1.0,5,Entire home/apt
1157464869623008714,2040.0,3,1.0,62,Entire home/apt
40112550,656.0,2,1.0,3,Entire home/apt
14612217,1429.0,4,2.0,14,Entire home/apt
1475008718966386720,784.0,4,1.0,2,Entire home/apt
1444955498080409025,3230.0,4,2.0,2,Entire home/apt
1181996437030295783,734464.0,2,1.0,0,Private room
1178397538519890224,444.0,2,1.0,96,Private room
600032698993459962,3299.0,9,3.0,29,Entire home/apt
628894805472626624,685.0,1,1.0,30,Entire home/apt
1187053917864461821,684.0,2,1.0,34,Private room
900888474297677445,1035.0,2,1.0,39,Entire home/apt
50527312,2565.0,5,2.0,12,Entire home/apt
1272657515678026260,1077.0,2,1.0,17,Entire home/apt
1479164701336347165,1026.0,2,1.0,5,Entire home/apt
938302580353161256,2250.0,6,3.0,45,Entire home/apt
1277178602174187233,1444.0,4,2.0,0,Entire home/apt
1470357792825634965,2217.0,3,1.0,5,Entire home/apt
27088830,279.0,2,1.0,499,Private room
617334886395128057,6098.0,6,3.0,83,Entire home/apt
1183076092026669280,6080.0,4,1.0,1,Private room
600194877009397891,2720.0,6,3.0,132,Entire home/apt
1222687261302425412,2279.0,2,1.0,1,Entire home/apt
12621086,1883.0,2,1.0,10,Private room
1248869421118306111,1135.0,2,1.0,16,Entire home/apt
1326373313759039604,760.0,2,1.0,1,Entire home/apt
1019122979962123256,673.0,2,1.0,161,Private room
1079725024642463226,767.0,3,2.0,67,Entire home/apt
1031875537589337016,673.0,2,1.0,116,Private room
1306572780383009964,1383.0,2,1.0,0,Entire home/apt
709560963176912332,963.0,4,2.0,83,Entire home/apt
763951281699484182,839.0,3,1.0,124,Entire home/apt
49488595,747.0,2,1.0,65,Entire home/apt
12832308,959.0,2,1.0,54,Entire home/apt
1491015720842165542,781.0,4,1.0,2,Entire home/apt
1242981290349555873,670.0,2,1.0,35,Private room
1137799586700353992,1224.0,3,1.0,10,Entire home/apt
1399537425235045180,1220.0,4,2.0,25,Entire home/apt
1353329440441409458,231.0,2,1.0,56,Private room
48111186,1550.0,4,2.0,3,Entire home/apt
1174736574042474658,281.0,2,1.0,5,Private room
571106821484253928,1805.0,3,1.0,35,Entire home/apt
1091319465382212354,288.0,1,1.0,13,Entire home/apt
1233586381055636940,1169.0,2,1.0,5,Entire home/apt
45632857,2008.0,2,1.0,236,Private room
1481529158260125182,860.0,2,1.0,2,Entire home/apt
1130669511690707674,503.0,1,1.0,0,Private room
1516238692170425103,1589.0,5,2.0,0,Entire home/apt
53545741,2211.0,4,2.0,74,Entire home/apt
621708243762204671,1066.0,5,2.0,130,Entire home/apt
724165302064923392,600.0,1,1.0,1,Private room
1134862199504346382,675.0,1,1.0,2,Private room
46794024,1457.0,4,2.0,70,Entire home/apt
1518388105556721163,260.0,1,1.0,0,Private room
544036911931653681,1146.0,2,2.0,5,Private room
17286992,618.0,2,1.0,26,Private room
999890800429019427,6572.0,2,1.0,2,Entire home/apt
931378559821851085,1619.0,6,2.0,75,Entire home/apt
1409511989674248279,1056.0,4,3.0,4,Entire home/apt
51748648,3706.0,5,3.0,103,Entire home/apt
842313972594235638,4072.0,4,2.0,130,Entire home/apt
633614594129623802,672.0,2,1.0,4,Private room
1487765493329706328,1628.0,3,2.0,6,Entire home/apt
669804703292732244,1025.0,4,1.0,123,Entire home/apt
1393044024193514396,600.0,2,1.0,4,Entire home/apt
1502675489559454160,1492.0,3,1.0,5,Entire home/apt
1367741873527629069,592.0,2,1.0,6,Private room
42757855,842.0,2,1.0,59,Private room
694306914882550650,1750.0,6,2.0,19,Entire home/apt
19247387,4937.0,8,4.0,4,Entire home/apt
12663534,1733.0,2,1.0,67,Entire home/apt
861688812482885441,1044.0,4,2.0,5,Entire home/apt
816478632111377637,3972.0,10,5.0,82,Entire home/apt
20410691,1878.0,4,3.0,4,Entire home/apt
1152965276152245205,2519.0,5,3.0,50,Entire home/apt
26531118,2146.0,6,2.0,61,Entire home/apt
51688067,500.0,2,1.0,131,Entire home/apt
50875426,695.0,2,0.0,166,Entire home/apt
40674520,348.0,2,1.0,36,Private room
13002358,990.0,2,1.0,16,Entire home/apt
1221743917376778460,832.0,6,2.0,21,Entire home/apt
615077337654951092,3541.0,6,3.0,62,Entire home/apt
1424233490377580186,637.0,2,1.0,0,Private room
1206610310438318736,1203.0,4,1.0,12,Entire home/apt
386265,291.0,1,1.0,22,Private room
23958598,2000.0,2,1.0,14,Hotel room
31441713,617.0,2,2.0,75,Entire home/apt
52843255,811.0,3,1.0,141,Entire home/apt
43223251,1078.0,4,1.0,0,Private room
998147768752279156,371.0,4,1.0,1,Private room
51455238,2213.0,4,1.0,71,Entire home/apt
1371188045830348649,1095.0,5,2.0,11,Entire home/apt
892277603072651103,1298.0,4,1.0,42,Entire home/apt
835608698816279661,484.0,2,1.0,126,Private room
1012261172021460400,3568.0,6,3.0,106,Entire home/apt
1445822020870023815,521.0,2,1.0,5,Private room
945031739315040679,13028.0,16,7.0,79,Entire home/apt
50290783,1140.0,2,1.0,45,Entire home/apt
31662783,683.0,5,2.0,48,Entire home/apt
1200307442953205339,828.0,2,1.0,78,Entire home/apt
32083656,1160.0,3,2.0,150,Entire home/apt
779019598893232384,864.0,5,2.0,200,Entire home/apt
7483509,466.0,1,1.0,230,Private room
823266884482588502,1415.0,8,3.0,31,Entire home/apt
874669255580987386,864.0,4,2.0,4,Entire home/apt
40633263,480.0,1,1.0,44,Private room
640510038525267582,4272.0,5,2.0,2,Private room
1196328176650249844,24684.0,6,3.0,5,Entire home/apt
19962212,7600.0,2,1.0,179,Entire home/apt
1466057496112708701,1036.0,2,1.0,13,Private room
16637389,1595.0,4,2.0,279,Entire home/apt
39447571,2977.0,4,2.0,17,Entire home/apt
983330367388573743,2928.0,4,2.0,47,Entire home/apt
1455853640144269050,1124.0,2,1.0,5,Entire home/apt
32354989,1045.0,2,1.0,108,Entire home/apt
1433082985255085728,1208.0,2,1.0,71,Entire home/apt
929296159407394050,1174.0,4,2.0,1,Entire home/apt
18177273,622.0,3,1.0,119,Entire home/apt
919494301977738161,978.0,4,2.0,12,Entire home/apt
1314707015244722676,324.0,2,1.0,51,Private room
50291738,1139.0,2,1.0,7,Entire home/apt
846656843979138778,992.0,3,2.0,3,Entire home/apt
1217411034178282927,2250.0,5,3.0,12,Entire home/apt
1081302778076143757,400.0,1,1.0,0,Private room
23354505,10000.0,5,2.0,10,Entire home/apt
21294848,720.0,4,2.0,0,Entire home/apt
1112252256381182913,540.0,2,1.0,20,Private room
54090688,1267.0,4,2.0,68,Entire home/apt
39913281,1222.0,4,2.0,176,Entire home/apt
43137173,632.0,2,1.0,18,Entire home/apt
579722445843549845,1148.0,4,2.0,21,Entire home/apt
1134787524788245656,794.0,4,2.0,2,Private room
913814672332132075,786.0,1,1.0,0,Private room
9960081,405.0,1,1.0,15,Private room
30593315,1000.0,4,2.0,262,Entire home/apt
1492173274618358428,1306.0,2,1.0,1,Entire home/apt
863154486464181309,1375.0,4,1.0,6,Entire home/apt
22503312,372.0,1,1.0,294,Private room
877758806818071583,940.0,2,1.0,14,Entire home/apt
862455374074373855,1553.0,2,1.0,62,Entire home/apt
28712366,1647.0,4,2.0,29,Entire home/apt
589957317959057803,497.0,2,1.0,162,Entire home/apt
53353430,2170.0,6,2.0,159,Entire home/apt
1329030851971843301,900.0,4,1.0,0,Entire home/apt
1342149395143894697,314.0,1,1.0,74,Shared room
1405963779865353452,2520.0,6,2.0,2,Entire home/apt
17425531,539.0,2,1.0,139,Private room
48398471,490.0,2,0.0,112,Entire home/apt
44801959,2571.0,2,1.0,154,Entire home/apt
49228825,960.0,2,1.0,20,Entire home/apt
1127793605803843936,1248.0,2,1.0,37,Entire home/apt
1096802688133696711,4915.0,6,3.0,36,Entire home/apt
761752475490509690,935.0,2,1.0,29,Entire home/apt
52028059,1629.0,2,1.0,80,Entire home/apt
1415342113650711839,252.0,1,1.0,10,Shared room
1296003958269237063,1188.0,2,1.0,0,Entire home/apt
1096025272566494932,728.0,2,1.0,19,Private room
641994961570036040,593.0,2,1.0,107,Entire home/apt
45625288,307.0,2,1.0,1,Private room
860215391344810828,1872.0,7,2.0,123,Entire home/apt
1192813416253691191,1791.0,4,1.0,14,Private room
19160175,1028.0,2,1.0,487,Entire home/apt
1514095069331341051,442.0,3,1.0,0,Entire home/apt
1471132212470190279,960.0,3,1.0,11,Entire home/apt
45133438,1010.0,4,6.0,0,Entire home/apt
30047376,2800.0,4,2.0,0,Private room
1210898885189048037,1303.0,2,1.0,11,Entire home/apt
1186369902520446346,790.0,6,2.0,81,Entire home/apt
52934785,1350.0,1,2.0,1,Private room
919780730823507230,910.0,2,1.0,51,Entire home/apt
37774747,873.0,4,1.0,38,Entire home/apt
1098621116906200278,432.0,3,1.0,0,Private room
713115805103354971,474.0,3,1.0,111,Entire home/apt
856668430043912004,543.0,2,1.0,32,Private room
993486937357514137,1111.0,3,1.0,52,Entire home/apt
1474153514764888997,2340.0,6,2.0,8,Entire home/apt
1394456497929764970,425.0,4,1.0,2,Private room
1477805964364293463,1234.0,4,2.0,18,Entire home/apt
961601876878055431,457.0,1,1.0,0,Private room
39926188,7315.0,2,1.0,0,Private room
1478510046938195406,656.0,2,1.0,0,Private room
53032258,900.0,4,2.0,54,Entire home/apt
802940045888516213,1403.0,4,1.0,96,Entire home/apt
3183133,1012.0,1,0.0,70,Entire home/apt
1266204111718365775,450.0,1,1.0,0,Private room
1437750100083874392,1053.0,2,1.0,1,Private room
695693213615485522,1804.0,4,2.0,70,Entire home/apt
1025368816079669041,630.0,2,1.0,68,Entire home/apt
16885297,791.0,2,1.0,195,Entire home/apt
1326623868924139006,961.0,2,1.0,29,Private room
688617715491056375,6034.0,15,4.0,83,Entire home/apt
1021201401528540561,1065.0,4,2.0,43,Entire home/apt
1485637350608578334,650.0,4,1.0,0,Private room
46969929,695.0,5,1.0,68,Entire home/apt
38331301,182.0,1,1.0,3,Private room
1082661210283547070,1442.0,5,2.0,41,Entire home/apt
1241306976494436310,968.0,6,3.0,32,Entire home/apt
13145319,1250.0,3,1.0,108,Entire home/apt
825670179394120072,1636.0,10,3.0,28,Entire home/apt
1072707298875687984,5771.0,7,3.0,26,Entire home/apt
1334852008777456831,1209.0,2,1.0,1,Private room
1137190270129298868,3294.0,7,3.0,64,Entire home/apt
913001445269203386,781.0,5,1.0,1,Entire home/apt
523247194703480719,765.0,2,1.0,144,Entire home/apt
1468174301400058578,3402.0,5,2.0,5,Entire home/apt
1355227121145939830,360.0,2,1.0,0,Private room
951392911933836379,296.0,2,1.0,100,Private room
1079072069999339455,1161.0,5,2.0,15,Entire home/apt
1032733008753288446,866.0,2,1.0,14,Entire home/apt
40157178,1031.0,1,1.0,10,Entire home/apt
1228524242903806656,528.0,4,2.0,58,Entire home/apt
1399530178160994485,5414.0,2,1.0,0,Entire home/apt
1408051667616038950,2580.0,7,4.0,4,Entire home/apt
3586379,900.0,2,1.0,21,Entire home/apt
855226991521594425,665.0,2,1.0,19,Private room
1452412947083388254,1353.0,4,2.0,10,Entire home/apt
568231314253880267,2529.0,6,3.0,144,Entire home/apt
1465490364924287757,489.0,1,1.0,14,Private room
659538948168730060,2214.0,2,1.0,44,Entire home/apt
3602334,912.0,2,1.0,35,Entire home/apt
30583594,4000.0,6,3.0,15,Entire home/apt
19344389,1155.0,3,1.0,8,Private room
978544582452248606,499.0,2,1.0,23,Private room
10336907,1479.0,2,0.0,217,Entire home/apt
23436529,650.0,2,1.0,40,Private room
891393869192763127,1250.0,5,2.0,57,Entire home/apt
9542954,1854.0,4,2.0,180,Entire home/apt
1389203915757301882,1690.0,2,1.0,13,Entire home/apt
24431368,788.0,2,1.0,31,Private room
1224047207355445813,1147.0,3,1.0,42,Entire home/apt
3479520,586.0,1,1.0,28,Entire home/apt
1490988998069606205,1428.0,6,2.0,0,Entire home/apt
1386269030487132787,1564.0,4,2.0,19,Entire home/apt
1364637873684205603,1306.0,2,1.0,24,Entire home/apt
17862531,1428.0,8,3.0,73,Entire home/apt
1133286384918252972,675.0,2,1.0,3,Private room
34447784,1356.0,4,1.0,27,Entire home/apt
52259545,1523.0,4,1.0,44,Entire home/apt
711051448008460384,450.0,1,1.0,20,Private room
1222730671053320007,2194.0,2,1.0,1,Entire home/apt
44613307,822.0,4,2.0,23,Entire home/apt
1323537857234234190,716.0,2,1.0,0,Private room
41336984,1603.0,2,1.0,68,Entire home/apt
1118175839510356501,4581.0,2,1.0,0,Hotel room
928900010847109032,704.0,1,1.0,7,Entire home/apt
1188558312928085699,2738.0,7,3.0,51,Entire home/apt
37428313,360.0,3,1.0,31,Private room
913159745666643082,2147.0,2,1.0,67,Entire home/apt
23292366,1287.0,3,1.0,319,Entire home/apt
51212583,866.0,2,1.0,218,Private room
15144168,1687.0,5,2.0,280,Entire home/apt
969634475266918293,1350.0,2,1.0,1,Private room
1139789760835639562,1500.0,2,2.0,15,Entire home/apt
1154929452504878012,630.0,2,1.0,49,Entire home/apt
1275511661962765157,550.0,2,1.0,2,Private room
1128959445081051168,1330.0,3,2.0,61,Entire home/apt
53031035,880.0,3,1.0,151,Entire home/apt
1462382464033751642,879.0,3,1.0,12,Entire home/apt
33505371,888.0,6,3.0,268,Entire home/apt
46266559,1673.0,6,3.0,63,Entire home/apt
1184778965242764486,2786.0,7,3.0,7,Entire home/apt
1486401483637041955,2103.0,2,1.0,0,Private room
941550636568678358,1358.0,10,3.0,76,Entire home/apt
658776728590072841,665.0,2,0.0,183,Entire home/apt
37540252,1176.0,4,1.0,158,Entire home/apt
1150810665023610126,1520.0,4,2.0,46,Entire home/apt
1034104737536571910,862.0,2,1.0,473,Private room
1024718153508054991,1125.0,2,1.0,19,Private room
1501779250562146529,834.0,4,1.0,1,Entire home/apt
985588351493037713,3025.0,3,1.0,4,Entire home/apt
776059663201091610,2521.0,6,3.0,35,Entire home/apt
1237723817735142552,440.0,2,1.0,1,Private room
1253628649846066437,612.0,2,1.0,21,Entire home/apt
965372495680046318,460.0,1,1.0,35,Private room
38617604,553.0,1,1.0,47,Private room
31189720,325.0,1,1.0,13,Private room
27170106,408.0,2,1.0,48,Private room
31290646,223.0,2,1.0,9,Private room
26500443,564.0,3,1.0,134,Private room
1426271663416747131,938.0,3,2.0,5,Entire home/apt
1445780950206004975,9260.0,8,4.0,1,Entire home/apt
1204259889912577437,355.0,2,1.0,30,Private room
30771837,1358.0,4,2.0,199,Entire home/apt
812930335573942809,1296.0,4,1.0,0,Private room
1436419748886870607,4204.0,6,3.0,2,Entire home/apt
1010253123592624326,1038.0,4,1.0,113,Entire home/apt
1246415159824064952,742.0,2,1.0,10,Entire home/apt
25639384,552.0,3,2.0,12,Entire home/apt
1082244579174323550,243.0,1,1.0,6,Private room
877603850086385290,716.0,2,1.0,118,Private room
1440196046088752547,548.0,2,1.0,4,Private room
572366348025766002,1114.0,5,2.0,22,Entire home/apt
54288975,1196.0,5,1.0,39,Entire home/apt
665471015187253500,1243.0,6,2.0,70,Entire home/apt
943478770663022286,539.0,4,2.0,0,Entire home/apt
1412287467940264365,1816.0,2,1.0,1,Entire home/apt
54228644,1080.0,4,2.0,5,Entire home/apt
1029932364939779952,467.0,1,1.0,25,Entire home/apt
1118339934687792922,1663.0,4,2.0,8,Entire home/apt
1503231411102690265,672.0,4,1.0,0,Entire home/apt
31056290,390.0,2,1.0,1,Private room
918951929378301053,1766.0,4,2.0,49,Entire home/apt
44046429,4802.0,6,3.0,0,Entire home/apt
1257543571980462247,2700.0,4,2.0,5,Entire home/apt
1200622090833026251,1243.0,4,2.0,82,Entire home/apt
52228270,254.0,2,1.0,19,Entire home/apt
51492807,1125.0,5,2.0,86,Entire home/apt
1172680547727625414,800.0,3,1.0,0,Entire home/apt
1232764909296906685,2792.0,5,2.0,0,Entire home/apt
35769577,428.0,1,1.0,20,Private room
45002800,1630.0,2,0.0,0,Entire home/apt
44265545,704.0,2,1.0,311,Private room
848280826124153955,971.0,2,1.0,152,Entire home/apt
1041375607805493681,1905.0,8,2.0,64,Entire home/apt
1223437981952173511,1200.0,5,2.0,1,Entire home/apt
1316906803040737313,3492.0,2,1.0,0,Entire home/apt
807340294422483682,7201.0,5,3.0,41,Entire home/apt
1194349455488634582,1764.0,6,3.0,39,Entire home/apt
594510434407015082,3528.0,5,2.0,81,Entire home/apt
1133365338011656153,600.0,2,1.0,1,Private room
829272710995391424,488.0,1,1.0,64,Private room
43637273,320.0,1,1.0,0,Private room
21666693,315.0,1,1.0,11,Private room
816950650345782906,2500.0,4,2.0,0,Entire home/apt
1511714723237718820,1528.0,4,2.0,0,Entire home/apt
1234817906598906402,3626.0,10,4.0,42,Entire home/apt
685661365954133809,1326.0,4,2.0,152,Entire home/apt
44616,18000.0,14,5.0,65,Entire home/apt
27703989,618.0,3,2.0,88,Entire home/apt
973333668904094013,1170.0,4,2.0,53,Entire home/apt
803741611995338649,820.0,2,1.0,27,Entire home/apt
684011246796730223,425.0,2,1.0,35,Private room
51602247,695.0,2,1.0,168,Entire home/apt
23453920,2032.0,10,4.0,165,Entire home/apt
36517838,359.0,2,1.0,121,Entire home/apt
10073688,3300.0,6,3.0,130,Entire home/apt
889611528685362890,1182.0,4,2.0,83,Entire home/apt
46193838,1826.0,5,2.0,201,Entire home/apt
1202175276790116438,750.0,2,1.0,28,Entire home/apt
882702160595713702,568.0,2,1.0,175,Private room
911594435838487647,675.0,2,1.0,7,Entire home/apt
1109748206774952046,169.0,1,10.0,1,Entire home/apt
1508779878463163921,6383.0,2,1.0,0,Private room
1274989797072967212,1787.0,6,2.0,26,Entire home/apt
1415655713530182133,1160.0,2,1.0,0,Entire home/apt
635513854927147501,1078.0,2,1.0,118,Entire home/apt
731289701499785762,405.0,1,1.0,22,Private room
1032821085233729432,1095.0,2,1.0,101,Private room
1096569974264731413,750.0,4,1.0,3,Entire home/apt
674148713028594951,3961.0,8,3.0,50,Entire home/apt
1181140509429994955,303.0,1,3.0,9,Private room
49325165,797.0,4,1.0,98,Entire home/apt
1419581119976681180,858.0,2,1.0,1,Entire home/apt
573268727639034143,915.0,2,1.0,150,Entire home/apt
1081485585951194683,1245.0,2,1.0,77,Entire home/apt
21964624,1467.0,4,1.0,24,Entire home/apt
1377684302902641722,405.0,2,1.0,21,Private room
1479887276200761536,1254.0,4,1.0,0,Entire home/apt
1236591596252479195,352.0,2,1.0,7,Private room
1329082784288468364,808.0,6,2.0,1,Private room
1485860461914684772,265.0,1,1.0,0,Shared room
17572873,1217.0,2,1.0,257,Entire home/apt
38878930,776.0,2,1.0,46,Entire home/apt
594203393376810210,1200.0,6,1.0,121,Entire home/apt
1261084572233959286,514.0,2,1.0,0,Private room
1006608598523341458,1657.0,3,1.0,36,Entire home/apt
47532091,2022.0,2,1.0,59,Private room
26844274,880.0,3,1.0,3,Entire home/apt
49850799,460.0,1,1.0,30,Private room
1482958761521247745,871.0,2,2.0,6,Entire home/apt
934305889880803946,350.0,2,1.0,49,Private room
969707637173582447,213.0,2,1.0,22,Private room
561515807277757519,1171.0,2,1.0,152,Entire home/apt
679591593324318238,2496.0,3,2.0,59,Entire home/apt
34842260,2672.0,5,2.0,112,Entire home/apt
42536499,1131.0,3,1.0,229,Entire home/apt
1476262098905265009,900.0,6,3.0,0,Entire home/apt
717981394516087847,1946.0,6,3.0,115,Entire home/apt
40227009,599.0,4,2.0,193,Private room
5229072,559.0,3,1.0,89,Private room
1150803517303532882,1237.0,2,1.0,36,Entire home/apt
1115337717599546842,239.0,1,0.0,79,Private room
1494662796472755061,793.0,3,2.0,3,Entire home/apt
1271177972242670042,1004.0,2,1.0,19,Entire home/apt
854453409416636349,998.0,4,2.0,17,Entire home/apt
53280099,436.0,10,2.0,40,Entire home/apt
21699487,257.0,1,1.0,18,Private room
1508981370823524454,1220.0,4,1.0,0,Private room
26246260,411.0,1,1.0,102,Private room
21409581,533.0,1,1.0,68,Private room
25134059,911.0,3,1.0,22,Entire home/apt
587880920134033700,2239.0,4,2.0,96,Entire home/apt
50153481,765.0,3,2.0,131,Entire home/apt
1181538450255965625,1000.0,2,1.0,3,Entire home/apt
39868845,1663.0,4,2.0,124,Entire home/apt
1082310738906022367,495.0,2,1.0,74,Private room
1010377811461286931,532.0,4,2.0,20,Entire home/apt
1440098823568757036,1286.0,2,1.0,2,Entire home/apt
48983310,609.0,2,1.0,22,Entire home/apt
23287439,998.0,2,1.0,416,Private room
755219029468000934,1711.0,3,2.0,50,Entire home/apt
34906096,1117.0,3,1.0,224,Entire home/apt
1458293988151573649,1256.0,2,1.0,15,Entire home/apt
41973347,654.0,2,1.0,167,Private room
28542067,7285.0,12,6.0,4,Entire home/apt
9591180,650.0,2,1.0,612,Private room
853923576530573321,1330.0,4,2.0,50,Entire home/apt
14401350,350.0,1,1.0,6,Private room
978508670271057509,1093.0,2,1.0,24,Entire home/apt
969429914537886053,900.0,4,2.0,74,Entire home/apt
38391377,448.0,16,3.0,114,Entire home/apt
1350766294825083817,2727.0,5,2.0,17,Entire home/apt
5065732,3138.0,8,3.0,337,Entire home/apt
1420689171783514572,1865.0,2,1.0,0,Private room
28054427,2635.0,8,4.0,27,Entire home/apt
973364318572595631,1323.0,2,1.0,27,Entire home/apt
868998333768350602,1497.0,4,2.0,90,Entire home/apt
1039393448549918302,2208.0,6,3.0,38,Entire home/apt
689268060827772892,1943.0,2,1.0,220,Private room
1309837677432239682,479.0,1,1.0,49,Private room
829272915597371273,558.0,2,1.0,83,Private room
47030021,726.0,7,2.0,13,Entire home/apt
41744492,272.0,2,1.0,18,Private room
45268033,265.0,1,1.0,7,Private room
543600019287226127,293.0,2,1.0,83,Private room
16229301,27759.0,4,2.0,86,Entire home/apt
1323456574422022402,2066.0,2,1.0,11,Entire home/apt
781832711215481004,2275.0,7,3.0,31,Entire home/apt
19436948,1173.0,4,2.0,129,Entire home/apt
775230985888010752,1216.0,1,1.0,20,Private room
20675301,602.0,4,2.0,64,Entire home/apt
31139033,3071.0,9,4.0,12,Entire home/apt
779604273313686849,1734.0,4,2.0,95,Entire home/apt
858740803298521122,1008.0,2,1.0,28,Entire home/apt
52860468,3020.0,10,3.0,20,Entire home/apt
1374190686986123384,809.0,4,1.0,7,Private room
1500114867502622844,666.0,3,1.0,3,Entire home/apt
48284802,1910.0,2,1.0,150,Entire home/apt
737959796907908613,1074.0,6,2.0,137,Entire home/apt
29369122,1313.0,2,1.0,157,Entire home/apt
785837538125848612,1630.0,4,2.0,100,Entire home/apt
1505885076017711247,776.0,6,2.0,0,Entire home/apt
917649785070512739,1201.0,2,1.0,57,Entire home/apt
27848402,615.0,4,2.0,10,Entire home/apt
53405039,1331.0,6,3.0,22,Entire home/apt
1405929194473094359,154.0,1,1.0,1,Shared room
1304668110407667655,818.0,3,1.0,38,Private room
1412649454423283528,419.0,2,1.0,5,Entire home/apt
1003877791636769096,1030.0,4,1.0,15,Private room
1099276233913129530,939.0,2,1.0,5,Private room
1352264548722535613,963.0,1,1.0,0,Private room
1072640481460602327,3026.0,8,3.0,1,Entire home/apt
1168275515002678383,630.0,4,1.0,142,Entire home/apt
812928696484757306,1296.0,4,1.0,2,Private room
1135805607984514552,4600.0,2,1.0,0,Private room
670432838652564695,4611.0,4,2.0,58,Entire home/apt
18872353,653.0,4,1.0,112,Entire home/apt
47392153,1056.0,3,2.0,82,Entire home/apt
1346007739088141014,2157.0,3,1.0,0,Entire home/apt
38039317,3134.0,7,3.0,11,Entire home/apt
1471021632508540268,688.0,2,1.0,1,Private room
1462357136326031592,2397.0,6,3.0,1,Entire home/apt
50747011,731.0,2,1.0,35,Entire home/apt
31413462,619.0,2,1.0,60,Private room
49244654,593.0,2,1.0,14,Entire home/apt
555980967162338474,640.0,2,1.0,23,Private room
1063744293961409051,1391.0,4,2.0,47,Entire home/apt
1514582537934601410,779.0,2,1.0,0,Private room
1137800128190969282,1211.0,3,1.0,16,Entire home/apt
39135652,547.0,6,2.0,15,Private room
848003650788756424,717.0,2,1.0,76,Entire home/apt
1281365183823236926,2978.0,4,2.0,2,Entire home/apt
994796304636459069,1102.0,2,1.0,54,Entire home/apt
1065128718734446446,1209.0,2,1.0,17,Private room
1133550837245866411,2320.0,3,1.0,64,Entire home/apt
34894333,1054.0,5,2.0,519,Entire home/apt
1170033211870227742,463.0,2,1.0,0,Private room
45314430,900.0,2,1.0,68,Entire home/apt
1475421308492342046,701.0,2,1.0,2,Entire home/apt
691730251197611185,1265.0,5,1.0,40,Private room
1472686992584168101,876.0,2,1.0,10,Entire home/apt
37716557,754.0,4,2.0,115,Entire home/apt
1324055749921976837,1174.0,6,2.0,12,Entire home/apt
639975044169581191,1795.0,6,3.0,173,Entire home/apt
684890965884366396,573.0,1,1.0,88,Private room
1277721756245881698,788.0,2,1.0,13,Entire home/apt
1126281417416754119,2390.0,8,3.0,38,Entire home/apt
760890805242161934,755.0,4,1.0,36,Entire home/apt
1474104473694896543,278.0,1,1.0,3,Shared room
618267751101365407,1380.0,4,2.0,60,Entire home/apt
15101261,182.0,1,1.0,0,Private room
565285116885853951,1000.0,3,1.0,38,Entire home/apt
44659577,931.0,2,1.0,17,Entire home/apt
1081119470728118309,912.0,2,1.0,39,Entire home/apt
785815456818176029,510.0,1,1.0,5,Private room
40376832,882.0,3,2.0,48,Entire home/apt
49062725,910.0,4,2.0,9,Entire home/apt
1112523684813132017,744.0,2,1.0,7,Private room
31104143,671.0,6,2.0,96,Entire home/apt
1503049655360428239,810.0,2,1.0,0,Private room
1139180632794366285,1359.0,4,1.0,37,Entire home/apt
689072592040770300,1843.0,7,3.0,221,Entire home/apt
46835400,631.0,2,1.0,108,Private room
1087740532784555187,1454.0,4,2.0,41,Entire home/apt
883988117069974365,1079.0,2,1.0,20,Entire home/apt
1116587734230471361,655.0,2,1.0,49,Entire home/apt
1247836776454555881,666.0,2,1.0,20,Entire home/apt
1494971668267355867,527.0,2,1.0,2,Private room
18024706,2250.0,4,2.0,56,Entire home/apt
1322090352059969732,1452.0,6,2.0,12,Entire home/apt
53220396,1722.0,2,1.0,87,Entire home/apt
1390038499890920639,1530.0,4,2.0,4,Entire home/apt
647290016082355769,1509.0,2,1.0,45,Private room
1379976952086268934,2099.0,6,3.0,18,Entire home/apt
7618697,863.0,4,1.0,52,Entire home/apt
47875294,407.0,2,1.0,5,Private room
1321334829694236481,770.0,4,2.0,32,Entire home/apt
733541405926723933,726.0,2,1.0,22,Entire home/apt
1266823056229639854,1782.0,2,1.0,2,Entire home/apt
1389137549562090877,2970.0,3,1.0,46,Entire home/apt
23809361,11821.0,4,2.0,287,Entire home/apt
45333906,1526.0,4,2.0,204,Entire home/apt
655027970756946252,1076.0,4,2.0,119,Entire home/apt
44342397,747.0,5,2.0,113,Entire home/apt
41864125,264.0,1,1.0,8,Private room
981325650018868811,792.0,4,2.0,65,Entire home/apt
31166655,507.0,2,1.0,206,Private room
680461014137743248,1235.0,2,1.0,23,Entire home/apt
9054702,1223.0,5,2.0,14,Entire home/apt
11145247,9796.0,16,10.0,1,Private room
48902147,1200.0,2,1.0,3,Entire home/apt
1191673546198989143,1179.0,2,1.0,3,Entire home/apt
843649287332151686,784.0,2,1.0,63,Entire home/apt
950303353845961749,1633.0,4,2.0,100,Entire home/apt
581031853103444729,2502.0,4,2.0,17,Entire home/apt
1247331188569916494,1456.0,4,1.0,37,Entire home/apt
985684583657326429,380.0,2,1.0,61,Private room
1181455390855101200,1531.0,6,2.0,26,Entire home/apt
27802987,767.0,2,1.0,246,Entire home/apt
1472161031594908035,3258.0,4,2.0,0,Entire home/apt
1339855933553136990,1223.0,4,1.0,80,Entire home/apt
1445738304602889314,2800.0,5,3.0,0,Entire home/apt
751398559881788214,900.0,4,1.0,1,Entire home/apt
991544622632416754,2749.0,6,2.0,111,Entire home/apt
1294493769179882438,1256.0,2,1.0,5,Entire home/apt
53088674,229.0,1,1.0,24,Private room
1039894613206895630,849.0,3,2.0,41,Entire home/apt
1411615818138901157,1600.0,4,1.0,4,Private room
54201264,822.0,2,1.0,204,Entire home/apt
48210434,535.0,1,1.0,153,Private room
1378606219853294303,945.0,4,2.0,20,Entire home/apt
1446442639289827473,2865.0,2,2.0,2,Private room
51890687,224.0,2,0.0,36,Private room
1118168393291847001,21399.0,6,3.0,0,Hotel room
863910698556133333,850.0,4,2.0,25,Entire home/apt
1141551751586329946,726.0,4,2.0,62,Entire home/apt
793642634953995730,1910.0,4,2.0,75,Entire home/apt
1120657672626091541,434.0,2,1.0,36,Entire home/apt
1258887765456425517,550.0,2,1.0,13,Private room
48791743,1200.0,4,2.0,196,Entire home/apt
1392070382741665477,7297.0,4,1.0,0,Hotel room
50360413,992.0,2,1.0,30,Entire home/apt
1409489841712852722,381.0,3,1.0,0,Private room
1140640102794016975,13955.0,4,2.0,66,Entire home/apt
15528909,700.0,3,1.0,101,Entire home/apt
680582903456671568,461.0,2,1.0,88,Private room
707316265730164388,1144.0,4,1.0,101,Entire home/apt
19527735,713.0,2,1.0,68,Shared room
1138691810516036112,2109.0,7,2.0,1,Entire home/apt
746718270791069331,540.0,2,1.0,14,Private room
35037886,823.0,5,2.0,193,Entire home/apt
1238382012419565046,1391.0,2,1.0,24,Entire home/apt
1436416749895350681,1312.0,2,0.0,0,Entire home/apt
29311870,1468.0,2,1.0,5,Entire home/apt
45273953,342.0,3,2.0,16,Entire home/apt
1061785583158729969,138.0,2,1.0,1,Shared room
48653651,2014.0,4,2.0,219,Entire home/apt
1388424412441584477,1500.0,4,2.0,4,Private room
19014279,1880.0,4,2.0,21,Entire home/apt
24870135,2088.0,4,2.0,118,Entire home/apt
32726922,536.0,2,1.0,82,Entire home/apt
38125994,510.0,4,2.0,123,Entire home/apt
18023263,1071.0,4,2.0,84,Entire home/apt
14215424,547.0,1,1.0,200,Private room
1429863868775891004,635.0,2,1.0,29,Entire home/apt
1018173945119280040,2043.0,10,3.0,83,Entire home/apt
1320473610720177389,491.0,2,1.0,0,Entire home/apt
1100892958903368408,1248.0,6,2.0,24,Entire home/apt
29458512,536.0,6,2.0,128,Entire home/apt
1461245412503990618,1683.0,2,1.0,18,Private room
818404136669707626,1009.0,5,2.0,111,Entire home/apt
1447118679692819878,1291.0,5,2.0,18,Entire home/apt
1482084345373018414,381.0,3,1.0,3,Private room
16241916,909.0,2,1.0,65,Entire home/apt
12535196,1152.0,2,1.0,28,Entire home/apt
829142579394179983,520.0,6,2.0,2,Entire home/apt
30563492,1100.0,4,2.0,399,Entire home/apt
52857266,1934.0,2,1.0,122,Entire home/apt
39954785,1017.0,6,2.0,203,Entire home/apt
920552180548049120,1375.0,2,1.0,72,Private room
28409727,1389.0,6,2.0,233,Entire home/apt
53665585,10860.0,10,5.0,75,Entire home/apt
13283859,385.0,2,1.0,187,Private room
1211618024085371284,872.0,4,2.0,47,Entire home/apt
4062881,494.0,2,1.0,77,Private room
855245816056950130,487.0,4,2.0,53,Entire home/apt
1238738180807591613,2100.0,4,2.0,75,Entire home/apt
1003846147526835409,963.0,2,1.0,14,Entire home/apt
738928113826852743,1440.0,3,2.0,9,Entire home/apt
1215268125834348897,410.0,2,1.0,25,Entire home/apt
1469178471712444098,320.0,1,1.0,1,Private room
4457362,2667.0,16,5.0,28,Entire home/apt
1064871537625803096,1140.0,4,2.0,44,Entire home/apt
1200752835576912222,948.0,2,1.0,50,Entire home/apt
946650086221565948,3526.0,4,2.0,17,Entire home/apt
1162595415732849006,1157.0,3,1.0,83,Entire home/apt
873326431519946947,1166.0,4,2.0,21,Entire home/apt
1445750246899389765,1024.0,2,1.0,4,Entire home/apt
1263917184315073624,1267.0,4,1.0,15,Entire home/apt
1237017671952625650,686.0,3,1.0,89,Entire home/apt
969733085165669327,4630.0,4,2.0,0,Entire home/apt
1440665227027417630,1293.0,4,2.0,15,Entire home/apt
1095230807703509853,977.0,2,1.0,45,Entire home/apt
53478830,260.0,1,1.0,12,Private room
1257721705708586273,389.0,3,1.0,43,Private room
1138578495230021869,1039.0,2,1.0,48,Entire home/apt
1411454,1521.0,2,1.0,372,Entire home/apt
40590345,1030.0,3,1.0,101,Entire home/apt
854284820154283647,589.0,5,1.0,7,Private room
1132680054038053829,450.0,2,1.0,4,Entire home/apt
1429525633791616953,743.0,1,1.0,3,Entire home/apt
42299927,700.0,2,1.0,140,Entire home/apt
51409505,1035.0,2,1.0,10,Private room
26608339,1755.0,5,2.0,1,Entire home/apt
1353769383148707619,1323.0,2,1.0,5,Private room
1204950077943776387,1171.0,2,1.0,245,Entire home/apt
1441559114666213307,1500.0,2,1.0,0,Private room
48211498,1628.0,4,2.0,172,Entire home/apt
13150042,538.0,2,1.0,13,Private room
32201491,1012.0,4,3.0,18,Entire home/apt
1500564160867007020,1732.0,4,2.0,0,Entire home/apt
47068033,4792.0,8,2.0,0,Entire home/apt
596608541381992178,995.0,5,1.0,0,Private room
1184739155591565176,685.0,2,2.0,32,Entire home/apt
1368282884497960503,511.0,2,1.0,23,Private room
982597331107694795,806.0,2,1.0,33,Private room
1376879469506403885,956.0,4,1.0,15,Entire home/apt
16740561,453.0,2,1.0,48,Private room
919157954457337982,1742.0,4,1.0,41,Entire home/apt
9809124,700.0,1,3.0,98,Entire home/apt
1196506258621846113,1626.0,2,1.0,15,Private room
39367876,847.0,3,1.0,160,Entire home/apt
768590844655351437,3465.0,2,1.0,67,Entire home/apt
1298528948180678208,500.0,1,1.0,0,Private room
1230833743502645145,1337.0,2,1.0,29,Entire home/apt
1417174991767036758,2604.0,2,1.0,3,Private room
1062642816496990151,325.0,2,1.0,13,Private room
48092577,1902.0,2,1.0,114,Entire home/apt
1027554728368852359,946.0,3,2.0,3,Entire home/apt
52707049,317.0,2,1.0,14,Entire home/apt
45858938,262.0,1,1.0,0,Private room
22982393,850.0,2,2.0,0,Private room
1455972149561917208,3952.0,4,2.0,6,Entire home/apt
587133499003444494,1908.0,6,3.0,6,Entire home/apt
1161693988627336303,1250.0,3,1.0,4,Private room
1142076108677837951,1000.0,6,3.0,7,Entire home/apt
18522225,28286.0,5,2.0,93,Entire home/apt
1102345656046292381,2305.0,4,2.0,57,Entire home/apt
39914839,1100.0,2,1.0,1,Entire home/apt
741255551943382425,2792.0,3,1.0,38,Entire home/apt
1344925334024148091,1181.0,4,2.0,1,Entire home/apt
52990252,1272.0,2,1.0,117,Entire home/apt
41296219,247.0,2,1.0,0,Private room
1292128419840558238,380.0,1,1.0,75,Private room
4955354,324.0,2,1.0,83,Private room
928251859670647028,1362.0,2,1.0,55,Entire home/apt
1281367286779409441,621.0,2,0.0,11,Entire home/apt
38162786,2072.0,7,3.0,117,Entire home/apt
1232276049173541530,1504.0,3,0.0,7,Entire home/apt
49464577,1508.0,7,3.0,106,Entire home/apt
51888877,2158.0,5,3.0,78,Entire home/apt
705808589016051465,349.0,1,1.0,49,Private room
916250658520717087,3505.0,6,3.0,55,Entire home/apt
45499208,172.0,1,1.0,3,Shared room
1242834325156023476,399.0,1,1.0,15,Private room
1377009651513826102,1853.0,2,1.0,0,Private room
1482081952900557584,801.0,2,1.0,0,Entire home/apt
1300112501704237228,1021.0,2,1.0,35,Entire home/apt
29032645,779.0,2,1.0,75,Private room
1490880723838165132,1865.0,4,1.0,7,Entire home/apt
14296220,550.0,2,1.0,28,Private room
52409748,1359.0,4,2.0,5,Entire home/apt
862367118949183232,1255.0,4,2.0,58,Entire home/apt
23584028,596.0,2,1.0,124,Private room
612272872336306053,3489.0,4,1.0,1,Entire home/apt
729050873355380408,1764.0,4,2.0,94,Entire home/apt
585525907893057863,8808.0,8,4.0,179,Entire home/apt
1470338694192174765,840.0,2,1.0,1,Entire home/apt
1388670793490616477,2268.0,4,2.0,1,Entire home/apt
50775446,3316.0,11,5.0,36,Private room
1386571935181138070,500.0,1,1.0,5,Private room
1046594983093300270,2718.0,2,1.0,0,Private room
1066334490640350316,566.0,1,1.0,1,Private room
853184429215039076,1851.0,8,2.0,70,Entire home/apt
1412340190632820878,415.0,2,1.0,13,Private room
1156492375506866989,15000.0,2,1.0,0,Entire home/apt
1424740505109461476,312.0,2,1.0,0,Private room
52745224,1676.0,4,2.0,136,Entire home/apt
26686678,1171.0,4,1.0,54,Private room
557486645473132711,2764.0,8,2.0,7,Entire home/apt
1420381582932665363,2193.0,4,2.0,15,Entire home/apt
23454120,5256.0,8,4.0,332,Entire home/apt
38697541,1300.0,4,1.0,65,Entire home/apt
714643399589789300,1039.0,2,1.0,56,Entire home/apt
1511108317512008781,421.0,1,1.0,0,Private room
1000185337434246299,523.0,2,1.0,43,Entire home/apt
15869364,1387.0,1,1.0,2,Entire home/apt
1208746458695830590,982.0,3,1.0,6,Entire home/apt
39690575,1941.0,4,2.0,56,Entire home/apt
31174645,827.0,3,0.0,236,Entire home/apt
1379325697450416481,360.0,6,1.0,10,Shared room
29937902,1430.0,4,2.0,232,Entire home/apt
21826097,1078.0,3,1.0,16,Entire home/apt
46872743,764.0,2,1.0,118,Entire home/apt
34544640,556.0,2,1.0,11,Private room
9465288,900.0,1,1.0,41,Entire home/apt
16704001,3206.0,2,1.0,0,Private room
17902530,2582.0,6,3.0,66,Entire home/apt
42233297,762.0,8,1.0,0,Entire home/apt
1160525065573854379,3461.0,6,3.0,1,Entire home/apt
1205357432491491782,656.0,2,1.0,12,Entire home/apt
40871868,682.0,4,0.0,276,Entire home/apt
775609160978123903,1620.0,12,3.0,27,Entire home/apt
47266480,403.0,1,0.0,8,Private room
28775638,500.0,2,1.0,25,Entire home/apt
37745876,748.0,2,1.0,17,Private room
37089483,570.0,2,1.0,401,Entire home/apt
1440084994456273781,265.0,1,1.0,5,Shared room
29075148,821.0,2,1.0,4,Private room
654527382026532273,3310.0,4,2.0,125,Entire home/apt
905310588199501205,981.0,3,1.0,0,Entire home/apt
50306401,1500.0,4,1.0,11,Private room
1087698006130700224,5647.0,6,3.0,79,Entire home/apt
684861313898506702,4464.0,2,1.0,3,Entire home/apt
1248816963429419410,1191.0,2,1.0,35,Entire home/apt
1426417530548619102,839.0,6,3.0,12,Entire home/apt
925285499662350128,652.0,2,1.0,59,Entire home/apt
1494502688404916314,948.0,2,1.0,1,Entire home/apt
45333897,1712.0,4,1.0,90,Entire home/apt
1477148123070293962,2139.0,4,2.0,2,Entire home/apt
1010254225046741041,949.0,4,1.0,107,Entire home/apt
45749048,912.0,2,1.0,213,Entire home/apt
1070948736632596079,1242.0,4,2.0,10,Entire home/apt
43833569,564.0,2,1.0,1,Private room
949440785417191674,1102.0,2,1.0,16,Entire home/apt
1394879250027614867,565.0,3,1.0,21,Private room
1466270493418199008,4550.0,15,6.0,1,Entire home/apt
1245259476541287050,640.0,4,1.0,30,Private room
762429626850430380,2410.0,2,1.0,37,Private room
756464264908691504,845.0,3,1.0,99,Entire home/apt
859531861711341768,857.0,2,1.0,1,Private room
53926498,2578.0,4,2.0,16,Entire home/apt
51235671,626.0,2,0.0,90,Entire home/apt
1302954312395721693,461.0,6,1.0,6,Private room
950130845849858070,838.0,2,1.0,100,Entire home/apt
785694761043513693,1399.0,2,1.0,150,Entire home/apt
746616334933364606,2389.0,2,1.0,17,Private room
722040802969880131,1583.0,6,3.0,166,Entire home/apt
1080658763038263475,307.0,2,1.0,1,Private room
929172814197274483,769.0,2,1.0,66,Entire home/apt
1503805718139583280,1532.0,5,2.0,0,Entire home/apt
50329744,1237.0,6,2.0,33,Entire home/apt
44403548,586.0,2,1.0,95,Private room
683244282492152981,2780.0,6,3.0,27,Entire home/apt
34948738,950.0,2,1.0,10,Private room
21190874,1620.0,3,2.0,188,Entire home/apt
52226172,3530.0,6,3.0,98,Entire home/apt
1197084735172388356,2160.0,2,2.0,0,Private room
40491650,913.0,4,1.0,48,Entire home/apt
755131956467965819,1318.0,3,1.0,13,Entire home/apt
1369934682321101879,956.0,2,1.0,0,Entire home/apt
22795000,1881.0,4,2.0,295,Entire home/apt
690719787402092699,1593.0,5,2.0,116,Entire home/apt
1474921459127284965,892.0,4,1.0,3,Entire home/apt
916695455895087556,493.0,2,1.0,29,Private room
1466887841440223955,569.0,1,1.0,5,Private room
547023164491350322,1424.0,4,2.0,56,Entire home/apt
32233452,1800.0,4,2.0,10,Entire home/apt
1439918796073035106,1195.0,3,1.0,9,Entire home/apt
46536991,505.0,1,1.0,16,Private room
1444337049545260120,1610.0,2,1.0,2,Private room
1269612106903623294,1080.0,2,1.0,1,Private room
614576300991899306,690.0,2,1.0,1,Entire home/apt
22764960,551.0,2,1.0,499,Entire home/apt
1217195214898222126,2332.0,4,2.0,33,Entire home/apt
52691395,154125.0,4,2.0,31,Entire home/apt
934771176121133028,531.0,2,1.0,23,Private room
1110211383986819370,2580.0,6,3.0,32,Entire home/apt
1013683979934908732,1822.0,4,2.0,9,Entire home/apt
15912060,395.0,1,1.0,65,Private room
1116261029372724588,527.0,2,1.0,3,Private room
1504360246786613017,948.0,2,1.0,0,Entire home/apt
1248016454874882121,633.0,1,1.0,10,Entire home/apt
1355084668203559560,1729.0,4,2.0,16,Entire home/apt
45495701,720.0,2,1.0,30,Entire home/apt
1108058364302309975,639.0,2,1.0,27,Private room
1345659550051036407,1530.0,4,2.0,4,Entire home/apt
1052490571097252642,217.0,1,1.0,13,Shared room
35426062,238.0,1,1.0,41,Private room
29512903,546.0,1,1.0,0,Private room
35769472,1085.0,4,2.0,88,Entire home/apt
20557398,1499.0,4,2.0,308,Entire home/apt
1039388631897485737,1223.0,4,2.0,2,Entire home/apt
6541442,9181.0,2,1.0,32,Entire home/apt
36799468,49500.0,6,3.0,0,Entire home/apt
1394299002738417707,1950.0,2,1.0,1,Private room
739868806270755060,1422.0,8,2.0,141,Entire home/apt
1242269429564489361,1299.0,2,1.0,195,Entire home/apt
728366916813723711,1660.0,1,1.0,2,Private room
24377088,279.0,1,1.0,0,Private room
1431273230910782254,727.0,2,1.0,8,Entire home/apt
1317087971785013897,3901.0,6,3.0,1,Entire home/apt
1354624753519291229,1757.0,4,0.0,31,Private room
668870519156323698,550.0,3,1.0,46,Private room
22922938,360.0,2,1.0,2,Private room
49372317,617.0,2,1.0,27,Private room
1229747685637005508,2313.0,2,1.0,0,Entire home/apt
49423334,858.0,2,1.0,294,Entire home/apt
44522997,1093.0,2,1.0,43,Entire home/apt
842039379898314396,1481.0,2,1.0,33,Entire home/apt
1510313879947961158,1435.0,6,2.0,0,Entire home/apt
744897561698934370,900.0,4,2.0,21,Entire home/apt
38320043,183.0,1,1.0,1,Private room
616657344119522586,2238.0,6,3.0,81,Entire home/apt
1516687345085843131,1500.0,2,0.0,0,Private room
674671336871209253,698.0,2,1.0,12,Shared room
1312374393736274529,412.0,2,1.0,4,Private room
1202194684953690692,1017.0,2,1.0,45,Entire home/apt
32361001,448.0,1,1.0,2,Private room
44960547,1277.0,2,1.0,11,Entire home/apt
873936285545905196,729.0,2,1.0,16,Entire home/apt
1515971746662502179,425.0,2,1.0,0,Entire home/apt
1108625392839389094,492.0,2,1.0,63,Entire home/apt
25008291,2738.0,4,2.0,187,Entire home/apt
1425541810162419861,997.0,3,1.0,6,Entire home/apt
44851951,347.0,4,0.0,4,Private room
14450945,619.0,1,1.0,17,Private room
576790331164737935,1199.0,2,0.0,45,Private room
897419452713730380,964.0,2,1.0,188,Entire home/apt
1248341975554147258,2025.0,6,2.0,7,Entire home/apt
869114130716956267,974.0,4,1.0,93,Private room
633924496043216057,427.0,2,2.0,0,Private room
30914643,516.0,5,2.0,233,Entire home/apt
53743802,1059.0,2,1.0,54,Entire home/apt
49824315,1522.0,5,2.0,243,Entire home/apt
1300217866720450165,432.0,2,1.0,0,Private room
679620790119726025,1436.0,3,1.0,91,Entire home/apt
932697099310335952,1050.0,2,1.0,24,Entire home/apt
740481343599550326,2382.0,4,2.0,94,Entire home/apt
1400111469823529078,3864.0,4,1.0,0,Hotel room
1490752393402684596,1058.0,2,1.0,1,Entire home/apt
720879381766533494,514.0,2,1.0,1,Private room
46056354,976.0,2,1.0,220,Entire home/apt
46404465,859.0,3,1.0,182,Entire home/apt
734225642321990498,1466.0,4,2.0,3,Entire home/apt
847941130933297404,2234.0,10,3.0,92,Entire home/apt
1256682804972018510,456.0,2,1.0,5,Private room
47719230,1058.0,4,1.0,279,Private room
50640188,506.0,1,1.0,85,Entire home/apt
950851031193899782,3420.0,4,1.0,67,Entire home/apt
673358099410325409,1091.0,2,1.0,31,Entire home/apt
1470581014836803254,2515.0,4,2.0,0,Entire home/apt
1277940142202410011,540.0,3,1.0,1,Entire home/apt
1147274944593912225,957.0,2,1.0,35,Entire home/apt
1401624655652507801,499.0,2,1.0,19,Entire home/apt
45068107,383.0,2,1.0,12,Private room
8191119,546.0,1,1.0,0,Private room
1150812197250202408,1547.0,4,2.0,46,Entire home/apt
1180272705472006836,3801.0,4,2.0,31,Entire home/apt
36118780,372.0,1,1.0,38,Private room
45335335,1272.0,3,1.0,99,Entire home/apt
1426205159596455950,700.0,2,1.0,42,Entire home/apt
849315893191760444,4759.0,2,1.0,0,Private room
20812329,1669.0,2,1.0,58,Private room
16727973,950.0,3,1.0,11,Entire home/apt
748536708743446045,839.0,4,2.0,112,Entire home/apt
1192956181532461182,1692.0,2,1.0,10,Private room
1287651248864778775,2354.0,3,1.0,6,Private room
14303935,650.0,1,1.0,0,Private room
597994571348068518,1692.0,4,1.0,26,Entire home/apt
1221159861559417324,1340.0,8,4.0,1,Private room
54283108,199.0,1,1.0,185,Shared room
47572595,507.0,3,1.0,13,Private room
23025178,673.0,2,1.0,181,Private room
553723960947672832,1205.0,4,1.0,43,Private room
1006608553672668103,1649.0,4,2.0,49,Entire home/apt
1394257170844837500,1120.0,2,1.0,10,Entire home/apt
554366796255371074,1006.0,2,1.0,83,Private room
813694116120166500,1125.0,2,1.0,2,Private room
902355101534924429,450.0,1,1.0,0,Private room
693502288781327128,1124.0,3,1.0,52,Entire home/apt
1387803742088393493,3379.0,14,5.0,13,Entire home/apt
745672295794026550,1167.0,14,3.0,7,Entire home/apt
52629462,2457.0,4,2.0,120,Entire home/apt
49687461,1280.0,5,2.0,68,Entire home/apt
43248793,333.0,1,1.0,16,Private room
27368101,800.0,2,1.0,58,Entire home/apt
756744466408757530,2549.0,4,2.0,44,Entire home/apt
1194465743752626213,800.0,1,1.0,4,Private room
798408930154123534,6170.0,8,4.0,79,Entire home/apt
1382720282980968369,585.0,2,1.0,4,Entire home/apt
1517480446206134229,2340.0,3,1.0,0,Entire home/apt
18649397,370.0,3,1.0,7,Private room
12130918,3673.0,2,1.0,5,Private room
1371521607986948320,1413.0,16,4.0,8,Entire home/apt
48837810,1045.0,4,2.0,24,Entire home/apt
1412627957755728499,736.0,2,1.0,3,Entire home/apt
53034534,1512.0,4,2.0,32,Entire home/apt
17472519,986.0,6,2.0,325,Entire home/apt
54386421,554.0,1,1.0,0,Private room
1079298602742473983,960.0,4,2.0,16,Entire home/apt
34376536,345.0,4,2.0,66,Entire home/apt
1389402377214623590,1356.0,3,1.0,5,Entire home/apt
42354711,389.0,1,1.0,44,Private room
39028287,316.0,1,1.0,18,Private room
1006052538617665359,1276.0,4,2.0,85,Entire home/apt
843472123103852254,759.0,2,1.0,4,Entire home/apt
53004136,1300.0,4,2.0,62,Entire home/apt
1153019886340675662,1646.0,4,2.0,33,Entire home/apt
642852043123086474,1574.0,3,1.0,151,Entire home/apt
1296579693023348863,618.0,3,1.0,3,Entire home/apt
18373524,1265.0,2,2.0,16,Entire home/apt
9715507,551.0,1,1.0,0,Private room
1148047382256454513,1181.0,4,1.0,71,Entire home/apt
44268278,896.0,2,1.0,12,Private room
46642092,1110.0,2,1.0,5,Entire home/apt
1478636592482373954,855.0,2,1.0,4,Entire home/apt
661560992297240311,2400.0,2,1.0,6,Private room
1506885407333650625,695.0,3,1.0,0,Entire home/apt
904299281223408974,2590.0,4,2.0,7,Entire home/apt
1224172537365785434,2272.0,4,2.0,6,Entire home/apt
38959445,1551.0,2,1.0,17,Private room
934145760898202477,405.0,2,1.0,2,Entire home/apt
775976240726679872,408.0,2,1.0,25,Private room
1244180303773518707,1991.0,7,3.0,42,Entire home/apt
1399446362242476255,1524.0,2,0.0,13,Entire home/apt
636273805369035519,756.0,2,1.0,27,Private room
1206649452411641443,1777.0,4,2.0,35,Entire home/apt
19173106,437.0,1,0.0,18,Private room
677425488247889620,1746.0,3,2.0,86,Entire home/apt
16884563,950.0,4,1.0,111,Entire home/apt
1107329171303972826,6553.0,2,1.0,0,Private room
1386318762239223238,837.0,3,1.0,4,Entire home/apt
26470531,745.0,2,1.0,357,Entire home/apt
958157899334365798,508.0,2,1.0,14,Private room
952298120403783021,400.0,15,2.0,6,Entire home/apt
861626666260190126,798.0,2,1.0,39,Entire home/apt
929357015481942958,370.0,1,1.0,1,Private room
7873652,873.0,2,1.0,249,Entire home/apt
1256122022130477686,500.0,5,2.0,10,Entire home/apt
1239907081776350148,946.0,2,1.0,24,Entire home/apt
756428698433648858,259.0,1,1.0,97,Private room
33642575,3673.0,2,1.0,1,Private room
847941506691880817,1533.0,4,2.0,60,Entire home/apt
607231110162557429,1454.0,4,2.0,1,Private room
50447179,711.0,2,1.0,3,Private room
1122716787100492380,2572.0,2,1.0,77,Entire home/apt
1197671043219349570,1225.0,3,1.0,187,Entire home/apt
1067394245048187132,314.0,1,1.0,0,Shared room
14692548,1498.0,3,2.0,105,Entire home/apt
1126075932205258282,1908.0,8,3.0,27,Entire home/apt
1038441484185906228,600.0,2,1.0,4,Private room
1455938020068669199,2750.0,7,0.0,7,Entire home/apt
1298740003672154117,1181.0,2,1.0,3,Private room
26393963,1428.0,8,3.0,218,Entire home/apt
1273500639939092799,1023.0,5,2.0,23,Entire home/apt
950820933344627073,1111.0,4,2.0,43,Entire home/apt
5969182,359.0,16,7.0,11,Private room
33748419,279.0,1,1.0,18,Private room
1366467824497348393,430.0,1,1.0,1,Private room
51784415,876.0,2,1.0,146,Entire home/apt
1314725882152397110,3102.0,6,3.0,8,Entire home/apt
689155824136504377,548.0,2,1.0,116,Private room
1463202432309565034,1538.0,4,2.0,1,Entire home/apt
40239241,1097.0,5,2.0,73,Entire home/apt
1211975652971352245,888.0,4,2.0,7,Entire home/apt
54041658,1832.0,5,3.0,14,Entire home/apt
664534505949985527,1006.0,2,1.0,65,Entire home/apt
1329150861498990296,1560.0,3,1.0,2,Entire home/apt
1036317667418973420,1429.0,4,2.0,12,Entire home/apt
808650849602439535,1389.0,2,2.0,15,Entire home/apt
1010817361219243977,2524.0,4,2.0,4,Entire home/apt
1039340966967173552,1972.0,6,3.0,28,Entire home/apt
45318322,1072.0,2,2.0,33,Entire home/apt
691323629774423011,488.0,2,1.0,127,Entire home/apt
1147964740140290632,1515.0,4,2.0,15,Entire home/apt
778412114493360526,2470.0,9,3.0,78,Entire home/apt
33877310,4775.0,6,2.0,1,Entire home/apt
1369777953962631665,193.0,1,1.0,34,Shared room
10930415,521.0,2,1.0,216,Private room
20073032,990.0,2,1.0,59,Private room
1330750081435839519,552.0,3,1.0,23,Entire home/apt
573220157950453978,595.0,1,1.0,177,Entire home/apt
21861966,1979.0,4,2.0,84,Entire home/apt
54377399,4885.0,6,3.0,80,Entire home/apt
1490856712116585582,842.0,2,1.0,2,Private room
1365457540480226949,356.0,3,1.0,4,Private room
5671067,362.0,2,1.0,473,Private room
7674996,1080.0,4,2.0,32,Entire home/apt
18567142,1655.0,3,1.0,59,Entire home/apt
927565571264816879,1289.0,2,1.0,7,Entire home/apt
987756101639726741,925.0,3,1.0,42,Entire home/apt
1159721657611448474,3252.0,7,4.0,21,Entire home/apt
45657500,1483.0,4,2.0,26,Entire home/apt
1242419532796554860,550.0,3,1.0,25,Private room
1336402674564576454,560.0,2,9.0,1,Private room
1431397850856546232,1889.0,4,2.0,10,Entire home/apt
1361674425935954186,1560.0,5,2.0,4,Entire home/apt
14593430,411.0,2,1.0,14,Private room
724545893126134022,525.0,1,1.0,11,Private room
1140674049415073106,773.0,2,1.0,3,Private room
974958213836682807,856.0,4,2.0,37,Entire home/apt
816977635288761829,2000.0,2,1.0,0,Entire home/apt
1274655853497892467,1907.0,2,1.0,435,Entire home/apt
1466978905930259918,623.0,2,1.0,0,Entire home/apt
1426844156042550885,2951.0,16,7.0,5,Entire home/apt
49907233,1941.0,6,3.0,83,Entire home/apt
1386469540617010526,900.0,1,1.0,0,Entire home/apt
1447188445134242869,2950.0,2,1.0,0,Private room
6467794,1107.0,4,2.0,183,Entire home/apt
1467779955225719064,2118.0,4,2.0,0,Entire home/apt
1221117908405140752,880.0,2,1.0,4,Private room
558149537987884746,2267.0,2,1.0,65,Entire home/apt
854593705967590248,1475.0,4,2.0,56,Entire home/apt
22791166,789.0,5,1.0,443,Entire home/apt
785477665543579019,512.0,1,1.0,29,Private room
762420725894669149,3946.0,2,1.0,18,Private room
774677040462828745,1448.0,4,2.0,127,Entire home/apt
1258046160525597594,2204.0,4,2.0,14,Entire home/apt
978974397203105988,3232.0,3,1.0,85,Entire home/apt
1514032390238520226,1669.0,3,2.0,0,Entire home/apt
1031182346814218911,797.0,1,1.0,16,Private room
651456555760604627,684.0,2,1.0,171,Private room
51046833,719.0,3,1.0,33,Entire home/apt
52262796,456.0,2,1.0,43,Private room
1386200148720851828,1244.0,4,2.0,0,Entire home/apt
556369237605754436,914.0,2,1.0,109,Entire home/apt
1183518988939057022,1526.0,2,1.0,6,Private room
1433044900225738660,396.0,1,1.0,5,Private room
1013718361296525070,1780.0,4,2.0,4,Entire home/apt
31072443,810.0,2,1.0,162,Private room
1267634701302716012,2272.0,8,2.0,43,Entire home/apt
1056781801076340497,309.0,1,1.0,33,Shared room
53044432,2793.0,2,1.0,60,Entire home/apt
1417844831425393777,1378.0,2,1.0,3,Entire home/apt
45313805,915.0,2,1.0,97,Entire home/apt
1320441183779213237,800.0,2,1.0,0,Private room
1049367252110228030,25000.0,16,6.0,1,Entire home/apt
1395305494913892656,468.0,2,1.0,0,Private room
1354756462384652586,1177.0,4,2.0,15,Entire home/apt
23006483,912.0,4,1.0,102,Entire home/apt
37159421,2500.0,6,3.0,16,Entire home/apt
53359329,3334.0,4,3.0,97,Entire home/apt
46834321,946.0,4,2.0,0,Private room
1117802328482201818,465.0,1,1.0,30,Private room
1507661416485356294,2565.0,6,3.0,0,Entire home/apt
1263141196538890637,2015.0,10,3.0,87,Entire home/apt
50661641,452.0,2,1.0,2,Private room
26634011,2847.0,2,0.0,0,Private room
1042249946664358943,723.0,3,1.0,72,Entire home/apt
1163918974204402137,2216.0,12,3.0,29,Entire home/apt
36732062,950.0,3,1.0,115,Entire home/apt
1248828830154197043,841.0,2,1.0,7,Entire home/apt
940769694465035411,1284.0,4,2.0,78,Entire home/apt
37013146,2502.0,2,1.0,177,Entire home/apt
1031826978947282012,1473.0,2,1.0,5,Entire home/apt
54176868,3461.0,5,2.0,108,Entire home/apt
1026337359572949091,1614.0,4,2.0,29,Entire home/apt
705950910120253872,534.0,2,1.0,5,Private room
1147148094331795426,419.0,2,1.0,36,Entire home/apt
40037376,360.0,2,1.0,22,Entire home/apt
1031890431606557361,1017.0,6,1.0,5,Private room
22390066,17111.0,12,7.0,8,Entire home/apt
54222439,422.0,2,1.0,201,Private room
729932171980248497,3637.0,3,1.0,9,Entire home/apt
1187669847949219428,975.0,2,1.0,35,Private room
1155799554884698361,656.0,4,2.0,11,Entire home/apt
1125303691415459149,1185.0,2,0.0,1,Private room
788491130338811796,603.0,2,1.0,93,Private room
902205548133691694,1100.0,4,2.0,77,Entire home/apt
1395215204778217792,1058.0,5,2.0,28,Entire home/apt
36798736,2147.0,2,1.0,1,Private room
1450138105686681910,165.0,1,1.0,6,Shared room
43350799,1194.0,3,0.0,52,Entire home/apt
912444738418372014,2054.0,9,3.0,174,Entire home/apt
994623258321620205,329.0,2,1.0,66,Private room
53252355,4712.0,4,2.0,157,Entire home/apt
17286961,729.0,1,1.0,31,Private room
13922976,282.0,1,1.0,3,Private room
1434285717745860353,557.0,2,1.0,28,Private room
41885554,1310.0,3,1.0,110,Entire home/apt
23997323,1570.0,2,1.0,238,Entire home/apt
1335907313470331268,584.0,3,1.0,3,Entire home/apt
1191551616625533679,1164.0,6,2.0,22,Entire home/apt
1375860857106451193,1345.0,16,4.0,10,Entire home/apt
778238633965756950,1124.0,2,1.0,26,Entire home/apt
555005548136326151,4304.0,3,1.0,12,Entire home/apt
11064104,2247.0,8,4.0,253,Entire home/apt
40352195,585.0,2,1.0,32,Private room
1445233191931032070,2177.0,2,1.0,16,Entire home/apt
1141280977536963195,1074.0,5,2.0,60,Entire home/apt
46598448,702.0,1,1.0,82,Entire home/apt
1016279507852729548,1608.0,2,2.0,5,Entire home/apt
52372674,1018.0,4,1.0,214,Entire home/apt
993503674813255476,3426.0,4,2.0,9,Entire home/apt
800073443785191240,1231.0,2,1.0,85,Entire home/apt
1475386776933751752,203.0,1,0.0,0,Shared room
1381938727888438403,968.0,2,1.0,5,Private room
45258761,399.0,2,1.0,15,Private room
1431368599566423660,1949.0,3,0.0,2,Entire home/apt
42452789,1077.0,4,0.0,464,Entire home/apt
1484474398271554010,1616.0,4,2.0,2,Entire home/apt
720089129734512867,1530.0,6,3.0,59,Entire home/apt
567481334007280911,695.0,1,1.0,87,Private room
1207513204812707478,1100.0,2,1.0,10,Private room
601461880249314506,675.0,4,2.0,10,Entire home/apt
1064028133197245146,4000.0,8,3.0,1,Entire home/apt
1440691470564428070,1307.0,4,2.0,0,Entire home/apt
692939643202742455,372.0,1,1.0,4,Private room
28285834,1194.0,4,2.0,91,Entire home/apt
994795705022996870,561.0,2,1.0,19,Private room
1346781473250429302,675.0,1,1.0,5,Private room
1317532689287108013,3060.0,4,2.0,1,Entire home/apt
1515960711778989862,828.0,4,1.0,0,Entire home/apt
52520212,1140.0,2,1.0,46,Entire home/apt
999623492332384010,238.0,2,1.0,24,Private room
45222699,980.0,2,1.0,96,Entire home/apt
47837231,1720.0,4,1.0,12,Entire home/apt
791593087487213385,2054.0,4,2.0,76,Entire home/apt
43477081,6596.0,8,4.0,273,Entire home/apt
36320729,1207.0,8,2.0,42,Entire home/apt
827480054686284501,1005.0,2,1.0,51,Entire home/apt
1184743277272808588,601.0,3,2.0,17,Entire home/apt
962532934585152519,828.0,4,1.0,225,Entire home/apt
23544634,4977.0,5,2.0,8,Entire home/apt
1456518979997450162,845.0,4,2.0,12,Entire home/apt
638527431055146156,7274.0,10,3.0,76,Entire home/apt
53241852,1322.0,4,2.0,50,Entire home/apt
1124590937584729984,621.0,2,1.0,76,Entire home/apt
43190534,894.0,4,2.0,52,Entire home/apt
1252314062454172226,720.0,2,1.0,0,Private room
965421729365231756,1615.0,2,1.0,8,Private room
866278421222471380,547.0,2,1.0,47,Private room
1440088604512882081,265.0,1,1.0,2,Shared room
1147966600577209499,1503.0,4,2.0,32,Entire home/apt
1481251340449409044,1920.0,2,1.0,0,Private room
1463506185990445371,1560.0,6,2.0,5,Entire home/apt
35097218,280.0,1,6.0,4,Private room
1336289269773480795,1092.0,4,2.0,25,Entire home/apt
757345346519275405,3950.0,4,2.0,0,Entire home/apt
919787729248494797,619.0,3,1.0,35,Private room
1279187525479914178,1494.0,2,1.0,3,Entire home/apt
45069162,900.0,3,1.0,62,Entire home/apt
1132152607390090863,1336.0,2,2.0,23,Entire home/apt
881982101031525658,900.0,3,3.0,8,Entire home/apt
1121173064262748638,2721.0,4,2.0,4,Entire home/apt
781833939549160420,2494.0,7,3.0,33,Entire home/apt
1297910224539142618,994.0,2,1.0,33,Entire home/apt
1306217855574292978,1227.0,2,1.0,23,Entire home/apt
1243119887091445955,1440.0,2,1.0,44,Entire home/apt
641413951878275526,2708.0,9,3.0,172,Entire home/apt
17974507,810.0,2,1.0,22,Private room
1303308382464293911,289.0,1,1.0,11,Private room
669447926498257558,1548.0,4,2.0,1,Entire home/apt
957453282495889981,602.0,2,1.0,10,Private room
6438939,1324.0,8,4.0,39,Entire home/apt
629747327255137928,2219.0,5,2.0,11,Entire home/apt
1466416048453082493,857.0,2,1.0,1,Entire home/apt
1318981332486519501,1999.0,2,1.0,31,Entire home/apt
35454591,585.0,3,3.0,0,Private room
1317538159669548355,4080.0,6,3.0,0,Entire home/apt
23006623,1378.0,2,1.0,477,Entire home/apt
1090029176430216592,7812.0,12,3.0,72,Entire home/apt
1131807282640791277,1211.0,3,1.0,22,Entire home/apt
1030492767804317121,515.0,2,1.0,23,Entire home/apt
1502275207925222012,6409.0,5,2.0,0,Entire home/apt
1102981861565248347,640.0,4,2.0,0,Entire home/apt
26333903,4477.0,3,2.0,231,Entire home/apt
1182014858085020088,829.0,4,2.0,39,Entire home/apt
1171906826710710271,2517.0,4,2.0,0,Entire home/apt
53015668,1396.0,4,2.0,55,Entire home/apt
50151588,1682.0,4,2.0,114,Entire home/apt
53380980,383.0,1,1.0,4,Private room
984238479978727948,304.0,2,1.0,0,Private room
667250797257414286,5656.0,5,2.0,15,Entire home/apt
1476984745864651009,1169.0,6,2.0,3,Entire home/apt
49772554,509.0,1,1.0,96,Private room
809417085654177703,3000.0,2,1.0,0,Entire home/apt
1153619251620210171,1114.0,3,1.0,33,Entire home/apt
40367564,385.0,2,1.0,93,Private room
6759506,941.0,2,1.0,11,Private room
52296108,2574.0,4,2.0,11,Entire home/apt
1249314717400136941,4162.0,5,3.0,25,Entire home/apt
891249476653186378,795.0,5,2.0,20,Entire home/apt
27434440,306.0,2,1.0,255,Private room
900203831464590080,2432.0,4,2.0,4,Entire home/apt
998918805115102879,360.0,2,1.0,20,Private room
14141163,1288.0,4,1.0,352,Entire home/apt
42197833,2329.0,6,3.0,181,Entire home/apt
1369783589463941809,1749.0,5,2.0,8,Entire home/apt
1446435361517423080,813.0,4,1.0,12,Entire home/apt
1224343939532458209,469.0,2,1.0,17,Private room
5289079,357.0,2,1.0,31,Private room
1071225098239108976,1371.0,4,2.0,25,Entire home/apt
584022788038551889,611.0,2,1.0,341,Entire home/apt
1178436502081389453,335.0,2,1.0,9,Private room
46901424,351.0,2,1.0,5,Private room
24809600,526.0,2,1.0,51,Private room
1178212108070530275,1149.0,6,2.0,17,Entire home/apt
16556708,1089.0,2,2.0,78,Entire home/apt
1280562809902811301,1954.0,3,1.0,35,Entire home/apt
6261413,2028.0,7,3.0,213,Entire home/apt
993678374705991784,2280.0,5,2.0,64,Entire home/apt
1303590021469958101,1037.0,2,1.0,5,Entire home/apt
756602413553845098,1081.0,2,1.0,132,Entire home/apt
802878646172430484,1723.0,4,2.0,110,Entire home/apt
918082568116083692,495.0,7,1.0,7,Private room
1371071718082857010,520.0,2,1.0,0,Entire home/apt
635047657144898869,1293.0,2,1.0,109,Entire home/apt
16634977,300.0,16,10.0,16,Private room
1461006688201394224,835.0,2,1.0,13,Private room
780451528869501550,2463.0,4,2.0,70,Entire home/apt
1481944161972114904,1158.0,4,2.0,3,Entire home/apt
50873921,2975.0,6,3.0,757,Entire home/apt
1442216690968461199,2925.0,4,2.0,1,Private room
1277691525309824744,6943.0,10,3.0,0,Private room
6045231,1050.0,2,1.0,144,Entire home/apt
1480440532794473404,1265.0,2,1.0,0,Private room
1146152968383262339,1627.0,8,4.0,3,Entire home/apt
1365262384004958221,1918.0,2,1.0,27,Entire home/apt
30854213,980.0,2,1.0,19,Entire home/apt
623323173676585952,1433.0,4,1.0,20,Entire home/apt
1245238102680877219,636.0,4,1.0,21,Private room
1230818885562360096,2303.0,4,2.0,5,Entire home/apt
597653617769251382,4350.0,6,3.0,116,Entire home/apt
32570363,691.0,2,1.0,122,Entire home/apt
1118168877265272898,21890.0,6,3.0,0,Hotel room
1006820371915237054,3600.0,4,2.0,2,Entire home/apt
1421283117793213465,558.0,4,1.0,3,Entire home/apt
960054224991478527,1350.0,4,3.0,3,Entire home/apt
14549066,1409.0,6,3.0,240,Entire home/apt
12115934,3250.0,2,1.0,10,Private room
1341362730916125961,1208.0,2,1.0,0,Private room
48810926,254.0,2,1.0,33,Private room
1280597060682854975,578.0,2,2.0,0,Entire home/apt
668776575734869747,2493.0,2,1.0,2,Entire home/apt
772745338555477920,1100.0,4,2.0,20,Entire home/apt
1493835069235461641,503.0,2,1.0,1,Private room
1173634641651607133,1050.0,4,1.0,4,Private room
679549700464878779,461.0,5,1.0,51,Private room
52186180,893.0,3,2.0,11,Entire home/apt
663949443597755294,1560.0,3,2.0,25,Entire home/apt
38582840,1815.0,10,4.0,133,Entire home/apt
29806325,778.0,2,1.0,163,Entire home/apt
36282631,914.0,3,1.0,44,Entire home/apt
41841501,521.0,1,1.0,15,Private room
1335203310195932466,1618.0,2,1.0,6,Entire home/apt
1062516145610618352,4238.0,5,3.0,78,Entire home/apt
1012473508603010949,407.0,1,1.0,1,Private room
30676951,453.0,2,1.0,95,Private room
934352826518229234,1073.0,2,0.0,71,Entire home/apt
1479819532994240958,1829.0,4,2.0,7,Entire home/apt
1137034433999928682,1098.0,2,1.0,4,Entire home/apt
921878968220342593,1698.0,4,2.0,67,Entire home/apt
36320877,1305.0,2,1.0,20,Entire home/apt
18124543,808.0,2,1.0,49,Entire home/apt
47813288,1425.0,4,2.0,24,Entire home/apt
15986899,266.0,1,1.0,0,Private room
1227566645757404770,3558.0,6,2.0,4,Entire home/apt
1147960485359997421,1264.0,2,1.0,30,Entire home/apt
28784553,450.0,2,1.0,6,Private room
41285785,489.0,2,1.0,3,Entire home/apt
1176174363172227819,390.0,1,0.0,2,Private room
46763336,408.0,1,1.0,33,Private room
1427996497770802175,530.0,2,1.0,1,Private room
1418360353851177114,1369.0,4,2.0,15,Entire home/apt
977572037567314244,1440.0,6,3.0,36,Entire home/apt
1430394996701986076,4633.0,6,3.0,9,Entire home/apt
1274205631510487564,306.0,2,1.0,7,Entire home/apt
1441721528301784108,377.0,2,1.0,1,Private room
1289325297942201925,1090.0,2,1.0,17,Entire home/apt
963852583030094892,1353.0,2,1.0,26,Entire home/apt
903669511564676308,2189.0,5,2.0,17,Entire home/apt
1280409805978082567,565.0,2,1.0,0,Private room
1044361391268933612,4540.0,12,4.0,52,Entire home/apt
40506379,2566.0,4,2.0,86,Entire home/apt
41840558,294.0,2,1.0,90,Private room
1137809387815477314,1226.0,2,1.0,21,Entire home/apt
50831130,1186.0,3,1.0,70,Entire home/apt
46396014,638.0,4,1.0,297,Entire home/apt
713094677315611265,389.0,3,1.0,76,Private room
1175586150190158663,405.0,1,1.0,16,Private room
24634551,288.0,2,1.0,72,Private room
605260644126667547,313.0,2,1.0,163,Private room
39950908,748.0,4,2.0,15,Entire home/apt
1409726178663113072,505.0,1,1.0,3,Private room
1061331395155067680,2854.0,4,2.0,6,Entire home/apt
1500561662433491198,1013.0,2,1.0,2,Entire home/apt
1320419187490444270,772.0,2,1.0,24,Entire home/apt
600837395958113542,464.0,2,1.0,12,Entire home/apt
1436252341390725287,153.0,4,1.0,4,Shared room
1261362315065406931,354.0,2,1.0,0,Private room
1442996902261195009,1900.0,2,1.0,0,Private room
48106994,18362.0,1,1.0,0,Entire home/apt
957533280885420828,521.0,1,1.0,19,Private room
1047985349007187163,966.0,3,1.0,168,Entire home/apt
1100356832019925606,468.0,2,1.0,2,Private room
49034090,1300.0,5,2.0,91,Entire home/apt
45656657,744.0,1,1.0,110,Entire home/apt
29537518,653.0,2,1.0,11,Entire home/apt
53065448,781.0,2,1.0,28,Entire home/apt
1431515915992686531,977.0,6,2.0,14,Entire home/apt
1265384534922654643,608.0,5,2.0,49,Entire home/apt
1005849467580575898,1017.0,4,2.0,35,Entire home/apt
45241267,1781.0,6,2.0,135,Entire home/apt
777670648441247877,2130.0,2,1.0,2,Entire home/apt
750715023990759201,540.0,1,1.0,12,Private room
551330143136328437,1766.0,2,1.0,137,Entire home/apt
1369261574890525238,1099.0,16,3.0,15,Entire home/apt
1332602163923116961,1084.0,2,1.0,50,Private room
15705808,765.0,4,2.0,138,Entire home/apt
50829220,506.0,2,1.0,48,Private room
929244782739795159,476.0,2,1.0,153,Entire home/apt
1359275289843342964,1583.0,2,1.0,0,Entire home/apt
19743752,655.0,2,1.0,340,Entire home/apt
25160876,1530.0,4,1.0,22,Entire home/apt
22672555,1116.0,5,2.0,86,Entire home/apt
29834040,270.0,2,1.0,0,Private room
908886787572234834,1200.0,4,2.0,130,Entire home/apt
1018240195967092386,915.0,2,1.0,7,Entire home/apt
988622930238527235,3355.0,3,2.0,2,Entire home/apt
29425652,586.0,2,0.0,411,Entire home/apt
1113394879856949962,1267.0,4,2.0,18,Entire home/apt
1444112827478782214,1008.0,3,1.0,4,Entire home/apt
1177716069850438548,1177.0,4,2.0,24,Entire home/apt
1234848694698086056,1658.0,2,1.0,26,Entire home/apt
950708060339028286,794.0,2,0.0,85,Entire home/apt
21385225,1278.0,4,2.0,171,Entire home/apt
1060488796807213693,1188.0,2,1.0,35,Entire home/apt
1047199941241109919,1388.0,2,1.0,0,Private room
1481249624124765167,953.0,2,1.0,4,Entire home/apt
859419120951652467,1009.0,4,1.0,31,Entire home/apt
23295880,264.0,1,1.0,12,Private room
997916685894303161,1100.0,5,2.0,20,Entire home/apt
1474112816165666987,842.0,2,1.0,0,Private room
1496061910951884780,835.0,2,1.0,8,Entire home/apt
1297561127080370074,855.0,5,2.0,28,Entire home/apt
1242084263894978643,855.0,3,1.0,1,Entire home/apt
54018542,660.0,1,1.0,74,Private room
1407326137270271188,400.0,1,1.0,2,Private room
1211146356158252869,360.0,1,1.0,8,Private room
1307628858944334789,4418.0,10,4.0,35,Entire home/apt
680668845335186149,307.0,2,1.0,30,Private room
13398244,790.0,2,1.0,207,Entire home/apt
1341452432737484780,6604.0,6,3.0,23,Entire home/apt
1331231943284525770,737.0,2,1.0,10,Entire home/apt
1363968078203893268,308.0,2,1.0,42,Private room
41800618,344.0,1,1.0,91,Private room
34470274,580.0,2,1.0,30,Private room
959453625927382822,823.0,2,1.0,25,Private room
933379695506667329,1004.0,2,1.0,12,Entire home/apt
36267244,495.0,2,1.0,118,Private room
1414141678235608336,1154.0,4,2.0,18,Entire home/apt
27546819,4275.0,2,2.0,0,Private room
1312380123967002464,2991.0,5,2.0,23,Entire home/apt
703483367819392906,688.0,2,1.0,10,Private room
1273318357573576250,1229.0,2,1.0,32,Private room
39797196,604.0,3,1.0,157,Private room
1203577391928885422,1125.0,4,2.0,29,Entire home/apt
47068737,2852.0,6,1.0,0,Entire home/apt
1255432063582465378,802.0,3,1.0,7,Entire home/apt
45767016,6132.0,12,6.0,89,Entire home/apt
610405740311102083,330.0,1,1.0,25,Private room
1289160949167230720,450.0,2,1.0,3,Private room
31195179,1418.0,4,2.0,85,Entire home/apt
50703445,1301.0,3,2.0,119,Entire home/apt
20126097,587.0,3,2.0,110,Entire home/apt
1481970626036385262,1618.0,6,2.0,3,Entire home/apt
53535767,455.0,2,1.0,0,Private room
38268202,1286.0,4,2.0,72,Entire home/apt
1460983156861089810,3052.0,2,1.0,0,Entire home/apt
1193655892779431906,3000.0,6,3.0,0,Entire home/apt
1499600970809524158,791.0,2,1.0,2,Entire home/apt
43862834,1173.0,2,0.0,111,Entire home/apt
725327597643775907,19000.0,16,4.0,2,Entire home/apt
1466908472040381877,1205.0,4,2.0,9,Entire home/apt
15209492,3691.0,6,3.0,75,Entire home/apt
37834684,2055.0,5,2.0,206,Entire home/apt
25167139,1357.0,2,1.0,298,Entire home/apt
33551076,212.0,3,2.0,31,Private room
1226948271787084511,914.0,2,1.0,31,Entire home/apt
733457866697144466,1096.0,2,2.0,24,Entire home/apt
33490640,743.0,2,1.0,104,Private room
1322415960438237917,1361.0,4,2.0,29,Entire home/apt
918173286942192250,1725.0,2,1.0,53,Entire home/apt
35381247,766.0,2,1.0,18,Private room
41690340,452.0,2,1.0,38,Entire home/apt
1212646610743580048,1050.0,2,1.0,9,Private room
953744146563308361,1583.0,5,2.0,46,Entire home/apt
1444351570224945500,1476.0,2,1.0,4,Private room
43846718,210.0,1,1.0,17,Shared room
1159479612574683307,1350.0,4,2.0,21,Entire home/apt
1453174230423476852,1537.0,2,1.0,1,Entire home/apt
39610800,1655.0,2,1.0,1,Entire home/apt
997135875817513938,1010.0,5,1.0,278,Entire home/apt
41374906,257.0,1,1.0,104,Private room
1322438579106987769,855.0,2,1.0,0,Private room
13391519,1106.0,4,2.0,60,Entire home/apt
35677895,1456.0,3,1.0,3,Hotel room
1039063516679909862,1637.0,4,2.0,32,Entire home/apt
1329149007996883218,1836.0,4,2.0,10,Entire home/apt
51845564,1079.0,8,2.0,174,Entire home/apt
22209974,1125.0,2,1.0,70,Entire home/apt
800082642853455486,1404.0,2,1.0,85,Entire home/apt
695677879700976685,8240.0,12,5.0,45,Entire home/apt
1100040360289986755,1086.0,2,1.0,4,Entire home/apt
851487550912068446,330.0,2,1.0,22,Private room
1436253031531890413,4115.0,14,4.0,10,Entire home/apt
25081059,368.0,4,1.0,70,Private room
43126774,2235.0,8,3.0,8,Entire home/apt
1232998365127349171,1428.0,4,2.0,49,Entire home/apt
1067761797776639377,351.0,2,1.0,1,Entire home/apt
1480402322327666121,870.0,2,1.0,3,Entire home/apt
1451535486803471307,377.0,2,1.0,7,Private room
773370562401930823,1461.0,6,3.0,67,Entire home/apt
932660650988404109,1424.0,5,2.0,60,Entire home/apt
572694139366211011,1222.0,6,1.0,224,Entire home/apt
743354564927331586,1554.0,5,2.0,214,Entire home/apt
1392080885618336895,4254.0,4,1.0,0,Hotel room
1282700408422761982,1848.0,2,1.0,1,Private room
1229223039105242896,2032.0,5,3.0,4,Entire home/apt
1094378845455806595,1017.0,8,3.0,57,Entire home/apt
1384138014973308579,453.0,3,1.0,6,Entire home/apt
53590314,849.0,3,1.0,131,Entire home/apt
831033798598149774,550.0,2,1.0,14,Private room
1069420592507439186,1601.0,3,3.0,20,Entire home/apt
1484485185034091480,1361.0,5,2.0,5,Entire home/apt
44147425,808.0,2,1.0,161,Entire home/apt
51471714,264.0,1,1.0,68,Private room
718335702606934003,1034.0,4,2.0,36,Entire home/apt
1338713942350713867,2895.0,2,1.0,1,Entire home/apt
657293202704436186,182.0,1,1.0,10,Private room
1313316305227141840,428.0,3,1.0,47,Entire home/apt
875512577270173851,559.0,1,2.0,0,Private room
1228264704246183202,419.0,2,1.0,23,Entire home/apt
841539536660769322,1227.0,2,1.0,72,Entire home/apt
53069954,584.0,3,1.0,70,Private room
1363931388421420433,1110.0,4,2.0,4,Entire home/apt
1409696702746401932,1743.0,4,2.0,5,Entire home/apt
1327084463812485416,869.0,2,1.0,38,Entire home/apt
1490793965932598017,631.0,2,1.0,1,Entire home/apt
705907566271945739,1335.0,2,1.0,63,Entire home/apt
25680420,900.0,3,2.0,70,Entire home/apt
1374106235850816780,473.0,1,1.0,2,Entire home/apt
1184738521927454998,494.0,2,1.0,74,Entire home/apt
947096364743865977,372.0,1,1.0,2,Shared room
869509177441535658,371.0,2,1.0,0,Private room
1175052106732638059,1100.0,3,1.0,9,Entire home/apt
705785320669990312,1825.0,2,1.0,106,Entire home/apt
1504727298457266763,333.0,2,1.0,0,Private room
49520474,1097.0,2,1.0,33,Entire home/apt
10866099,922.0,2,1.0,31,Private room
960349208635793524,984.0,4,1.0,76,Entire home/apt
1179624058163346349,750.0,2,1.0,12,Private room
652216479146064786,5659.0,4,2.0,168,Entire home/apt
40139473,560.0,3,1.0,318,Entire home/apt
51149750,1469.0,5,2.0,5,Entire home/apt
1039353811587677211,1772.0,6,3.0,38,Entire home/apt
1287909301404356792,460.0,4,1.0,24,Private room
813708391413761255,1125.0,2,1.0,1,Private room
654221913541016301,2752.0,2,1.0,17,Entire home/apt
1356086339033009154,198.0,1,1.0,4,Shared room
704281821922685470,1943.0,2,1.0,173,Private room
44538413,575.0,2,1.0,12,Private room
18464958,1378.0,2,1.0,1,Private room
1482305262126517291,1556.0,6,3.0,7,Entire home/apt
1138469084928294108,1285.0,2,1.0,58,Entire home/apt
854322838854948181,900.0,5,2.0,51,Entire home/apt
1380634975631122165,997.0,4,2.0,13,Entire home/apt
1223309481080014894,2700.0,2,1.0,12,Entire home/apt
735682821262671851,17045.0,16,8.0,12,Entire home/apt
19616579,1289.0,3,1.0,183,Entire home/apt
50342131,1448.0,2,0.0,122,Entire home/apt
988572854594611207,2811.0,4,1.0,21,Entire home/apt
1271425957722837882,720.0,4,1.0,20,Entire home/apt
647862299694793716,1210.0,4,2.0,39,Entire home/apt
36237468,1102.0,3,2.0,352,Entire home/apt
659450353951732207,1105.0,4,1.0,86,Entire home/apt
47531658,2447.0,2,1.0,52,Private room
1222734947042669110,3492.0,6,3.0,23,Entire home/apt
821047615170884527,2741.0,2,1.0,37,Private room
1475775304087402356,672.0,3,1.0,11,Private room
36486474,1990.0,4,2.0,33,Entire home/apt
41876509,474.0,2,1.0,5,Entire home/apt
1425460929916323679,1637.0,2,0.0,22,Entire home/apt
1287629348468856419,419.0,2,1.0,58,Entire home/apt
46476417,540.0,1,1.0,28,Entire home/apt
1040582741511736284,405.0,1,1.0,6,Private room
1397177515880209375,320.0,2,1.0,0,Private room
1015476761412024331,5143.0,4,3.0,65,Entire home/apt
1202154339426419788,1102.0,4,2.0,5,Entire home/apt
854438529011477072,5192.0,2,1.0,0,Private room
962372116799360567,1800.0,2,1.0,1,Entire home/apt
17266579,3183.0,2,1.0,10,Private room
1042828683076293993,1455.0,2,1.0,3,Entire home/apt
6611525,1690.0,4,2.0,29,Entire home/apt
20729122,603.0,1,1.0,10,Private room
22882850,1174.0,4,1.0,12,Entire home/apt
40399442,774.0,2,1.0,287,Entire home/apt
38484807,1066.0,5,2.0,190,Entire home/apt
34930000,452.0,2,1.0,0,Private room
15315251,1500.0,5,3.0,16,Entire home/apt
52983749,1071.0,2,1.0,158,Private room
780593828903278735,715.0,4,1.0,38,Private room
1482762326055474264,1158.0,2,1.0,2,Entire home/apt
742632187475385665,665.0,2,1.0,100,Entire home/apt
962640725646956237,4089.0,8,4.0,107,Entire home/apt
28275248,494.0,2,1.0,74,Entire home/apt
952183307885944893,1610.0,4,2.0,33,Entire home/apt
947167051550896155,312.0,1,1.0,6,Shared room
1176189174400067977,1145.0,2,1.0,55,Entire home/apt
22433148,549.0,3,1.0,215,Entire home/apt
1377627286232663712,379.0,1,1.0,1,Private room
52800154,9393.0,10,4.0,11,Entire home/apt
27549886,2120.0,4,2.0,96,Entire home/apt
1162285190686351015,1195.0,2,1.0,91,Entire home/apt
681101526713963662,461.0,2,1.0,7,Private room
1227671246754283076,342.0,2,1.0,6,Private room
5414029,619.0,1,1.0,170,Private room
581308435863176219,2324.0,8,3.0,64,Entire home/apt
46411496,2237.0,2,1.0,186,Entire home/apt
1305240683553727680,2000.0,2,1.0,0,Entire home/apt
1414477907775396874,540.0,2,1.0,0,Private room
1401563823041840824,1035.0,4,2.0,24,Entire home/apt
50005173,3973.0,10,4.0,155,Entire home/apt
1003103594650683705,1359.0,2,1.0,45,Entire home/apt
1311686570320928169,1170.0,2,2.0,10,Private room
11325532,3673.0,2,0.0,1,Entire home/apt
1344452799439640941,1183.0,4,1.0,17,Entire home/apt
969596022561846586,1350.0,2,1.0,1,Private room
40919623,348.0,1,1.0,18,Private room
1448228996852257415,1852.0,3,1.0,4,Private room
1178199900385539201,1937.0,6,1.0,122,Entire home/apt
1428338114874804683,672.0,2,1.0,23,Private room
1362009859920494048,534.0,2,1.0,8,Private room
1003280636637492193,342.0,2,1.0,1,Entire home/apt
915235206355426562,1965.0,2,1.0,45,Entire home/apt
51727917,1275.0,4,1.0,11,Entire home/apt
1374820879416009101,1784.0,2,1.0,0,Entire home/apt
1308449829845499628,1171.0,4,2.0,12,Entire home/apt
48552745,798.0,6,2.0,144,Entire home/apt
1455452612012782275,1327.0,4,1.0,0,Entire home/apt
1344378672438800985,1609.0,4,2.0,23,Entire home/apt
1375768272879382494,419.0,1,1.0,0,Private room
913198236628347695,2438.0,2,1.0,60,Private room
1239461291965707951,465.0,3,1.0,13,Private room
1366956200328121798,2119.0,4,1.0,30,Entire home/apt
1118120677165122021,734464.0,2,1.0,0,Hotel room
805277838265286762,837.0,4,1.0,65,Entire home/apt
685336127406092982,537.0,3,1.0,11,Private room
38160651,2712.0,5,2.0,102,Entire home/apt
1497964108978201500,703.0,2,1.0,1,Entire home/apt
841895818967255248,450.0,2,1.0,4,Entire home/apt
675537672093362935,352.0,2,1.0,46,Private room
707946244238534214,2960.0,6,3.0,95,Entire home/apt
1234268854465935090,1399.0,2,1.0,28,Entire home/apt
838446639730772079,294.0,1,1.0,16,Private room
17302759,794.0,3,1.0,197,Entire home/apt
45658170,1261.0,3,1.0,95,Entire home/apt
53941738,1378.0,4,2.0,4,Entire home/apt
822358620797442532,1296.0,2,1.0,3,Private room
716575362116252953,700.0,2,1.0,153,Entire home/apt
32332374,972.0,3,1.0,95,Entire home/apt
1181318139687020134,659.0,2,1.0,2,Private room
1346711714439163432,1936.0,4,2.0,35,Entire home/apt
1371783384826509183,1571.0,4,2.0,23,Entire home/apt
1103855560975303895,2462.0,4,2.0,23,Entire home/apt
49567881,855.0,2,1.0,17,Entire home/apt
1150811758902393728,1534.0,4,2.0,20,Entire home/apt
39871321,693.0,5,2.0,262,Entire home/apt
968979675565743971,960.0,2,1.0,25,Entire home/apt
813699798735536753,1125.0,2,1.0,2,Private room
1395036036365636583,809.0,4,1.0,13,Entire home/apt
22226840,1171.0,4,1.0,326,Entire home/apt
42133192,1097.0,6,2.0,205,Entire home/apt
41713183,638.0,2,1.0,7,Private room
1038614674621663760,1120.0,2,1.0,0,Private room
48227980,819.0,2,1.0,5,Entire home/apt
1415365263457212864,1740.0,3,1.0,6,Entire home/apt
1371107606130743168,867.0,2,1.0,8,Private room
17225322,1322.0,2,2.0,6,Entire home/apt
31307371,618.0,6,1.0,8,Hotel room
32334255,1702.0,4,2.0,218,Entire home/apt
6572854,843.0,2,1.0,10,Private room
1413918795116591192,1485.0,3,1.0,2,Private room
1456096169058004792,661.0,2,1.0,28,Private room
1378214867546523425,1378.0,3,2.0,0,Entire home/apt
924818085658154759,344.0,2,1.0,15,Private room
1471399535127203186,581.0,2,1.0,5,Private room
1425704789695315998,2193.0,4,2.0,4,Entire home/apt
904290007650961302,4454.0,4,2.0,5,Entire home/apt
15720635,613.0,3,1.0,41,Private room
1055256198006263842,1007.0,2,1.0,1,Private room
851756267719229419,750.0,2,1.0,38,Entire home/apt
685336487294235000,832.0,4,1.0,275,Private room
769010657763180836,440.0,2,1.0,13,Private room
40893466,500.0,2,1.0,59,Entire home/apt
671109961456704778,1293.0,4,2.0,152,Entire home/apt
21739393,883.0,4,2.0,32,Entire home/apt
1334796774867813727,680.0,2,1.0,2,Private room
995751424987819026,1106.0,4,1.0,52,Entire home/apt
1485851364278834739,294.0,1,1.0,0,Shared room
46219711,933.0,3,1.0,79,Entire home/apt
1434903548324333299,656.0,2,1.0,3,Private room
4269477,769.0,2,1.0,1,Private room
944229768622956054,1349.0,3,1.0,30,Entire home/apt
968128811219365408,1796.0,1,1.0,6,Entire home/apt
927850596078920381,396.0,3,1.0,47,Private room
39397607,492.0,2,1.0,92,Entire home/apt
734229709644965481,1091.0,2,1.0,194,Entire home/apt
35832001,1135.0,4,2.0,152,Entire home/apt
746549579381619812,319.0,2,1.0,9,Private room
1495234143839259817,946.0,1,1.0,0,Private room
1343693954657820381,376.0,2,1.0,10,Private room
1313893962521362023,3249.0,2,1.0,6,Entire home/apt
1101620473983236166,583.0,2,1.0,28,Entire home/apt
1150805477760850045,1267.0,2,1.0,14,Entire home/apt
32065508,1080.0,4,2.0,173,Entire home/apt
1124311277329782534,288.0,2,1.0,24,Private room
1270319386009913371,633.0,2,1.0,30,Private room
970980668491020971,3551.0,3,1.0,1,Entire home/apt
1258635695973469695,1297.0,2,1.0,5,Entire home/apt
21356151,1717.0,5,2.0,37,Entire home/apt
35459412,1067.0,2,1.0,34,Entire home/apt
35007638,536.0,3,2.0,86,Entire home/apt
1518294402303464625,2479.0,6,3.0,0,Entire home/apt
1026121569125203298,775.0,2,1.0,18,Private room
28344867,780.0,2,1.0,144,Private room
688549735334165347,1425.0,3,1.0,3,Entire home/apt
20729263,4897.0,6,3.0,133,Entire home/apt
27675432,14708.0,14,7.0,178,Entire home/apt
21530946,588.0,2,1.0,383,Private room
798433931185349753,999.0,3,1.0,156,Entire home/apt
1330549934941918745,277.0,2,1.0,16,Private room
940736790966441348,4348.0,4,2.0,65,Entire home/apt
50112257,399.0,2,1.0,75,Private room
32728430,1142.0,8,2.0,446,Entire home/apt
1178431505331938916,329.0,1,1.0,13,Private room
50756326,961.0,2,1.0,18,Entire home/apt
1399359093409231507,9999.0,2,1.0,0,Private room
51715754,1141.0,5,2.0,173,Entire home/apt
1445580263115163606,1312.0,5,2.0,15,Entire home/apt
1486564105416479174,1064.0,4,2.0,0,Entire home/apt
1440048193167611551,471.0,4,2.0,18,Entire home/apt
1380445145109319656,733.0,2,1.0,14,Private room
862452352420442010,683.0,1,1.0,100,Private room
16179127,950.0,2,1.0,65,Entire home/apt
20994042,600.0,2,2.0,45,Entire home/apt
1197146329810591041,985.0,4,1.0,19,Entire home/apt
50657066,2389.0,6,3.0,26,Entire home/apt
13980213,502.0,2,1.0,169,Private room
675363991057756465,255.0,1,1.0,7,Private room
12409152,410.0,2,1.0,340,Entire home/apt
822397279633393297,1815.0,2,1.0,157,Entire home/apt
1222726902032140517,2241.0,2,1.0,3,Entire home/apt
1469020742109621186,11429.0,16,8.0,0,Entire home/apt
1442630285875597656,1281.0,2,1.0,8,Entire home/apt
598459465725304035,600.0,2,1.0,271,Private room
1126791513215587295,1765.0,2,1.0,0,Private room
818753955846835745,213.0,1,1.0,5,Private room
1499457851154793020,703.0,1,2.0,1,Private room
1356727582225377525,568.0,2,1.0,7,Private room
6657150,630.0,2,1.0,101,Private room
1472570840876724625,3420.0,4,2.0,1,Entire home/apt
1351653109834478904,990.0,2,0.0,0,Entire home/apt
1393264428705867775,650.0,4,1.0,4,Private room
46328017,1391.0,2,1.0,24,Entire home/apt
47815661,688.0,2,1.0,10,Entire home/apt
44474877,909.0,2,1.0,12,Entire home/apt
30956554,798.0,2,1.0,18,Private room
1163431314828419036,728.0,4,2.0,10,Entire home/apt
1128988832693006271,305.0,2,1.0,128,Private room
1286257933489955337,1485.0,8,3.0,15,Entire home/apt
14340524,1726.0,4,2.0,284,Entire home/apt
36280230,5436.0,4,2.0,3,Entire home/apt
1355410164135828456,1275.0,4,2.0,30,Entire home/apt
762422473717352663,3841.0,2,1.0,50,Private room
7034914,152.0,2,1.0,0,Private room
1445580381746694548,1259.0,5,2.0,8,Entire home/apt
1360392664308663756,215.0,1,1.0,17,Private room
29923551,802.0,4,1.0,73,Entire home/apt
816669688624453377,2227.0,5,1.0,2,Entire home/apt
1142972921990395534,1213.0,2,1.0,31,Entire home/apt
866232349985181078,4404.0,10,5.0,143,Entire home/apt
1009638707718957855,1577.0,2,1.0,126,Entire home/apt
822510564549533277,731.0,2,1.0,116,Entire home/apt
41315133,781.0,2,1.0,49,Entire home/apt
1186950489297360469,1980.0,4,1.0,1,Private room
899121438940004338,3362.0,4,2.0,8,Entire home/apt
1188744870675509770,844.0,5,2.0,68,Entire home/apt
1466035630532375630,610.0,3,1.0,6,Private room
52720895,1431.0,2,2.0,8,Entire home/apt
1509528708882270930,2177.0,3,1.0,1,Entire home/apt
1020934043736051908,380.0,1,1.0,52,Private room
882695541042708972,2238.0,8,3.0,104,Entire home/apt
1055258829104072730,1493.0,6,3.0,32,Entire home/apt
589109357799786586,1696.0,2,1.0,88,Entire home/apt
1303039250140454892,4601.0,4,2.0,36,Entire home/apt
51207609,977.0,3,1.0,176,Entire home/apt
625317032268794605,2909.0,6,3.0,49,Entire home/apt
1375534954713477213,1780.0,5,2.0,22,Entire home/apt
51333352,1017.0,4,2.0,248,Entire home/apt
1268515919098556433,770.0,3,1.0,8,Entire home/apt
746958740462036739,1837.0,5,2.0,4,Entire home/apt
1173948600010318322,544.0,3,1.0,58,Entire home/apt
18433546,770.0,3,1.0,55,Private room
1330812883745588663,68.0,1,0.0,2,Shared room
1075637413979419256,2643.0,6,3.0,14,Entire home/apt
20605127,1168.0,4,1.0,203,Entire home/apt
827479174441285140,1223.0,2,1.0,13,Entire home/apt
1155326040771822658,1263.0,5,2.0,53,Entire home/apt
978393392650449268,556.0,3,1.0,60,Entire home/apt
1262580382787665998,1712.0,2,1.0,0,Private room
19893588,5100.0,2,0.0,8,Entire home/apt
5885058,636.0,2,1.0,5,Entire home/apt
21812920,616.0,3,1.0,361,Entire home/apt
1055448444436230640,1260.0,2,0.0,117,Entire home/apt
1009595946276783227,536.0,4,1.0,164,Entire home/apt
42520403,338.0,2,1.0,255,Private room
44893056,1189.0,2,1.0,107,Entire home/apt
1467535430655930096,952.0,2,1.0,1,Entire home/apt
1348808220975888304,1595.0,4,1.0,5,Entire home/apt
1372539332054763301,454.0,2,1.0,10,Private room
26332199,1086.0,3,1.0,4,Entire home/apt
826728499506693405,800.0,2,1.0,0,Private room
1460203259106281983,582.0,2,1.0,21,Entire home/apt
1066684946245846186,1916.0,5,3.0,34,Entire home/apt
4118496,1989.0,5,3.0,105,Entire home/apt
890015869205632359,2587.0,6,3.0,78,Entire home/apt
45139594,1556.0,6,2.0,23,Entire home/apt
1498673167534911962,388.0,2,1.0,1,Private room
1410383010406353679,1743.0,4,2.0,26,Entire home/apt
49991136,1375.0,5,2.0,131,Entire home/apt
1242270695323452916,1253.0,2,1.0,126,Entire home/apt
1516065365690917117,2735.0,10,5.0,0,Entire home/apt
35719076,445.0,1,1.0,32,Private room
8842039,1132.0,5,2.0,98,Entire home/apt
1485148969283303793,1478.0,6,3.0,2,Entire home/apt
1016831794310057588,1400.0,4,2.0,6,Entire home/apt
1219717966011746422,861.0,5,3.0,35,Entire home/apt
52244466,1301.0,2,1.0,62,Entire home/apt
25457189,1670.0,4,2.0,78,Entire home/apt
30728901,3240.0,6,3.0,0,Private room
827605917913514820,2984.0,4,2.0,103,Entire home/apt
53993919,592.0,2,1.0,1,Private room
47586187,1211.0,5,2.0,81,Entire home/apt
707258274292225264,1277.0,4,2.0,21,Entire home/apt
1295410282991491493,488.0,1,1.0,0,Private room
1429868740228848674,656.0,2,1.0,33,Entire home/apt
967356034775350767,686.0,2,1.0,279,Private room
1198582626078772710,1633.0,4,1.0,4,Private room
12055598,3600.0,4,2.0,59,Entire home/apt
43248381,266.0,2,1.0,17,Entire home/apt
1213964316939740981,1791.0,6,3.0,11,Entire home/apt
603815392608848505,2153.0,8,3.0,80,Entire home/apt
778206835282350035,917.0,2,1.0,95,Entire home/apt
41835123,622.0,4,2.0,278,Entire home/apt
1461174234977579077,4118.0,2,1.0,0,Private room
44592844,1605.0,2,1.0,112,Entire home/apt
1000776147583858780,2204.0,2,1.0,13,Entire home/apt
1417988516180261588,1800.0,4,1.0,10,Entire home/apt
1400790579571554832,1022.0,2,1.0,2,Private room
17395772,652.0,2,1.0,163,Private room
935014155741211506,939.0,4,2.0,34,Entire home/apt
1456543579453959270,1227.0,2,1.0,0,Private room
803758966788215755,500.0,1,1.0,11,Private room
777564607747206684,949.0,2,1.0,32,Entire home/apt
1497472496746883255,4270.0,2,1.0,0,Private room
1391399099709254823,1513.0,8,2.0,20,Entire home/apt
1477855904429600125,443.0,2,1.0,3,Entire home/apt
884861868534769674,441.0,2,1.0,81,Private room
1499500191720337875,1166.0,3,2.0,0,Entire home/apt
1137808518328723068,1229.0,3,1.0,25,Entire home/apt
1134862581223460701,778.0,2,1.0,15,Entire home/apt
900962808171375815,708.0,2,1.0,45,Entire home/apt
1279181525100779858,449.0,1,1.0,6,Private room
1309560392541739359,400.0,1,1.0,0,Private room
918121993617350545,720.0,2,1.0,17,Private room
47531799,2544.0,2,1.0,106,Private room
44552746,3837.0,6,3.0,1,Entire home/apt
1372538463013572816,2489.0,8,6.0,0,Entire home/apt
847941190453763574,1601.0,4,2.0,45,Entire home/apt
897079864766122426,538.0,2,1.0,12,Private room
1295244168482018466,1567.0,4,1.0,65,Entire home/apt
37398071,675.0,2,1.0,100,Entire home/apt
1168409355240950705,950.0,3,1.0,95,Entire home/apt
1231234670887260778,675.0,3,1.0,9,Private room
1113426862484384069,998.0,2,1.0,11,Entire home/apt
1345296940470498997,419.0,2,1.0,25,Private room
37423391,908.0,6,2.0,428,Entire home/apt
1206751882322062367,950.0,2,1.0,95,Entire home/apt
690121582444548814,1124.0,2,1.0,119,Entire home/apt
13908753,488.0,1,1.0,93,Private room
979132530552942429,1233.0,3,2.0,25,Private room
1181460793686201517,1444.0,4,2.0,39,Entire home/apt
22119481,1095.0,2,1.0,26,Entire home/apt
774773866219147337,1038.0,2,1.0,14,Entire home/apt
38695492,1557.0,6,2.0,447,Entire home/apt
1023979904901299331,1697.0,2,1.0,92,Entire home/apt
36304980,523.0,2,1.0,40,Private room
1427401194812095029,376.0,2,1.0,0,Private room
940708043311099607,2079.0,4,2.0,33,Entire home/apt
964711578188594418,461.0,2,1.0,2,Private room
28278256,1399.0,2,1.0,287,Entire home/apt
37519333,498.0,2,1.0,103,Entire home/apt
1441657833916234765,764.0,4,1.0,23,Entire home/apt
1323412307065333176,728.0,5,2.0,19,Entire home/apt
25135401,727.0,2,1.0,57,Entire home/apt
1234123230961765747,1427.0,2,1.0,1,Entire home/apt
1116676275905032813,970.0,2,1.0,2,Private room
19274458,373.0,2,1.0,113,Private room
51596645,2641.0,6,3.0,201,Entire home/apt
30998957,1054.0,6,2.0,179,Entire home/apt
968111465862066220,3973.0,8,4.0,42,Entire home/apt
1128456938327815560,453.0,2,1.0,3,Private room
1513221754968143326,640.0,4,1.0,0,Private room
1069121280992453280,585.0,2,1.0,8,Private room
35095442,320.0,2,1.0,30,Private room
1461757237578886298,835.0,2,1.0,17,Private room
1335531579706328928,15960.0,12,4.0,0,Entire home/apt
1100009056194562312,1288.0,3,1.0,65,Entire home/apt
50790507,3978.0,4,2.0,28,Entire home/apt
1019249253997723164,379.0,3,1.0,6,Private room
1196008981679081054,2184.0,6,3.0,91,Entire home/apt
1242967391176550705,2582.0,4,2.0,4,Entire home/apt
752349574020322554,441.0,2,1.0,107,Private room
1300222518089394317,2008.0,3,1.0,2,Entire home/apt
32185276,1278.0,4,2.0,198,Entire home/apt
53068836,783.0,3,1.0,30,Entire home/apt
17271839,579.0,2,1.0,6,Private room
1227704219565735721,1203.0,4,2.0,30,Entire home/apt
1375556145291386434,1385.0,2,1.0,5,Private room
958948679828568355,260.0,1,1.0,11,Private room
983276178211850559,3258.0,6,2.0,32,Entire home/apt
49929190,2169.0,2,1.0,108,Entire home/apt
1308065121270298614,392.0,4,1.0,16,Private room
42272237,3038.0,4,2.0,136,Entire home/apt
925336687480725283,626.0,2,1.0,102,Entire home/apt
1087688730978033537,1305.0,4,2.0,27,Entire home/apt
852228095833629276,1310.0,4,2.0,27,Entire home/apt
735616041432237584,1258.0,4,1.0,52,Private room
1277197127413933617,490.0,4,1.0,3,Entire home/apt
37216271,1072.0,5,2.0,57,Entire home/apt
43259728,1466.0,8,4.0,117,Entire home/apt
31716390,987.0,2,1.0,142,Private room
52906693,1898.0,5,3.0,18,Entire home/apt
27638252,234.0,1,1.0,157,Private room
1052315407037668655,5320.0,8,3.0,3,Entire home/apt
40180664,4733.0,4,4.0,0,Private room
1392103579676633203,490.0,1,1.0,11,Private room
17574126,562.0,5,2.0,168,Entire home/apt
1182587052027173335,634.0,2,1.0,35,Private room
42986098,8075.0,2,1.0,19,Entire home/apt
52672796,801.0,4,2.0,71,Entire home/apt
1429730387093562265,1509.0,2,1.0,5,Entire home/apt
902992358541745540,494.0,2,1.0,22,Private room
1236670827223751470,553.0,2,1.0,8,Private room
39675086,865.0,4,1.0,93,Entire home/apt
866184693552411632,753.0,2,1.0,130,Entire home/apt
913018129020389137,1971.0,4,2.0,40,Entire home/apt
746555210350503848,700.0,2,1.0,20,Private room
1337676771635283858,1001.0,4,2.0,24,Entire home/apt
1269576016918227188,881.0,4,1.0,7,Entire home/apt
48700733,1207.0,4,2.0,175,Entire home/apt
51674435,2736.0,7,3.0,12,Entire home/apt
756481619131547503,675.0,2,1.0,23,Private room
14400028,1035.0,4,2.0,43,Entire home/apt
1314745961229507059,324.0,2,1.0,57,Private room
970530168567174666,561.0,1,1.0,75,Private room
10584796,799.0,2,1.0,81,Entire home/apt
1255432149395372288,902.0,3,1.0,6,Entire home/apt
32627176,1520.0,4,2.0,72,Entire home/apt
1431899655156191166,1360.0,2,1.0,0,Private room
1074825135381081339,3443.0,10,4.0,8,Entire home/apt
51866914,1574.0,4,2.0,10,Entire home/apt
51106335,2986.0,8,3.0,86,Entire home/apt
1008710858528329583,4290.0,2,1.0,0,Entire home/apt
1016799297338236227,2894.0,3,1.0,47,Entire home/apt
1031444357298004364,700.0,2,1.0,45,Private room
23838491,1745.0,2,1.0,32,Private room
1472934710733904104,238.0,2,1.0,5,Private room
1360590070217994021,2126.0,2,1.0,0,Entire home/apt
28667057,1050.0,6,3.0,27,Entire home/apt
1390152201138460656,1902.0,5,2.0,7,Entire home/apt
42152820,790.0,3,2.0,44,Entire home/apt
1247403008163631674,5181.0,2,1.0,14,Entire home/apt
31761809,490.0,2,1.0,9,Private room
1377018555880457464,1853.0,2,1.0,0,Private room
51110043,613.0,3,1.0,108,Entire home/apt
1456759407973738588,881.0,4,1.0,20,Entire home/apt
45774948,1100.0,2,1.0,294,Entire home/apt
11608794,801.0,2,1.0,39,Entire home/apt
827788574638020385,1008.0,4,1.0,125,Private room
1300221749732743802,1746.0,2,1.0,3,Entire home/apt
1113403304607638000,636.0,2,1.0,18,Entire home/apt
44263029,282.0,2,1.0,0,Private room
52089596,972.0,2,1.0,97,Entire home/apt
1415551584731765064,1370.0,3,1.0,1,Entire home/apt
33222415,692.0,4,1.0,136,Entire home/apt
817707864623702104,450.0,2,10.0,0,Private room
1396409645286376666,388.0,2,1.0,6,Private room
39368333,893.0,3,1.0,214,Entire home/apt
45533108,861.0,3,1.0,97,Entire home/apt
734989770836824132,774.0,5,2.0,190,Entire home/apt
1441365,1249.0,4,2.0,111,Entire home/apt
810277845447110898,857.0,7,3.0,42,Entire home/apt
986161761294101996,6844.0,8,4.0,17,Entire home/apt
1338739248709878443,2895.0,2,1.0,10,Entire home/apt
1242973130930333705,737.0,6,3.0,41,Entire home/apt
35287183,701.0,2,1.0,25,Private room
1133649942185319240,461.0,2,1.0,6,Private room
1228375312716320943,1206.0,4,0.0,51,Entire home/apt
593584567704012169,774.0,2,1.0,61,Private room
14404300,625.0,1,1.0,28,Private room
805171692527702727,729.0,3,1.0,124,Entire home/apt
3835975,3360.0,8,4.0,200,Entire home/apt
1424588321549751155,3647.0,16,5.0,14,Entire home/apt
1333607313489904597,4500.0,5,2.0,0,Entire home/apt
50178068,999.0,6,2.0,126,Entire home/apt
1039102033416135303,1113.0,4,2.0,90,Entire home/apt
1163934049682454431,1091.0,6,2.0,35,Entire home/apt
1034696978489337808,518.0,2,1.0,61,Entire home/apt
39984784,811.0,2,1.0,231,Entire home/apt
804565639936130165,3164.0,6,3.0,24,Entire home/apt
970979470326530943,3551.0,3,1.0,33,Entire home/apt
28843607,1887.0,10,3.0,184,Entire home/apt
928347142624303675,896.0,2,1.0,33,Entire home/apt
1513310499710779206,2790.0,4,2.0,0,Entire home/apt
39291266,673.0,2,1.0,39,Entire home/apt
1392840678187238166,1184.0,2,1.0,0,Entire home/apt
1081901984827506033,768.0,2,1.0,44,Private room
50112326,556.0,2,1.0,130,Private room
692314843210367592,415.0,2,1.0,123,Entire home/apt
1450046672606143213,312.0,1,1.0,0,Private room
612553201742304711,849.0,3,1.0,75,Private room
741881046640916137,855.0,4,1.0,16,Entire home/apt
28013032,1500.0,2,2.0,32,Entire home/apt
45564723,547.0,2,1.0,67,Entire home/apt
894213154381206556,777.0,2,1.0,66,Private room
1501102987487176423,939.0,3,1.0,0,Entire home/apt
24916567,2224.0,2,1.0,174,Entire home/apt
1128337750096652168,1211.0,2,1.0,17,Entire home/apt
37689039,3068.0,2,1.0,282,Entire home/apt
913191484458195987,805.0,3,1.0,87,Entire home/apt
933945855586135178,855.0,2,1.0,0,Private room
1151998666839378829,5005.0,15,5.0,28,Entire home/apt
1339355276421715802,737.0,2,2.0,11,Entire home/apt
1015467610655741313,433.0,1,1.0,83,Private room
7515880,927.0,2,1.0,239,Entire home/apt
23191679,810.0,2,1.0,11,Private room
12072190,1627.0,3,2.0,73,Entire home/apt
1275612333344103160,1777.0,6,3.0,36,Entire home/apt
1430134895919847593,1055.0,5,2.0,23,Entire home/apt
730380554211142987,1826.0,5,2.0,3,Entire home/apt
45673667,460.0,2,1.0,19,Private room
1148915308188077748,1575.0,8,3.0,30,Entire home/apt
1103499770946704100,1358.0,4,2.0,66,Entire home/apt
15981775,261.0,2,1.0,32,Private room
1320441604259304587,914.0,5,3.0,41,Entire home/apt
50443845,2083.0,6,3.0,106,Entire home/apt
1510296156797614119,1043.0,2,1.0,0,Entire home/apt
1141634050167327818,3665.0,6,3.0,64,Entire home/apt
1179099830125142736,741.0,4,2.0,22,Entire home/apt
4550512,1438.0,1,1.0,76,Private room
1487994973830899800,1067.0,4,2.0,0,Entire home/apt
1472613890178967705,1482.0,2,1.0,1,Entire home/apt
41858523,1080.0,5,2.0,59,Entire home/apt
751521937252664412,1500.0,1,1.0,0,Private room
1516322588219955508,759.0,3,1.0,0,Entire home/apt
17006947,238.0,1,1.0,20,Private room
1137674245459288989,2414.0,2,0.0,231,Entire home/apt
556592616972927168,67500.0,3,2.0,0,Entire home/apt
1479150436502018177,1254.0,4,1.0,2,Entire home/apt
1426240323689558185,686.0,2,1.0,34,Entire home/apt
1377217630937882189,1080.0,4,1.0,0,Entire home/apt
38182474,2712.0,3,1.0,83,Entire home/apt
1089460105909502855,1215.0,4,1.0,12,Entire home/apt
981961180670990327,1350.0,3,2.0,22,Entire home/apt
904290423408422014,4453.0,4,2.0,7,Entire home/apt
1329987507331634870,1111.0,4,2.0,3,Entire home/apt
38696106,713.0,2,1.0,36,Private room
807416434778638272,893.0,6,3.0,12,Entire home/apt
1496081364821323024,1098.0,3,1.0,0,Private room
1192095122273879895,1791.0,4,1.0,25,Private room
995621276683264706,993.0,2,1.0,67,Entire home/apt
53342323,1525.0,2,1.0,150,Entire home/apt
947156038083756085,314.0,1,1.0,5,Shared room
41689180,738.0,4,2.0,79,Entire home/apt
13863462,576.0,3,1.0,22,Private room
1191542705089798222,1301.0,4,2.0,18,Entire home/apt
49717369,1078.0,4,2.0,84,Entire home/apt
1318278858459966536,413.0,2,1.0,106,Entire home/apt
1349413111400325151,978.0,3,1.0,1,Entire home/apt
930346928119266771,2406.0,2,1.0,1,Entire home/apt
790565173048865781,6104.0,14,7.0,93,Entire home/apt
651363136684946932,2859.0,4,2.0,50,Entire home/apt
51212798,1036.0,4,2.0,15,Entire home/apt
821745999867832431,1241.0,2,1.0,74,Entire home/apt
1352199768267222631,1534.0,7,3.0,21,Entire home/apt
798684089158724298,846.0,4,2.0,0,Entire home/apt
14758557,497.0,2,1.0,356,Private room
53132596,428.0,2,1.0,26,Private room
46713391,387.0,2,1.0,20,Private room
1204099443964744730,935.0,3,1.0,90,Entire home/apt
1319078571963617776,2054.0,10,3.0,46,Entire home/apt
1051636,900.0,1,1.0,30,Private room
49057342,792.0,3,1.0,136,Entire home/apt
33167869,816.0,4,2.0,91,Entire home/apt
871905890615030582,765.0,2,1.0,5,Entire home/apt
9446624,2204.0,4,2.0,26,Entire home/apt
961055792698758263,426.0,4,1.0,57,Entire home/apt
1145582616854020711,1080.0,5,1.0,0,Private room
1274734223940906841,3551.0,2,1.0,44,Entire home/apt
1434883682465911713,2401.0,8,2.0,15,Entire home/apt
1228371246061204724,540.0,2,1.0,29,Private room
1501074983776196010,1466.0,2,1.0,0,Entire home/apt
1410529161326054332,2143.0,4,2.0,17,Entire home/apt
869025861573553639,1220.0,2,1.0,0,Private room
29854270,1018.0,4,2.0,178,Entire home/apt
1451485579156873257,642.0,2,1.0,2,Entire home/apt
29542276,2931.0,6,2.0,190,Entire home/apt
31194824,548.0,1,1.0,41,Private room
27054311,313.0,1,1.0,23,Private room
587068799371567118,1008.0,2,1.0,69,Entire home/apt
863137167507012508,1589.0,4,2.0,24,Entire home/apt
872769200918686453,600.0,2,1.0,52,Private room
861736975008013360,998.0,2,1.0,38,Private room
28893939,2776.0,4,2.0,92,Entire home/apt
32764244,706.0,6,2.0,120,Entire home/apt
21853264,8263.0,2,2.0,0,Private room
1488438188643200139,4306.0,4,1.0,4,Entire home/apt
1136442505692572838,1605.0,2,1.0,200,Entire home/apt
950789435717284171,1235.0,2,1.0,38,Entire home/apt
873144006273336633,1017.0,2,1.0,59,Entire home/apt
1258645568358913092,940.0,4,2.0,23,Entire home/apt
11817694,897.0,2,1.0,151,Entire home/apt
1493085740095739551,697.0,2,1.0,4,Private room
1104598983432901502,455.0,1,1.0,22,Private room
1081155803374504966,371.0,1,1.0,18,Private room
706662426248147266,583.0,1,1.0,68,Private room
1403034701889767408,2016.0,4,2.0,0,Private room
14253797,864.0,2,1.0,68,Entire home/apt
32071817,441.0,2,1.0,76,Private room
564440594807963698,998.0,4,2.0,218,Entire home/apt
813850100230220802,1116.0,4,1.0,43,Private room
29126714,1625.0,4,2.0,38,Entire home/apt
1042975570580377164,1067.0,2,1.0,45,Entire home/apt
1366716569648975253,1670.0,4,2.0,6,Entire home/apt
602841660750171301,2992.0,6,3.0,112,Entire home/apt
1015232823727788065,618.0,3,1.0,34,Entire home/apt
1171157786619152314,227.0,1,1.0,3,Private room
1026241133939795377,550.0,1,1.0,0,Private room
892187519584407477,1078.0,4,2.0,2,Entire home/apt
11507601,8657.0,16,20.0,2,Hotel room
921196961273085605,1784.0,4,2.0,48,Entire home/apt
1198749300462043276,2366.0,2,1.0,26,Entire home/apt
1494356750504137978,498.0,2,1.0,2,Private room
1458976289493144927,4068.0,12,5.0,6,Entire home/apt
49405762,1155.0,4,2.0,28,Entire home/apt
1100085804591995889,802.0,2,1.0,19,Private room
37739116,651.0,2,1.0,280,Entire home/apt
1450417433027750329,200.0,2,1.0,0,Private room
1503159595146515205,2326.0,5,2.0,0,Entire home/apt
826250972641245835,1883.0,6,3.0,2,Entire home/apt
788539533250247941,2494.0,7,3.0,42,Entire home/apt
46959933,343.0,2,0.0,111,Entire home/apt
1360181154406257397,1372.0,2,1.0,0,Entire home/apt
1318423732877234756,315.0,2,1.0,44,Private room
26691399,1241.0,2,1.0,173,Entire home/apt
1444655124554805567,1579.0,5,2.0,1,Entire home/apt
892635903612853961,430.0,1,1.0,5,Private room
601353751728719540,2242.0,4,2.0,128,Entire home/apt
1322964576855488374,840.0,2,1.0,33,Private room
802851587006043913,948.0,2,1.0,7,Private room
705275376383014927,430.0,2,1.0,32,Private room
23191850,495.0,1,1.0,64,Private room
1487286449446647057,19400.0,2,1.0,0,Private room
1389137873295461778,2789.0,3,1.0,7,Entire home/apt
34818084,3117.0,7,3.0,145,Entire home/apt
38101573,1082.0,2,1.0,107,Entire home/apt
42136595,1487.0,6,2.0,147,Entire home/apt
42439718,3250.0,6,3.0,14,Entire home/apt
1207295255106485732,741.0,2,1.0,33,Entire home/apt
39134876,506.0,2,1.0,68,Entire home/apt
866903317372858285,884.0,3,1.0,20,Entire home/apt
12404318,1880.0,2,1.0,43,Private room
35125878,950.0,2,1.0,12,Entire home/apt
50789742,1145.0,7,2.0,88,Entire home/apt
834038267349586434,674.0,2,1.0,148,Private room
807293745953434210,620.0,3,1.0,44,Private room
1066200176537050962,4052.0,9,3.0,7,Entire home/apt
736940573978709209,1233.0,4,2.0,133,Entire home/apt
1493039637597011358,660.0,2,1.0,1,Private room
1471216590931832997,1260.0,4,2.0,3,Entire home/apt
691305903072058206,680.0,2,1.0,1,Private room
50954815,287.0,1,1.0,605,Private room
35578561,174.0,4,1.0,29,Entire home/apt
697281588187519072,693.0,3,1.0,10,Entire home/apt
1097137744414210253,1672.0,5,2.0,17,Entire home/apt
801409059894775546,875.0,2,1.0,127,Entire home/apt
34256420,500.0,1,0.0,2,Private room
53047249,514.0,1,1.0,0,Private room
1274165820168350108,969.0,4,2.0,15,Entire home/apt
48594761,508.0,3,1.0,2,Private room
938167564704804899,1371.0,2,1.0,51,Entire home/apt
33899616,872.0,3,1.0,266,Entire home/apt
1273935978462397874,620.0,1,1.0,44,Private room
4276768,817.0,2,1.0,33,Private room
979343204121655107,743.0,4,2.0,43,Entire home/apt
13452812,1086.0,4,2.0,200,Entire home/apt
1500994296689579852,566.0,2,1.0,1,Private room
1137802032102511489,1250.0,3,1.0,11,Entire home/apt
47938862,1050.0,4,1.0,60,Private room
1129781724521298212,305.0,2,1.0,88,Private room
1329149220736932506,2194.0,4,2.0,7,Entire home/apt
39000403,1093.0,4,2.0,72,Entire home/apt
832560873846615964,1155.0,3,1.0,31,Entire home/apt
41841504,518.0,1,1.0,15,Private room
45112029,1127.0,2,1.0,195,Entire home/apt
811446665892990227,1296.0,4,1.0,1,Private room
1417016534338334736,1120.0,2,1.0,16,Entire home/apt
5212601,1763.0,6,3.0,272,Entire home/apt
903758370624707759,646.0,5,1.0,23,Private room
1486400071808288729,1423.0,2,1.0,1,Entire home/apt
832654420769162705,520.0,6,2.0,8,Entire home/apt
1477127217953336418,95000.0,5,2.0,0,Entire home/apt
38107476,901.0,4,2.0,60,Entire home/apt
45413953,1464.0,4,2.0,198,Entire home/apt
1377604864900381381,332.0,1,1.0,4,Private room
630419277072714758,10400.0,16,7.0,5,Entire home/apt
42664925,1260.0,3,1.0,190,Entire home/apt
1065916433738417556,1256.0,3,1.0,38,Entire home/apt
23957804,2005.0,2,0.0,12,Hotel room
1358887222614860760,1758.0,5,1.0,36,Entire home/apt
33451127,1612.0,8,3.0,217,Entire home/apt
1473283601376082348,1939.0,2,1.0,0,Entire home/apt
595845798791822595,1755.0,5,3.0,27,Entire home/apt
45454474,2584.0,2,1.0,6,Entire home/apt
796549289834148358,314.0,2,1.0,70,Private room
39523483,19560.0,6,2.0,8,Entire home/apt
1449745390292001746,1209.0,4,2.0,3,Entire home/apt
902297738960780942,840.0,6,2.0,14,Entire home/apt
1047829805839646286,3431.0,4,1.0,1,Private room
1178912718982403177,1100.0,2,1.0,6,Entire home/apt
1095015284826259929,1719.0,5,2.0,72,Entire home/apt
1386972741200284032,1519.0,4,2.0,18,Entire home/apt
24256220,650.0,7,2.0,26,Entire home/apt
876902377700879454,1019.0,4,2.0,135,Entire home/apt
1510274050086825632,1814.0,4,2.0,2,Entire home/apt
1448782051974459160,860.0,6,2.0,11,Entire home/apt
1037222040791048239,1187.0,6,2.0,26,Entire home/apt
1376348319578429803,1079.0,2,1.0,15,Entire home/apt
636253279383655531,1037.0,4,1.0,4,Private room
52088043,780.0,2,1.0,37,Entire home/apt
40699046,619.0,5,2.0,189,Entire home/apt
658948005535568414,1147.0,4,2.0,62,Entire home/apt
953134344783184139,810.0,4,1.0,11,Entire home/apt
1354758898469087419,799.0,4,2.0,3,Entire home/apt
1481390850605460369,1428.0,2,1.0,0,Private room
842103847483347030,5054.0,14,3.0,24,Entire home/apt
1084762645809284129,785.0,2,1.0,44,Entire home/apt
1481398002982873587,3746.0,4,2.0,0,Entire home/apt
1202828791876227391,482.0,1,1.0,1,Private room
1479273547029043356,1254.0,4,1.0,3,Entire home/apt
857564602143775058,456.0,4,1.0,5,Private room
44997915,2250.0,4,2.0,0,Entire home/apt
1267726631146104871,1170.0,4,2.0,50,Entire home/apt
877864740544827517,656.0,2,1.0,15,Private room
27701253,3773.0,2,1.0,192,Entire home/apt
20650947,810.0,2,1.0,424,Entire home/apt
989865040254511871,2875.0,4,2.0,8,Entire home/apt
1332798583546079175,378.0,2,1.0,8,Private room
51640848,984.0,4,2.0,177,Entire home/apt
1456881811180290803,520.0,3,1.0,2,Private room
1167381751379423858,876.0,2,1.0,14,Private room
48195373,817.0,2,1.0,108,Private room
1376100637566323359,906.0,6,2.0,9,Entire home/apt
1945351,462.0,2,1.0,4,Private room
1438097818978937036,956.0,6,2.0,9,Entire home/apt
1505228888140206080,1193.0,2,1.0,0,Entire home/apt
1321788940313618192,1338.0,6,2.0,5,Entire home/apt
1110945990342873794,358.0,4,1.0,164,Private room
1230598425338398693,1500.0,2,1.0,2,Entire home/apt
2984948,1553.0,2,1.0,49,Entire home/apt
51651846,1277.0,4,2.0,64,Entire home/apt
827530300461588233,2282.0,2,1.0,5,Private room
1336979147103094375,2197.0,1,1.0,18,Private room
1133764570203222462,379.0,1,1.0,97,Private room
16815201,785.0,2,1.0,96,Entire home/apt
47801288,1373.0,2,1.0,56,Entire home/apt
1135796799653374621,2801.0,8,3.0,67,Entire home/apt
899920215009114016,2138.0,3,1.0,23,Entire home/apt
1411090610088318517,1255.0,5,2.0,20,Entire home/apt
1024584465792597175,280.0,1,1.0,0,Private room
990707099397352129,2872.0,6,2.0,250,Entire home/apt
48506144,833.0,4,1.0,170,Entire home/apt
35863522,808.0,4,2.0,138,Entire home/apt
1042070613952508761,1916.0,8,4.0,17,Entire home/apt
1467754609599451524,1041.0,4,2.0,10,Entire home/apt
33712412,1241.0,4,2.0,72,Entire home/apt
24541094,1743.0,4,2.0,32,Entire home/apt
869251048199639861,1993.0,6,2.0,52,Entire home/apt
23625465,500.0,1,1.0,39,Private room
4330122,630.0,1,1.0,70,Private room
911741200211317925,929.0,2,1.0,144,Entire home/apt
1216689871286017343,2057.0,4,2.0,0,Entire home/apt
1146556261353327973,219.0,1,1.0,39,Private room
1064540231463880069,945.0,4,2.0,36,Entire home/apt
27505248,564.0,2,1.0,136,Private room
1183512642560175739,250.0,6,0.0,27,Shared room
1289963974159667990,1504.0,5,2.0,17,Entire home/apt
1101549321834282904,385.0,1,1.0,1,Entire home/apt
28183377,1105.0,2,1.0,67,Private room
22775016,845.0,2,1.0,2,Entire home/apt
1206657160504788376,1186.0,2,1.0,20,Entire home/apt
42668475,1283.0,2,1.0,162,Entire home/apt
993947657698910159,713.0,2,1.0,21,Private room
19946005,984.0,6,2.0,210,Entire home/apt
594140740636890743,1454.0,5,4.0,5,Entire home/apt
833207093486884865,1099.0,6,2.0,29,Entire home/apt
1455452275903223930,972.0,4,1.0,0,Entire home/apt
30507882,1015.0,2,1.0,79,Entire home/apt
52857204,17352.0,12,5.0,3,Entire home/apt
31898385,2029.0,2,1.0,266,Entire home/apt
562385956582105343,2177.0,10,2.0,163,Entire home/apt
1373203629260395693,2100.0,4,2.0,1,Entire home/apt
595577706879705730,1985.0,8,3.0,76,Entire home/apt
985846119352174036,1943.0,2,1.0,140,Private room
52992867,1226.0,2,1.0,240,Entire home/apt
982839140411553993,1267.0,4,2.0,15,Entire home/apt
807941290473600324,686.0,4,1.0,69,Entire home/apt
54357789,961.0,4,2.0,156,Entire home/apt
1174523806294644499,1284.0,4,1.0,121,Entire home/apt
54015790,1700.0,4,2.0,2,Entire home/apt
1045648345660049983,437.0,2,1.0,175,Entire home/apt
45563997,2046.0,3,2.0,38,Entire home/apt
1377803508393564979,1084.0,3,1.0,3,Private room
801496355661629210,619.0,2,1.0,51,Entire home/apt
1208308445380088904,2250.0,4,2.0,2,Entire home/apt
1288609773653857988,1906.0,6,2.0,34,Entire home/apt
660153613487175424,1466.0,6,2.0,125,Entire home/apt
43835795,2855.0,4,1.0,5,Private room
1390209248108718436,2243.0,2,1.0,1,Entire home/apt
1435863338790307421,630.0,3,1.0,9,Private room
940830520444006123,492.0,2,1.0,95,Entire home/apt
1279097964631851899,428.0,3,1.0,22,Entire home/apt
1340095391034230070,450.0,6,1.0,13,Shared room
824492400006013103,948.0,2,1.0,31,Entire home/apt
44680356,1610.0,8,2.0,102,Entire home/apt
1186234590734066977,4254.0,2,1.0,0,Private room
564424249315880835,840.0,4,1.0,92,Entire home/apt
807557135072506762,1116.0,4,2.0,124,Entire home/apt
1196743221496057271,361.0,1,1.0,1,Private room
12093439,710.0,2,1.0,35,Entire home/apt
893365105021849329,598.0,4,2.0,55,Entire home/apt
1203121799830624972,1331.0,1,1.0,0,Private room
758696563080043729,562.0,4,0.0,108,Entire home/apt
15361532,1799.0,4,2.0,292,Entire home/apt
13979143,725.0,2,1.0,124,Entire home/apt
22481251,509.0,2,1.0,156,Private room
798710559506691121,511.0,2,1.0,12,Private room
888566159206544878,1265.0,4,2.0,66,Entire home/apt
1076345091694583515,1073.0,3,1.0,138,Entire home/apt
1082734425498775906,1781.0,5,3.0,45,Entire home/apt
792068345638499797,540.0,2,1.0,40,Private room
53708047,950.0,3,2.0,16,Entire home/apt
43769852,679.0,2,1.0,19,Private room
38905155,365.0,1,1.0,116,Private room
17832566,347.0,1,1.0,22,Private room
1259612939254115330,1046.0,2,1.0,4,Entire home/apt
19893216,1312.0,3,2.0,51,Entire home/apt
927708084389781518,866.0,4,1.0,33,Entire home/apt
19309766,1084.0,2,1.0,26,Private room
1502614531660410636,2051.0,4,2.0,0,Private room
1247363955360433767,2143.0,5,2.0,16,Entire home/apt
588426243094013919,290.0,1,1.0,0,Private room
784703135095218568,1162.0,2,1.0,176,Entire home/apt
1064094935808363451,385.0,1,1.0,16,Private room
42377845,949.0,2,1.0,34,Private room
1305389280109037662,1613.0,6,3.0,13,Entire home/apt
1487047234901318733,378.0,2,1.0,2,Private room
45653055,900.0,2,1.0,34,Entire home/apt
42721675,567.0,1,1.0,11,Private room
16311653,545.0,2,1.0,390,Entire home/apt
822380142718394893,1296.0,2,1.0,1,Private room
773173821103675894,639.0,2,1.0,39,Entire home/apt
785484771967062728,1350.0,4,2.0,109,Entire home/apt
36598744,700.0,4,1.0,4,Entire home/apt
782124952008231167,520.0,1,1.0,27,Private room
25260252,1084.0,2,1.0,336,Entire home/apt
37457125,2841.0,5,1.0,68,Entire home/apt
895233619751182010,1390.0,3,2.0,38,Entire home/apt
13877322,1379.0,2,1.0,342,Entire home/apt
29774318,250.0,1,1.0,0,Private room
25263332,634.0,16,3.0,72,Entire home/apt
1453682808663388976,1595.0,5,1.0,11,Entire home/apt
1248800354442912029,1343.0,6,3.0,23,Entire home/apt
53936041,1448.0,4,1.0,51,Entire home/apt
1274010440158311298,1514.0,6,2.0,76,Entire home/apt
1480671964828766170,1350.0,5,2.0,11,Entire home/apt
1292820150142888640,1059.0,4,2.0,22,Entire home/apt
1274817594317108972,612.0,2,1.0,14,Private room
1191446716304163704,1710.0,4,2.0,0,Entire home/apt
41862135,497.0,2,0.0,4,Private room
816955818279608742,3500.0,6,1.0,0,Entire home/apt
43777185,1007.0,2,1.0,295,Entire home/apt
600019178291626085,849.0,5,2.0,247,Entire home/apt
944326698275912660,909.0,4,1.0,0,Entire home/apt
23158985,1030.0,2,1.0,34,Entire home/apt
1447934983641842441,1155.0,6,3.0,7,Entire home/apt
847127191470870905,447.0,2,1.0,108,Private room
867415885520269973,560.0,2,1.0,18,Private room
54337962,1800.0,4,2.0,145,Entire home/apt
22016125,670.0,2,1.0,466,Private room
1919273,563.0,2,1.0,90,Private room
1217471607366105508,1233.0,5,2.0,14,Entire home/apt
971862167310493967,308.0,1,1.0,5,Private room
1414545397394228736,1124.0,2,1.0,23,Entire home/apt
39024166,1197.0,2,2.0,30,Entire home/apt
610250719316527844,584.0,2,1.0,196,Private room
1312599602888426365,1248.0,2,1.0,2,Private room
21384253,2408.0,5,2.0,160,Entire home/apt
17297729,585.0,2,1.0,320,Private room
1103184953402575988,1551.0,6,2.0,27,Entire home/apt
29982402,534.0,2,1.0,383,Private room
1474985649384939408,862.0,4,1.0,8,Entire home/apt
1131806969261598256,2268.0,3,1.0,6,Entire home/apt
1115988898001716169,5365.0,2,1.0,1,Private room
1447236157688091651,540.0,2,1.0,3,Entire home/apt
1414580958007433833,480.0,2,1.0,0,Private room
27302518,1839.0,4,2.0,259,Entire home/apt
690550715963408703,1940.0,6,2.0,17,Entire home/apt
1361751958707619067,1566.0,4,2.0,7,Entire home/apt
1303573598631304356,1800.0,6,3.0,13,Entire home/apt
1412596433634265871,812.0,2,1.0,11,Private room
37824501,2063.0,2,1.0,497,Entire home/apt
952836651295331534,769.0,3,1.0,77,Private room
934913144889823413,769.0,2,1.0,98,Entire home/apt
911875782735719633,473.0,2,1.0,126,Private room
35353960,1777.0,5,2.0,154,Entire home/apt
1510398168439964426,472.0,2,1.0,4,Private room
1445930576411598164,595.0,1,1.0,3,Private room
1157397202395649564,1130.0,6,2.0,87,Entire home/apt
1105291200850712108,373.0,1,1.0,3,Private room
1336470940104414961,1589.0,4,2.0,52,Entire home/apt
1157377621054477585,1071.0,4,2.0,62,Entire home/apt
33452565,534.0,1,1.0,39,Private room
1297491083222878350,547.0,5,2.0,25,Entire home/apt
968196675660997302,1359.0,6,3.0,28,Entire home/apt
26834471,1530.0,16,6.0,122,Entire home/apt
1390188597799882888,637.0,2,1.0,0,Private room
19037182,1947.0,2,1.0,16,Shared room
37251212,2375.0,8,2.0,1,Entire home/apt
812373795418706059,2500.0,5,2.0,6,Entire home/apt
45860009,1195.0,2,1.0,16,Entire home/apt
45469438,2096.0,7,4.0,213,Entire home/apt
602967733102369750,2818.0,4,2.0,75,Entire home/apt
1438922636667675807,1276.0,3,1.0,20,Entire home/apt
954016452766683313,800.0,4,1.0,188,Entire home/apt
52408656,536.0,1,1.0,31,Private room
1032198025950690961,424.0,2,1.0,69,Private room
870970174042269616,389.0,1,1.0,2,Private room
1115992276479646635,8050.0,2,1.0,2,Private room
22451963,1257.0,2,1.0,254,Entire home/apt
54128435,808.0,4,2.0,46,Entire home/apt
1198074705974880852,664.0,3,1.0,4,Entire home/apt
792242324679172412,2190.0,4,2.0,44,Entire home/apt
4492814,1982.0,4,2.0,21,Entire home/apt
1479163663976730436,1026.0,2,1.0,6,Entire home/apt
1331484788807900471,340.0,1,1.0,0,Private room
1100068325149234353,450.0,1,1.0,0,Private room
41537196,397.0,2,1.0,204,Private room
1469778081588547591,1138.0,2,1.0,0,Entire home/apt
731047516925857173,5201.0,15,5.0,1,Entire home/apt
920975597062505185,1458.0,7,2.0,77,Entire home/apt
1146515553530749012,1521.0,4,2.0,42,Entire home/apt
1310396022172431108,646.0,4,1.0,4,Entire home/apt
34819073,2301.0,7,3.0,353,Entire home/apt
1395214463010588294,1575.0,4,2.0,12,Entire home/apt
982873371905613139,1518.0,6,2.0,26,Entire home/apt
49158916,1381.0,2,1.0,0,Entire home/apt
505036738249100854,1600.0,3,2.0,8,Entire home/apt
1374149620549015853,1272.0,2,1.0,18,Entire home/apt
904453989172379222,1197.0,2,1.0,9,Entire home/apt
1172022390548392911,1351.0,4,1.0,23,Entire home/apt
1173887552840227636,5000.0,6,3.0,1,Entire home/apt
1513148736403438972,1998.0,7,3.0,0,Entire home/apt
14151696,1029.0,3,1.0,9,Entire home/apt
48329990,950.0,4,2.0,43,Entire home/apt
51708339,864.0,2,1.0,72,Entire home/apt
47305701,471.0,2,1.0,38,Private room
811520370214077028,1287.0,4,1.0,0,Private room
1353968944892160136,713.0,2,1.0,12,Entire home/apt
1342347258123313684,1422.0,2,1.0,25,Entire home/apt
18308458,1460.0,2,1.0,160,Entire home/apt
1178412612210416629,1200.0,2,1.0,0,Private room
1143687245961055684,1521.0,4,2.0,30,Entire home/apt
1355318804628278672,742.0,4,2.0,5,Entire home/apt
2447795,1102.0,1,1.0,37,Entire home/apt
578864890472501096,2314.0,4,2.0,15,Entire home/apt
1471259956071395382,1485.0,6,3.0,3,Entire home/apt
1157919563645527239,4000.0,9,4.0,1,Entire home/apt
39822608,717.0,4,1.0,30,Private room
1412445006802417499,2051.0,6,3.0,5,Entire home/apt
853529016151806882,1300.0,2,1.0,2,Private room
839897237962869475,1140.0,4,1.0,104,Entire home/apt
1427111586217314024,741.0,2,1.0,13,Entire home/apt
620564256567621847,862.0,4,1.0,166,Entire home/apt
1166332104092538974,450.0,1,1.0,17,Entire home/apt
808057914630386349,1404.0,2,1.0,39,Entire home/apt
1222683182266929679,2353.0,2,1.0,0,Entire home/apt
1349525312171410831,1215.0,8,1.0,0,Private room
1195107832659972368,855.0,1,1.0,3,Private room
34550340,536.0,2,1.0,46,Entire home/apt
1472892025608323395,238.0,2,1.0,4,Private room
42097145,1500.0,2,1.0,140,Entire home/apt
28219504,294.0,2,1.0,12,Private room
1003711599378014108,990.0,2,1.0,28,Entire home/apt
1443676720504399085,630.0,6,3.0,4,Entire home/apt
21590071,2408.0,2,1.0,529,Entire home/apt
1127118542398869376,3500.0,4,1.0,0,Entire home/apt
937897453689618055,1420.0,5,2.0,23,Entire home/apt
15201457,581.0,2,1.0,90,Entire home/apt
7868766,1408.0,2,1.0,52,Entire home/apt
862420583773452127,3000.0,6,3.0,6,Private room
49130168,1080.0,2,1.0,15,Entire home/apt
1256875970312243925,2712.0,4,1.0,37,Entire home/apt
1299382083930351643,1358.0,3,1.0,12,Entire home/apt
794982872707835616,2196.0,4,2.0,55,Entire home/apt
1480541395514803806,315.0,1,1.0,3,Shared room
573851235590724355,1249.0,4,1.0,52,Entire home/apt
1228376590525840200,2419.0,4,1.0,64,Entire home/apt
42157781,1485.0,2,1.0,6,Entire home/apt
1344230862925538244,1166.0,4,2.0,16,Entire home/apt
1030507464625053162,2948.0,3,2.0,16,Entire home/apt
1481871329685298122,1034.0,2,1.0,8,Entire home/apt
41182400,7400.0,5,3.0,201,Entire home/apt
40968294,952.0,2,1.0,97,Entire home/apt
1244668678200095983,10812.0,12,4.0,44,Entire home/apt
826333789047141626,1047.0,3,1.0,50,Private room
37707132,543.0,2,1.0,302,Entire home/apt
1317087633739316187,1231.0,2,0.0,13,Entire home/apt
1494411985978310508,1998.0,2,1.0,0,Entire home/apt
21951056,1466.0,3,2.0,10,Entire home/apt
41904919,353.0,2,1.0,92,Entire home/apt
620195970688405980,600.0,2,1.0,47,Entire home/apt
47197042,1154.0,4,2.0,55,Entire home/apt
53742540,1264.0,4,2.0,28,Entire home/apt
16416546,1795.0,8,3.0,466,Entire home/apt
1262404938019492172,315.0,1,1.0,0,Private room
1354031355212107673,680.0,4,2.0,0,Entire home/apt
1442028215447846105,1354.0,2,1.0,3,Entire home/apt
726812498145343341,2000.0,2,1.0,13,Entire home/apt
52184744,865.0,3,2.0,4,Entire home/apt
1468251646661989710,3704.0,6,3.0,9,Entire home/apt
38404787,6801.0,13,7.0,0,Entire home/apt
23904585,1656.0,2,0.0,649,Entire home/apt
3947107,240.0,1,2.0,33,Private room
1280434725765495196,380.0,1,1.0,9,Entire home/apt
643315449804000800,948.0,6,3.0,17,Entire home/apt
32576073,717.0,2,1.0,63,Entire home/apt
19162204,894.0,1,1.0,3,Private room
24241999,2170.0,4,2.0,230,Entire home/apt
710255410696223005,606.0,2,1.0,10,Private room
17848739,258.0,2,1.0,52,Private room
38796562,1449.0,4,3.0,40,Entire home/apt
1293738547535631184,4235.0,8,4.0,8,Entire home/apt
1316178836125735310,1063.0,2,1.0,43,Entire home/apt
11950202,1266.0,4,1.0,36,Entire home/apt
953295759687103662,315.0,2,1.0,117,Private room
33973545,613.0,2,1.0,84,Private room
1268296679880245216,12192.0,16,8.0,30,Entire home/apt
9716162,1518.0,3,1.0,63,Entire home/apt
3843651,2974.0,5,2.0,133,Entire home/apt
996095805337543437,1979.0,4,2.0,98,Entire home/apt
1442146724102722607,1300.0,2,1.0,0,Private room
1509028515423563212,1016.0,2,1.0,0,Entire home/apt
21982151,1539.0,4,2.0,55,Entire home/apt
52759391,459.0,3,1.0,40,Private room
806604924338921469,1377.0,2,1.0,53,Entire home/apt
16087696,547.0,2,1.0,61,Private room
897414974119261823,1529.0,4,2.0,91,Entire home/apt
26950887,598.0,2,1.0,181,Entire home/apt
746624554687978726,1329.0,4,2.0,220,Entire home/apt
43836101,2855.0,3,1.0,3,Private room
1398909183978111496,1409.0,2,1.0,10,Entire home/apt
829022061767554784,887.0,3,1.0,76,Private room
832152788874634403,381.0,1,1.0,24,Private room
3536304,787.0,2,1.0,15,Private room
979965100122600225,2567.0,4,2.0,103,Entire home/apt
28718006,1032.0,2,1.0,172,Entire home/apt
1513018618082523713,1047.0,6,3.0,0,Entire home/apt
1369893986536964923,2200.0,4,3.0,9,Entire home/apt
33430598,602.0,2,1.0,68,Entire home/apt
1400942129470715089,290.0,1,1.0,4,Private room
1452959500666514706,1291.0,4,1.0,6,Entire home/apt
923170676464791618,2240.0,2,1.0,0,Private room
39725659,1800.0,2,1.0,7,Entire home/apt
1040740614635808439,411.0,1,1.0,17,Private room
1440105710765590109,350.0,1,1.0,3,Private room
752011141501622465,1244.0,3,1.0,133,Entire home/apt
905441923267000483,4587.0,16,9.0,59,Entire home/apt
1396978768130425669,1985.0,4,2.0,4,Entire home/apt
1094448224581671104,637.0,4,2.0,4,Entire home/apt
1285865366238896314,1616.0,2,1.0,0,Private room
1476371633279293094,1116.0,2,0.0,6,Entire home/apt
42859054,750.0,2,1.0,45,Entire home/apt
877649175027365316,741.0,2,1.0,95,Private room
1461621509897408721,1110.0,2,1.0,17,Entire home/apt
32844871,269.0,1,1.0,54,Shared room
1182175437182476039,545.0,2,1.0,2,Private room
962324883300817745,1312.0,4,2.0,119,Entire home/apt
28108041,650.0,2,1.0,375,Private room
1276153669547948686,987.0,4,2.0,5,Entire home/apt
1358273695124053291,1063.0,5,2.0,11,Entire home/apt
932104477421677936,950.0,4,2.0,46,Entire home/apt
1350305322160554923,1262.0,6,2.0,23,Entire home/apt
960208952659216840,1122.0,4,2.0,126,Entire home/apt
904405852850319331,1039.0,2,1.0,106,Entire home/apt
763202203520272715,1300.0,2,0.0,7,Entire home/apt
46106479,1294.0,2,2.0,29,Entire home/apt
45481614,1350.0,2,1.0,38,Entire home/apt
861780579292007812,326.0,2,1.0,10,Private room
1353714978457766903,5630.0,5,2.0,1,Entire home/apt
1010318208789152560,1910.0,2,0.0,21,Private room
1480593862545318666,1596.0,4,1.0,0,Entire home/apt
17945570,469.0,1,1.0,43,Entire home/apt
1457296720851662484,1365.0,4,2.0,5,Entire home/apt
1081334703287829575,542.0,2,0.0,2,Private room
35231761,1157.0,4,1.0,22,Entire home/apt
1461722647084400578,1336.0,2,1.0,0,Private room
41046976,898.0,2,1.0,325,Entire home/apt
38357653,779.0,2,1.0,208,Entire home/apt
41956503,1255.0,3,2.0,1,Entire home/apt
1502551510982711487,391.0,2,1.0,2,Private room
1411963805426857402,920.0,2,1.0,5,Entire home/apt
1184742064856636929,675.0,3,1.0,16,Entire home/apt
53166462,400.0,1,1.0,0,Private room
31715112,496.0,1,1.0,12,Private room
1375056154292901261,1170.0,2,1.0,9,Entire home/apt
1185729270838667484,964.0,4,1.0,22,Entire home/apt
1348760893154290641,585.0,3,2.0,23,Entire home/apt
1435391915044244980,2385.0,6,3.0,11,Entire home/apt
1421838150125636334,254.0,2,1.0,17,Private room
1035667860792185402,1720.0,4,1.0,5,Entire home/apt
1121270015016990546,943.0,2,1.0,3,Private room
1034085310142983177,961.0,1,1.0,0,Entire home/apt
909473840703217642,1052.0,2,1.0,84,Entire home/apt
860110636259839764,2214.0,4,2.0,115,Entire home/apt
1129277726326196890,361.0,1,1.0,5,Private room
1090892198732447605,1132.0,5,2.0,38,Entire home/apt
1030491224450431069,399.0,2,1.0,10,Private room
25769906,499.0,1,1.0,10,Private room
1426989133071749642,291.0,1,1.0,1,Private room
1184738859635072190,1528.0,4,2.0,2,Entire home/apt
872472867630977170,306.0,1,1.0,4,Private room
1008187762251649812,1370.0,4,0.0,1,Entire home/apt
1203899263679976594,679.0,4,2.0,53,Entire home/apt
716041992058103720,370.0,1,1.0,2,Private room
50384468,1955.0,8,4.0,61,Entire home/apt
31311837,618.0,5,1.0,12,Hotel room
1094509875764440017,2314.0,8,2.0,4,Entire home/apt
1253219094448213760,468.0,2,1.0,37,Entire home/apt
590097045747554082,1805.0,6,3.0,90,Entire home/apt
671275037133782593,1936.0,4,2.0,158,Entire home/apt
823976733228903504,1387.0,4,2.0,32,Entire home/apt
1423215190703565190,967.0,2,1.0,3,Entire home/apt
39822082,585.0,2,1.0,107,Private room
54326367,1193.0,3,1.0,59,Entire home/apt
939786540331070899,1199.0,2,1.0,2,Entire home/apt
48510850,684.0,2,1.0,29,Entire home/apt
1510988872295886783,486.0,1,1.0,1,Private room
1056574450552559693,695.0,2,1.0,115,Private room
1502831116125059423,965.0,6,2.0,2,Entire home/apt
16290948,965.0,4,1.0,38,Entire home/apt
800117834032036762,1368.0,4,2.0,120,Entire home/apt
787819218780104211,1001.0,2,1.0,89,Entire home/apt
1402483413304963490,1788.0,8,3.0,19,Entire home/apt
1481343906311382302,414.0,3,1.0,1,Private room
28968178,1499.0,2,1.0,64,Entire home/apt
950327453435826625,684.0,4,2.0,30,Entire home/apt
1333336780138019527,1466.0,4,2.0,3,Entire home/apt
21112105,1960.0,6,2.0,25,Private room
796270239788243403,1170.0,4,2.0,46,Entire home/apt
21977730,579.0,4,2.0,186,Private room
1030515264596463171,1067.0,4,2.0,66,Entire home/apt
688508341929171315,1125.0,6,3.0,79,Entire home/apt
926238377578899492,774.0,2,1.0,135,Entire home/apt
1029373850535479376,858.0,2,1.0,12,Entire home/apt
1114550223828171235,1387.0,6,2.0,66,Entire home/apt
1295866519138780218,3000.0,6,2.0,15,Entire home/apt
1345257638968232137,1539.0,2,1.0,7,Entire home/apt
16095524,762.0,2,2.0,14,Entire home/apt
1387008161493841593,500.0,4,1.0,10,Entire home/apt
1209421023834068662,1628.0,4,2.0,24,Entire home/apt
1418952360221607866,2853.0,7,3.0,0,Entire home/apt
41942179,220.0,1,1.0,80,Private room
593644933810209846,975.0,6,2.0,153,Entire home/apt
1492796111961386909,1100.0,4,2.0,2,Entire home/apt
1331883158564286389,1760.0,2,1.0,0,Private room
34207741,1374.0,3,1.0,34,Entire home/apt
54232319,4205.0,4,2.0,11,Entire home/apt
1377168957022470472,987.0,2,1.0,1,Private room
11372245,401.0,1,1.0,10,Private room
25532888,280.0,2,1.0,425,Private room
1374874752126322447,1895.0,4,1.0,0,Private room
1516298011226607114,1375.0,2,1.0,0,Entire home/apt
23578743,300.0,1,1.0,6,Private room
1361987491211571948,273.0,1,1.0,0,Private room
1378799805847778183,1250.0,2,1.0,3,Entire home/apt
28361590,308.0,2,1.0,9,Private room
907819309530832200,1029.0,4,2.0,93,Entire home/apt
16772911,1957.0,2,2.0,1,Private room
1269254480041448661,1644.0,2,1.0,0,Entire home/apt
53734762,1179.0,6,2.0,81,Entire home/apt
39203731,9594.0,4,2.0,0,Entire home/apt
831165369666290627,912.0,2,1.0,44,Entire home/apt
1120997410060211490,1130.0,4,2.0,10,Entire home/apt
45700946,2008.0,2,1.0,106,Entire home/apt
1416741151576338049,1438.0,2,1.0,1,Entire home/apt
803901289149398953,400.0,2,6.0,43,Private room
1306635285152128543,400.0,2,1.0,0,Private room
41993601,501.0,4,1.0,80,Entire home/apt
1298218194060605787,1311.0,5,3.0,24,Entire home/apt
782140760989869847,691.0,9,1.0,5,Private room
1362523959975861534,812.0,4,2.0,3,Entire home/apt
36517104,257.0,1,1.0,10,Private room
1121000818528112331,384.0,2,1.0,0,Entire home/apt
33592353,299.0,1,1.0,86,Private room
1506987641500247226,6011.0,16,8.0,0,Entire home/apt
1267387248855051794,1044.0,2,1.0,19,Entire home/apt
1312716612657093424,1536.0,6,2.0,21,Entire home/apt
914688730350775895,454.0,2,1.0,91,Private room
590156278679385439,2064.0,4,2.0,50,Entire home/apt
34037769,498.0,2,1.0,883,Private room
918995595209868214,360.0,4,2.0,85,Entire home/apt
935551717746551595,974.0,2,0.0,273,Private room
766751359437652601,1668.0,3,1.0,100,Entire home/apt
32690028,893.0,3,1.0,6,Entire home/apt
805832316650036169,1400.0,5,2.0,52,Entire home/apt
583321513569316109,2829.0,8,3.0,108,Entire home/apt
1308823149202564268,1170.0,2,1.0,3,Entire home/apt
1356040018353931554,476.0,2,1.0,3,Private room
1453299520907658374,828.0,4,1.0,9,Private room
44106074,1045.0,4,2.0,100,Entire home/apt
1224728195308236830,1600.0,5,3.0,1,Entire home/apt
29157400,751.0,2,1.0,52,Private room
1024097029586789036,1126.0,4,1.0,8,Private room
17424713,641.0,2,1.0,131,Private room
33886508,849.0,3,1.0,72,Entire home/apt
1386348655807090400,1474.0,4,2.0,18,Entire home/apt
1445888326937972377,527.0,1,1.0,7,Private room
1502622860150179557,1801.0,2,1.0,1,Private room
1496012979181109711,1097.0,4,3.0,0,Entire home/apt
619126119488212263,1663.0,4,2.0,19,Entire home/apt
44521291,474.0,2,1.0,86,Private room
803188372947575673,2724.0,6,3.0,77,Entire home/apt
1116257048893986310,461.0,2,1.0,2,Private room
543420180572589469,1301.0,2,1.0,0,Entire home/apt
1330662759751624698,1669.0,12,4.0,27,Entire home/apt
942038054825675081,760.0,1,1.0,0,Private room
1061930847636294248,1067.0,4,1.0,43,Entire home/apt
735420716034093898,1258.0,10,3.0,80,Entire home/apt
872369809814477079,1350.0,2,1.0,75,Entire home/apt
1013642170616601513,1629.0,7,3.0,48,Entire home/apt
730974685484970134,3067.0,4,2.0,122,Entire home/apt
1041930855535670874,14783.0,12,8.0,30,Entire home/apt
49387349,1424.0,4,1.0,60,Entire home/apt
648674569085241643,586.0,2,1.0,166,Private room
9477717,1232.0,2,1.0,172,Entire home/apt
867690375672806869,809.0,1,1.0,0,Private room
1428664672202206533,1213.0,2,1.0,3,Private room
16178867,2700.0,2,1.0,503,Entire home/apt
45482182,1753.0,2,1.0,34,Entire home/apt
42585558,745.0,2,1.0,208,Entire home/apt
20997647,2881.0,6,3.0,1,Private room
856173561837114843,809.0,4,2.0,40,Entire home/apt
1389314305804709698,1747.0,6,2.0,18,Entire home/apt
1477721512292866420,855.0,2,1.0,0,Private room
48774671,847.0,3,1.0,155,Entire home/apt
1478643303809526591,855.0,2,1.0,0,Private room
1513123085013062070,392.0,1,1.0,1,Private room
1517559852595701770,452.0,2,1.0,0,Entire home/apt
33898587,297.0,1,1.0,145,Private room
1333412520896569080,2226.0,2,1.0,10,Private room
1039443448185153783,1998.0,3,1.0,55,Entire home/apt
892733326323429388,710.0,2,1.0,1,Private room
1385878274922162640,855.0,5,2.0,34,Entire home/apt
834016551195400910,1710.0,6,2.0,99,Entire home/apt
20617998,617.0,2,1.0,62,Entire home/apt
24285131,1349.0,4,2.0,298,Entire home/apt
1073544157322764400,1128.0,4,2.0,39,Entire home/apt
1067561497288896637,644.0,2,1.0,78,Entire home/apt
46690492,900.0,2,1.0,10,Entire home/apt
1474869373471750827,688.0,3,1.0,4,Entire home/apt
748041411989767928,1410.0,2,1.0,26,Entire home/apt
824211216518078573,913.0,2,1.0,22,Entire home/apt
32136378,350.0,1,1.0,16,Private room
1075722920848349698,1094.0,2,1.0,50,Entire home/apt
1391594348280755056,954.0,2,0.0,0,Entire home/apt
734685405682946160,7541.0,16,4.0,153,Entire home/apt
745218920121239144,841.0,2,1.0,119,Entire home/apt
4856659,1150.0,2,1.0,82,Private room
15868660,431.0,1,1.0,8,Private room
635481234023215555,430.0,2,1.0,5,Private room
1480435117714582060,1332.0,4,2.0,4,Entire home/apt
1370094054451223203,1204.0,2,1.0,14,Entire home/apt
51784159,772.0,4,2.0,129,Entire home/apt
977896977764369822,357.0,1,1.0,98,Private room
631529474463523427,550.0,1,1.0,23,Private room
997949276805832369,372.0,2,1.0,49,Private room
1112419466792689092,779.0,2,1.0,14,Entire home/apt
544105,838.0,2,1.0,74,Private room
1492318762654020948,849.0,4,1.0,2,Entire home/apt
796536003519870191,1521.0,4,2.0,31,Entire home/apt
53879977,2411.0,2,1.0,1,Entire home/apt
979089488352007500,639.0,2,1.0,4,Private room
45642252,1410.0,4,2.0,166,Entire home/apt
731293095544499215,449.0,1,1.0,12,Private room
1482784042130488011,1852.0,4,2.0,7,Entire home/apt
1456667371988377061,605.0,2,1.0,13,Private room
932703867487979945,1754.0,4,2.0,112,Entire home/apt
680956160204051032,1036.0,4,2.0,141,Entire home/apt
813695515280814829,1125.0,2,1.0,0,Private room
885601755961307188,419.0,2,1.0,43,Entire home/apt
11392895,1309.0,2,1.0,30,Entire home/apt
1460330311089557278,1809.0,2,1.0,0,Private room
637932916771932627,1391.0,4,1.0,84,Entire home/apt
1409836719864519603,675.0,2,1.0,0,Private room
50089769,1850.0,2,1.0,12,Entire home/apt
43468805,1330.0,2,1.0,22,Entire home/apt
16067604,355.0,1,1.0,248,Entire home/apt
1359834772205783812,231.0,2,1.0,18,Private room
23765838,1012.0,4,2.0,295,Entire home/apt
1507452353371953346,5309.0,6,3.0,0,Entire home/apt
944305658349846792,1035.0,2,1.0,3,Private room
855987221544182049,335.0,1,1.0,0,Entire home/apt
844411864780095018,1400.0,4,1.0,7,Private room
1001646878568244293,1124.0,2,1.0,13,Entire home/apt
1092715441313456559,2507.0,2,1.0,2,Entire home/apt
921738766554323244,2700.0,8,3.0,6,Entire home/apt
1518212506886096587,688.0,2,1.0,0,Private room
1298050150504504664,540.0,2,1.0,31,Private room
1227605884504768001,1500.0,2,1.0,56,Entire home/apt
1080347831060307764,862.0,4,2.0,57,Entire home/apt
12408752,375.0,2,1.0,237,Private room
1006039426440812452,360.0,1,1.0,18,Private room
47905940,874.0,1,0.0,1,Entire home/apt
1334251454185563648,1213.0,2,1.0,8,Entire home/apt
1318543137795440340,939.0,2,1.0,19,Entire home/apt
36622350,827.0,3,1.0,85,Entire home/apt
586120263264852591,2990.0,6,2.0,10,Entire home/apt
1259600573843664603,1946.0,7,3.0,26,Entire home/apt
1118794524408724700,353.0,2,0.0,17,Private room
1334063880441099767,1041.0,4,2.0,5,Entire home/apt
1151359131762444866,1182.0,4,1.0,45,Entire home/apt
1298568343449790289,1267.0,1,2.0,0,Entire home/apt
46159134,1178.0,6,2.0,198,Entire home/apt
889250796420638174,1800.0,4,2.0,17,Entire home/apt
35444376,3474.0,4,2.0,92,Entire home/apt
28092494,1022.0,3,1.0,11,Private room
882079490111486455,256.0,2,1.0,0,Private room
778160867619910669,1010.0,2,1.0,62,Entire home/apt
1480826971850838621,1286.0,5,2.0,6,Entire home/apt
888581698199932908,450.0,16,3.0,13,Entire home/apt
1435981511655043146,746.0,2,1.0,0,Private room
1357327833718830644,432.0,1,1.0,3,Private room
37947260,729.0,3,1.0,261,Entire home/apt
898879606830125237,1119.0,3,1.0,73,Entire home/apt
1101538403764512546,1719.0,4,1.0,75,Entire home/apt
1359422678557825132,2628.0,6,3.0,13,Entire home/apt
18117641,203.0,1,1.0,22,Private room
938663627119022069,703.0,2,1.0,24,Private room
31715417,633.0,2,1.0,72,Private room
1457521689087584264,525.0,2,1.0,22,Private room
1327582513064485210,1095.0,6,2.0,4,Entire home/apt
23455935,810.0,4,1.0,18,Entire home/apt
623299569056962608,2532.0,5,1.0,41,Private room
1208137869786621510,1000.0,4,1.0,3,Private room
1404829027728361561,3403.0,16,9.0,5,Entire home/apt
51796980,1720.0,2,1.0,17,Entire home/apt
1385106633866926011,783.0,3,1.0,29,Entire home/apt
765559350071885375,502.0,5,2.0,8,Entire home/apt
35289295,1494.0,1,1.0,9,Private room
1274788702886517893,2800.0,5,2.0,2,Entire home/apt
1354318286505687237,908.0,2,1.0,6,Private room
879813213152863221,634.0,2,1.0,132,Entire home/apt
23188811,890.0,4,2.0,132,Entire home/apt
20392154,1133.0,2,1.0,0,Entire home/apt
774747940731085327,643.0,1,1.0,1,Private room
37946345,480.0,2,1.0,46,Private room
53326812,8976.0,16,6.0,4,Entire home/apt
1260995693695317790,4680.0,2,1.0,0,Entire home/apt
1058377127186813276,683.0,2,1.0,28,Entire home/apt
1377214728630728548,808.0,4,2.0,9,Entire home/apt
858229220462915533,389.0,2,1.0,266,Entire home/apt
618978057016772355,628.0,2,1.0,0,Private room
1256036487964074013,455.0,4,1.0,38,Private room
1075716160089538469,887.0,4,1.0,117,Entire home/apt
1199542347488838103,2207.0,6,2.0,3,Entire home/apt
1356235436622528934,231.0,2,1.0,31,Private room
1169504143392534800,1312.0,4,2.0,44,Entire home/apt
1062121862931726097,1955.0,2,1.0,10,Entire home/apt
1272730886817732954,653.0,4,1.0,30,Entire home/apt
1273480329720500423,558.0,4,1.0,30,Entire home/apt
699938486567975017,1127.0,2,1.0,12,Entire home/apt
756707200545932172,750.0,2,1.0,4,Private room
814508931479202540,850.0,2,1.0,125,Entire home/apt
1287678810814853762,1019.0,2,1.0,26,Entire home/apt
22582872,259.0,1,1.0,19,Private room
1357718093240648837,400.0,1,2.0,0,Private room
1141297512148059166,947.0,2,1.0,9,Entire home/apt
1103797697240983497,740.0,2,1.0,10,Entire home/apt
979306005464233175,1113.0,2,1.0,103,Entire home/apt
24015056,760.0,3,1.0,12,Private room
1380637680258353884,1143.0,3,1.0,2,Entire home/apt
45224691,831.0,2,1.0,126,Entire home/apt
673667673353009954,1327.0,2,1.0,77,Entire home/apt
44074486,225.0,1,1.0,16,Shared room
47585768,756.0,2,1.0,48,Entire home/apt
554402983484446710,5430.0,3,1.0,7,Entire home/apt
19037992,960.0,2,1.0,5,Private room
1487966240408907362,864.0,2,1.0,0,Entire home/apt
17926219,971.0,4,2.0,227,Entire home/apt
1321040195567754129,4413.0,4,1.0,0,Private room
1102341882025099937,514.0,1,1.0,44,Private room
1423262614672660786,719.0,2,1.0,2,Private room
965256600448186294,2057.0,4,2.0,1,Entire home/apt
1440184060234752296,4238.0,9,4.0,12,Entire home/apt
46275866,1669.0,2,1.0,1,Entire home/apt
52243205,3215.0,4,2.0,176,Entire home/apt
1158642534347952248,699.0,2,1.0,27,Entire home/apt
938498994931574806,402.0,2,1.0,151,Private room
46223206,706.0,2,1.0,38,Private room
737221679697420288,2477.0,5,2.0,136,Entire home/apt
932653817888747246,1099.0,5,2.0,71,Entire home/apt
9944588,616.0,1,1.0,90,Private room
1375507721219915863,2898.0,7,3.0,0,Entire home/apt
1111928438150682291,673.0,2,1.0,158,Private room
5191149,1085.0,4,2.0,82,Entire home/apt
902443892667590691,831.0,4,2.0,41,Entire home/apt
48612571,12088.0,3,1.0,0,Entire home/apt
891927471261502304,830.0,3,1.0,52,Entire home/apt
1487103181382194500,472.0,1,1.0,1,Private room
22161368,466.0,1,1.0,22,Private room
48805006,1099.0,2,1.0,129,Entire home/apt
1491638742819476624,815.0,2,1.0,0,Entire home/apt
1452264428719830013,1075.0,2,1.0,0,Entire home/apt
867418238111931636,415.0,2,1.0,86,Entire home/apt
1144159835062064738,400.0,2,1.0,24,Private room
1479192421248474086,1026.0,2,1.0,2,Entire home/apt
23882360,890.0,4,2.0,190,Entire home/apt
1477665849137090579,1675.0,2,1.0,0,Entire home/apt
1105070970537006922,732.0,1,1.0,3,Private room
1158427057428801007,1620.0,5,2.0,0,Entire home/apt
45219265,1100.0,3,1.0,101,Entire home/apt
39609774,829.0,2,1.0,79,Entire home/apt
46055198,867.0,2,1.0,120,Entire home/apt
45774028,999.0,2,1.0,280,Entire home/apt
1324056548645904040,1089.0,4,1.0,19,Entire home/apt
40642406,588.0,1,1.0,24,Entire home/apt
54340506,898.0,9,2.0,198,Entire home/apt
653546254534438912,1524.0,5,2.0,87,Entire home/apt
1513936991165761865,1392.0,2,1.0,0,Entire home/apt
1106549995939886571,990.0,2,1.0,8,Entire home/apt
25388412,242.0,2,3.0,37,Private room
1021203640403825249,2309.0,3,1.0,65,Entire home/apt
891630722213227510,1260.0,5,1.0,39,Entire home/apt
31237378,750.0,2,1.0,175,Entire home/apt
1274690372266506028,821.0,4,1.0,42,Private room
1434326447730154588,596.0,1,1.0,6,Private room
1000688140439781207,1554.0,5,2.0,10,Entire home/apt
1143462973586572995,1119.0,4,2.0,21,Entire home/apt
1016799521989451022,1994.0,3,1.0,80,Entire home/apt
51800266,903.0,2,1.0,90,Entire home/apt
978413598518195696,729.0,2,0.0,61,Entire home/apt
1147967490549687318,1503.0,4,2.0,28,Entire home/apt
928365353294255728,323.0,2,1.0,167,Private room
1416767423163691070,13355.0,8,4.0,0,Entire home/apt
41888609,891.0,2,1.0,179,Entire home/apt
1130559871647510481,1336.0,2,1.0,107,Entire home/apt
904296159624264873,2541.0,4,2.0,10,Entire home/apt
47330753,808.0,2,1.0,72,Private room
685696361134779677,2040.0,5,1.0,118,Entire home/apt
45270293,1086.0,2,1.0,48,Entire home/apt
45287045,1536.0,2,1.0,18,Entire home/apt
16979384,2550.0,1,1.0,2,Private room
1303740490594681466,1010.0,2,1.0,73,Private room
974398983510561092,1707.0,2,1.0,10,Private room
973979947455034839,292.0,1,1.0,30,Private room
1070617835226576934,394.0,2,1.0,54,Private room
587884925172842171,640.0,2,1.0,17,Private room
1413143582023178215,371.0,1,1.0,8,Private room
1160850978120100643,540.0,2,1.0,0,Entire home/apt
49778987,1344.0,3,1.0,12,Entire home/apt
1111935033003811783,768.0,2,1.0,36,Private room
900235723980482942,4124.0,7,3.0,50,Entire home/apt
3645689,845.0,2,1.0,1,Private room
19624298,870.0,6,3.0,1,Private room
1111895492059799244,970.0,2,1.0,7,Private room
45174624,612.0,2,1.0,74,Private room
52530767,531.0,2,1.0,24,Private room
1469042847670612395,988.0,3,3.0,0,Entire home/apt
794831222094362517,750.0,2,1.0,1,Private room
1092316246301300722,311.0,1,1.0,30,Private room
976057978460334320,267.0,2,0.0,37,Private room
19386816,1089.0,6,3.0,618,Entire home/apt
28667177,340.0,2,1.0,19,Private room
8615731,412.0,1,1.0,17,Private room
1126861380779628184,1017.0,2,1.0,28,Entire home/apt
1501129056253805915,1606.0,2,1.0,0,Private room
1263742539379958509,771.0,2,1.0,8,Entire home/apt
28308906,460.0,2,0.0,8,Private room
34274683,1800.0,1,1.0,6,Private room
45636217,448.0,2,1.0,16,Private room
40640749,330.0,1,1.0,20,Private room
1242334814607207653,10000.0,1,1.0,0,Entire home/apt
29657866,385.0,2,1.0,72,Private room
26451119,1828.0,6,3.0,73,Entire home/apt
778248030667475310,808.0,2,1.0,193,Entire home/apt
1385007337378190823,1170.0,1,1.0,0,Private room
1257982684651277195,415.0,1,1.0,2,Private room
933472190275456348,3131.0,4,2.0,8,Entire home/apt
49326491,2082.0,9,4.0,98,Entire home/apt
53004388,2421.0,4,2.0,52,Entire home/apt
1133652731060327910,527.0,3,1.0,10,Private room
54343609,766.0,2,1.0,433,Private room
918078421597454034,3263.0,6,3.0,19,Entire home/apt
1453685389993890247,435.0,2,1.0,0,Entire home/apt
1106427277593034157,2310.0,4,2.0,46,Entire home/apt
43126784,4740.0,5,7.0,0,Entire home/apt
619376128658305329,777.0,2,1.0,33,Private room
43467963,1387.0,2,1.0,3,Entire home/apt
1293864921945837988,2342.0,4,2.0,31,Entire home/apt
23131359,693.0,4,2.0,38,Entire home/apt
766565617983038853,2099.0,4,2.0,42,Entire home/apt
888525263917011765,1727.0,4,1.0,5,Entire home/apt
4133239,1103.0,2,1.0,66,Entire home/apt
1395056955445836849,809.0,3,2.0,4,Entire home/apt
1376403097523169345,1190.0,2,1.0,7,Entire home/apt
1367679457100832217,1614.0,2,1.0,4,Entire home/apt
1408991341215380103,704.0,2,1.0,38,Private room
17958581,1033.0,4,1.0,93,Entire home/apt
1417076718548127894,350.0,2,1.0,12,Private room
626130848073977324,953.0,4,1.0,135,Entire home/apt
1135691815994405206,1496.0,4,1.0,11,Private room
858878397277212406,1554.0,4,1.0,38,Entire home/apt
1354408604173467476,1496.0,8,3.0,50,Entire home/apt
1090740363747456196,2231.0,16,4.0,24,Entire home/apt
1451642635372210787,2816.0,4,2.0,0,Entire home/apt
1427793161557426479,1321.0,4,2.0,6,Entire home/apt
608181274314753904,1347.0,3,1.0,89,Entire home/apt
850109890148917504,1089.0,4,2.0,0,Entire home/apt
1513194837380233358,4992.0,6,3.0,0,Entire home/apt
52857194,1109.0,4,2.0,88,Entire home/apt
1298866135894952064,991.0,6,2.0,1,Entire home/apt
569015058182920268,2561.0,4,2.0,73,Entire home/apt
945785681748947457,704.0,2,1.0,31,Entire home/apt
747448524752615037,675.0,6,2.0,24,Entire home/apt
732893591960336389,3657.0,9,4.0,75,Entire home/apt
527473,2479.0,4,2.0,394,Entire home/apt
32352794,1949.0,2,1.0,257,Entire home/apt
15969578,2790.0,4,3.0,4,Entire home/apt
941944799058370643,644.0,5,2.0,97,Entire home/apt
816944699798858537,1500.0,2,1.0,0,Entire home/apt
862297946426224952,324.0,2,1.0,0,Private room
1481242993029988579,2160.0,2,1.0,1,Entire home/apt
1335760066498821104,2637.0,2,1.0,16,Entire home/apt
786894281401165791,1542.0,4,1.0,26,Entire home/apt
908196830244163629,475.0,2,1.0,14,Private room
1209467977198194989,1326.0,4,2.0,0,Entire home/apt
1142167329238297761,831.0,4,2.0,7,Entire home/apt
1481916554586792035,1829.0,4,2.0,2,Entire home/apt
888450001388708809,734.0,1,1.0,69,Private room
48701306,1252.0,2,1.0,61,Entire home/apt
1242228119811481906,1382.0,2,1.0,31,Entire home/apt
1286316077613177207,1672.0,4,2.0,11,Entire home/apt
6044877,1450.0,5,2.0,242,Entire home/apt
913904441824669127,1955.0,4,2.0,71,Entire home/apt
1342927394326458930,611.0,4,2.0,12,Entire home/apt
1376219934315125386,2226.0,2,1.0,6,Entire home/apt
35644643,546.0,2,1.0,271,Entire home/apt
46281149,2549.0,5,2.0,265,Entire home/apt
1503027619385549375,1327.0,2,1.0,0,Entire home/apt
16340339,748.0,4,2.0,152,Entire home/apt
1332088618319103388,799.0,4,2.0,44,Entire home/apt
1272080718981832869,403.0,3,1.0,75,Private room
973149192613389926,1800.0,8,3.0,60,Entire home/apt
25972311,924.0,3,2.0,106,Entire home/apt
1155976752728752330,671.0,4,2.0,16,Entire home/apt
54149939,560.0,2,1.0,129,Private room
1050718108409258814,567.0,1,1.0,0,Private room
959831661954814829,854.0,2,0.0,56,Entire home/apt
35945919,1757.0,4,2.0,184,Entire home/apt
1092951467231069523,995.0,2,1.0,243,Entire home/apt
24944743,2211.0,4,2.0,270,Entire home/apt
563232362451570336,2375.0,4,2.0,37,Entire home/apt
52092235,485.0,1,0.0,0,Private room
1177205293164393240,1055.0,2,1.0,0,Entire home/apt
21681262,339.0,1,1.0,38,Private room
1132597478119674211,869.0,2,1.0,4,Entire home/apt
1351439066799407050,1321.0,4,2.0,17,Entire home/apt
7492595,600.0,1,1.0,0,Private room
674638690401034527,850.0,2,1.0,5,Private room
1334883632596626561,1395.0,3,1.0,8,Entire home/apt
1405781220652858157,9806.0,14,7.0,0,Entire home/apt
1284904933763993072,1192.0,4,2.0,18,Entire home/apt
35089308,1125.0,4,2.0,73,Entire home/apt
1108523253774134616,1145.0,3,1.0,86,Entire home/apt
33336717,1080.0,4,2.0,55,Entire home/apt
35156997,343.0,3,1.0,28,Private room
50174732,612.0,2,1.0,29,Private room
1458247977517167874,284.0,2,1.0,0,Private room
950120752718492565,869.0,2,1.0,76,Entire home/apt
1282966305489583572,3703.0,2,1.0,0,Private room
1406079676631590927,1093.0,2,1.0,14,Entire home/apt
986310140798779180,2370.0,6,4.0,37,Entire home/apt
52769810,2210.0,4,2.0,1434,Entire home/apt
1416936863160318636,1809.0,4,1.0,4,Entire home/apt
553797282278368399,3530.0,2,1.0,53,Private room
949458378893656648,319.0,1,1.0,15,Private room
52422358,849.0,2,1.0,176,Entire home/apt
942058994461656837,466.0,2,1.0,4,Private room
46358367,1362.0,2,1.0,130,Private room
40872522,4304.0,14,3.0,1,Entire home/apt
14086465,611.0,2,1.0,47,Entire home/apt
1009321786306405968,1700.0,2,0.0,61,Entire home/apt
1453822104658728357,662.0,2,1.0,4,Private room
10337158,743.0,5,2.0,596,Entire home/apt
22226210,1100.0,2,1.0,238,Entire home/apt
973888328897033864,173732.0,16,18.0,0,Entire home/apt
16842800,1581.0,2,1.0,8,Private room
53952391,591.0,2,1.0,186,Entire home/apt
1196440271712261625,1629.0,2,1.0,5,Private room
893601241910654530,1092.0,3,0.0,9,Entire home/apt
785809971045900088,510.0,1,1.0,3,Private room
1356034780243798650,1052.0,3,1.0,39,Private room
33831302,352.0,1,1.0,3,Private room
20689489,1135.0,3,1.0,252,Entire home/apt
16352946,810.0,4,2.0,18,Entire home/apt
1353829329476817559,1019.0,2,1.0,10,Entire home/apt
48135816,570.0,2,1.0,166,Private room
1447186180725254937,1356.0,2,1.0,7,Private room
1377886216331020174,1387.0,5,1.0,20,Private room
1412542613306702059,3660.0,6,3.0,9,Entire home/apt
27471227,205.0,2,1.0,145,Private room
1076862820005291818,220.0,1,1.0,11,Private room
17530535,675.0,4,1.0,96,Entire home/apt
1318801287033500276,1320.0,2,1.0,5,Entire home/apt
1158855529022570738,1170.0,4,3.0,11,Entire home/apt
918116362811499854,2579.0,4,2.0,36,Entire home/apt
1335607216462787353,1496.0,4,1.0,54,Entire home/apt
51367572,1233.0,5,2.0,34,Entire home/apt
887161409972303443,2499.0,7,3.0,6,Entire home/apt
1020161900844219231,2523.0,4,2.0,22,Entire home/apt
704338592720953226,2171.0,6,3.0,1,Entire home/apt
23437301,523.0,2,1.0,252,Private room
1384151890758833649,5143.0,6,3.0,0,Private room
1502870346605456486,1240.0,4,2.0,0,Entire home/apt
1439320036923781520,440.0,3,1.0,2,Entire home/apt
970269735916898933,668.0,2,1.0,70,Private room
42203693,1312.0,5,2.0,146,Entire home/apt
1147967024056969356,1520.0,4,2.0,10,Entire home/apt
19871780,315.0,1,1.0,26,Private room
1369051932613401607,1216.0,2,1.0,0,Entire home/apt
729156783733519368,1182.0,2,1.0,78,Entire home/apt
7422474,1030.0,4,2.0,159,Entire home/apt
2987766,1152.0,2,1.0,36,Entire home/apt
612919630279437774,451.0,2,1.0,269,Private room
1192043774026361431,1286.0,3,0.0,26,Entire home/apt
833440205129077142,506.0,2,1.0,51,Entire home/apt
7133464,1814.0,4,2.0,65,Entire home/apt
41556417,963.0,5,2.0,171,Entire home/apt
1254555059245911681,1999.0,3,1.0,2,Entire home/apt
715177685756689984,308.0,1,1.0,146,Shared room
1007376950436024252,1296.0,2,2.0,13,Entire home/apt
1226232923360167410,1294.0,2,1.0,54,Entire home/apt
795232465992218555,1918.0,4,2.0,88,Entire home/apt
44801950,855.0,2,1.0,150,Entire home/apt
619536319863223668,1080.0,2,1.0,98,Private room
817444949550041352,1991.0,4,2.0,77,Entire home/apt
22084876,825.0,3,1.0,85,Entire home/apt
24706133,1738.0,4,2.0,4,Private room
1138443791398365419,390.0,2,1.0,2,Private room
31627198,243.0,1,1.0,123,Private room
911693947485560998,1018.0,2,1.0,119,Entire home/apt
707539816536014806,839.0,2,1.0,67,Entire home/apt
1441607157240390282,622.0,2,1.0,11,Entire home/apt
35096492,280.0,2,1.0,17,Private room
22097666,467.0,3,2.0,128,Entire home/apt
45431964,3188.0,13,4.0,179,Entire home/apt
1085572161362139685,2030.0,14,3.0,10,Entire home/apt
1309003088126476832,1389.0,2,1.0,34,Entire home/apt
1407313176244629728,1441.0,4,2.0,3,Entire home/apt
47846101,1059.0,3,1.0,30,Entire home/apt
13128142,1350.0,6,2.0,155,Entire home/apt
565884739706661630,917.0,2,1.0,150,Entire home/apt
594254425535816694,884.0,6,2.0,129,Entire home/apt
1494457525282880041,2352.0,6,3.0,0,Entire home/apt
1296520920983895550,195.0,1,1.0,0,Shared room
23519021,600.0,2,1.0,178,Private room
1224044000163075726,4013.0,10,3.0,17,Entire home/apt
1025281000928673999,924.0,2,1.0,119,Entire home/apt
1303825997166773732,528.0,6,2.0,12,Entire home/apt
878447650759490642,2036.0,2,1.0,10,Entire home/apt
1168305373506764510,751.0,4,1.0,24,Private room
50008374,2829.0,5,2.0,12,Entire home/apt
39280002,4656.0,3,1.0,4,Entire home/apt
1037877048878386167,1498.0,6,1.0,132,Private room
53660105,495.0,2,1.0,84,Private room
698606178536592233,6065.0,2,1.0,20,Private room
40352758,3322.0,5,2.0,59,Entire home/apt
8754328,1518.0,6,3.0,213,Entire home/apt
1366850677396802511,153.0,3,1.0,0,Shared room
716583168001820184,593.0,2,1.0,145,Entire home/apt
1463233350945993226,685.0,2,1.0,2,Entire home/apt
1459675531131091348,2844.0,2,1.0,0,Private room
723152433829223597,2800.0,5,2.0,25,Entire home/apt
1419184538998573625,1967.0,5,2.0,0,Entire home/apt
45804504,1674.0,2,1.0,309,Entire home/apt
1135713247221254756,2004.0,8,3.0,51,Entire home/apt
1232151625470074553,780.0,2,1.0,4,Entire home/apt
1138203680206634810,7265.0,9,3.0,20,Entire home/apt
1377199215244760172,1313.0,2,1.0,194,Entire home/apt
888609834508295122,640.0,1,1.0,0,Private room
14537886,492.0,2,1.0,434,Private room
1481272538422540669,1412.0,4,1.0,0,Entire home/apt
644061035915705434,762.0,2,1.0,9,Entire home/apt
1275089584969760912,1080.0,2,1.0,1,Private room
830616110596194503,2598.0,6,3.0,121,Entire home/apt
1069907258076076118,2007.0,4,2.0,80,Entire home/apt
871096610524080462,1287.0,8,3.0,95,Entire home/apt
1003652081061838696,1800.0,4,2.0,7,Entire home/apt
1479302302794602483,888.0,2,1.0,1,Entire home/apt
1435750958593924780,1260.0,2,1.0,4,Entire home/apt
22630140,250.0,1,1.0,318,Private room
1224050473416534517,1542.0,7,2.0,19,Entire home/apt
53708628,944.0,2,1.0,80,Entire home/apt
1359756563511456447,1314.0,3,1.0,1,Private room
1148646217663344475,1096.0,3,1.0,92,Entire home/apt
1411200585314668661,441.0,2,1.0,0,Private room
1507560214393784146,816.0,4,2.0,0,Entire home/apt
1322958076974857807,1050.0,4,1.0,10,Private room
49844041,1511.0,4,2.0,49,Entire home/apt
1472914685005379486,820.0,3,2.0,13,Entire home/apt
1171770141199337162,1080.0,3,1.0,3,Entire home/apt
833186396352143887,5265.0,8,4.0,4,Private room
54385030,869.0,6,1.0,1,Private room
32341132,350.0,1,1.0,22,Private room
948455219864455544,790.0,2,1.0,13,Private room
760275051301676982,305.0,1,1.0,1,Private room
1490203193909377440,638.0,2,1.0,1,Private room
1267022696514924323,1402.0,2,1.0,0,Private room
16359492,4699.0,2,4.0,2,Private room
1456206748490109157,547.0,2,1.0,29,Private room
1462379132902479035,2816.0,6,0.0,3,Entire home/apt
1089139462972939820,2652.0,5,2.0,10,Entire home/apt
1115983830350215662,7865.0,4,1.0,2,Private room
1190743454576957966,998.0,5,2.0,36,Entire home/apt
1290056063427406788,1438.0,4,2.0,24,Entire home/apt
30998403,3280.0,4,2.0,36,Entire home/apt
51708849,1037.0,7,2.0,125,Entire home/apt
1358709378335707749,1614.0,2,1.0,3,Entire home/apt
1441567583390089357,1650.0,2,1.0,0,Private room
1299424413230273990,578.0,2,1.0,1,Private room
1256686244816766209,385.0,1,1.0,10,Private room
21424924,703.0,3,1.0,116,Entire home/apt
757372093171927993,2600.0,7,3.0,112,Entire home/apt
31718102,1291.0,4,1.0,53,Private room
766844829708512945,402.0,2,1.0,28,Private room
36603616,898.0,2,1.0,470,Entire home/apt
1467836665204585946,6480.0,12,4.0,5,Entire home/apt
33092327,256.0,1,1.0,20,Private room
27462914,1143.0,5,2.0,362,Entire home/apt
1236494936651546134,1296.0,4,2.0,4,Entire home/apt
1000616283526173357,1089.0,4,1.0,67,Entire home/apt
787630646012981435,1483.0,4,2.0,28,Entire home/apt
21403695,5537.0,6,3.0,118,Entire home/apt
53276198,1425.0,3,1.0,9,Entire home/apt
45447773,1337.0,2,1.0,218,Entire home/apt
1253800892319208412,1496.0,2,1.0,53,Entire home/apt
1436399539195385510,1261.0,2,1.0,3,Private room
52000271,1506.0,2,1.0,16,Private room
695583442141268109,350.0,2,1.0,45,Private room
910126442697060172,335.0,1,1.0,2,Private room
40400927,513.0,4,1.0,28,Entire home/apt
704337836446780958,2000.0,10,3.0,83,Entire home/apt
44646699,485.0,2,1.0,13,Entire home/apt
1509996858788755471,1543.0,3,1.0,0,Entire home/apt
1131805604735448714,1219.0,3,1.0,23,Entire home/apt
21590457,2317.0,2,1.0,420,Entire home/apt
24186347,1029.0,4,2.0,1,Entire home/apt
1461173401375280892,3790.0,2,1.0,0,Private room
1391599039803366282,1331.0,1,1.0,0,Private room
978535145632860321,305.0,1,1.0,19,Private room
49180234,1401.0,4,1.0,36,Entire home/apt
47164062,410.0,2,0.0,50,Entire home/apt
7835340,1161.0,3,2.0,36,Entire home/apt
19873111,1146.0,4,1.0,137,Private room
873656253695410183,4057.0,4,2.0,0,Entire home/apt
1455296714929862939,540.0,2,1.0,8,Private room
1488169427592210176,524.0,3,1.0,2,Private room
1006590973448161572,1300.0,6,2.0,57,Entire home/apt
54068574,387.0,1,1.0,13,Private room
53534252,455.0,2,1.0,0,Private room
849318651327303243,11075.0,2,1.0,0,Private room
40377182,1579.0,3,1.0,192,Entire home/apt
920552941055573297,805.0,4,2.0,24,Entire home/apt
674931238587594075,1086.0,4,2.0,177,Entire home/apt
755852053208083237,1952.0,2,1.0,0,Private room
21514335,2020.0,13,5.0,121,Entire home/apt
1314495550073311363,490.0,1,1.0,18,Private room
1182096079911509218,3035.0,5,2.0,36,Entire home/apt
35457792,945.0,2,1.0,196,Entire home/apt
42436964,1318.0,5,1.0,380,Entire home/apt
46432355,1493.0,2,1.0,170,Entire home/apt
1041233322296016531,424.0,2,1.0,53,Entire home/apt
1329206220214435457,1919.0,4,2.0,99,Entire home/apt
1477080469522009447,889.0,2,1.0,0,Private room
1187873148982766972,561.0,4,2.0,32,Entire home/apt
35096934,280.0,1,6.0,9,Private room
1495827683144427655,942.0,4,1.0,1,Entire home/apt
14555959,400.0,1,1.0,5,Private room
800801320965019484,944.0,5,2.0,27,Entire home/apt
21122666,1546.0,7,1.0,174,Entire home/apt
1421355084049854931,7470.0,16,8.0,5,Entire home/apt
34675990,350.0,1,3.0,2,Private room
1228368097362653993,587.0,2,1.0,37,Private room
44464920,1016.0,5,2.0,259,Entire home/apt
1443664507308338770,1619.0,4,2.0,7,Entire home/apt
1012261768639530405,744.0,4,1.0,73,Entire home/apt
21765818,579.0,2,1.0,212,Private room
34811258,1449.0,4,2.0,305,Entire home/apt
1461599751709353000,1115.0,2,1.0,0,Private room
30324168,2064.0,5,2.0,128,Entire home/apt
1378799289392782349,1506.0,4,2.0,7,Entire home/apt
994198406899839273,1658.0,4,2.0,11,Entire home/apt
961593454784086393,316.0,1,1.0,58,Shared room
1461889505314775153,1257.0,4,2.0,6,Entire home/apt
40093671,574.0,2,1.0,198,Private room
1137802469311237592,1257.0,3,1.0,24,Entire home/apt
32165308,4562.0,5,2.0,28,Private room
1439487332033670611,1300.0,2,1.0,3,Entire home/apt
32091472,405.0,3,2.0,53,Entire home/apt
1416085228032767599,1826.0,2,1.0,4,Entire home/apt
1412420111563361177,1183.0,2,1.0,21,Entire home/apt
1431153077874531861,1343.0,2,1.0,7,Entire home/apt
934004416447747118,778.0,2,1.0,14,Private room
942146165646359518,1436.0,4,2.0,41,Entire home/apt
862377917271475344,2250.0,4,4.0,4,Entire home/apt
584392414151597698,609.0,2,0.0,111,Entire home/apt
852924688840897962,6000.0,6,3.0,0,Entire home/apt
1376105492603459149,1228.0,4,2.0,0,Entire home/apt
1376112948222921366,2140.0,6,3.0,5,Entire home/apt
1248573388760452130,600.0,3,1.0,21,Entire home/apt
1148047660751091615,1374.0,4,1.0,56,Entire home/apt
19036777,812.0,4,2.0,31,Entire home/apt
1476898318753308546,1589.0,2,1.0,0,Entire home/apt
39423465,519.0,1,1.0,55,Private room
30765315,1045.0,4,2.0,155,Entire home/apt
1181253239540190634,401.0,2,1.0,1,Private room
1164548219166391108,897.0,2,1.0,5,Private room
879013947751926497,4000.0,14,4.0,45,Entire home/apt
28958222,615.0,2,1.0,203,Entire home/apt
13857602,616.0,3,1.0,22,Private room
1447368747497236464,1134.0,2,1.0,7,Entire home/apt
41819543,866.0,2,1.0,160,Entire home/apt
1006773409637705939,405.0,1,1.0,58,Private room
44595180,2140.0,4,2.0,55,Entire home/apt
1274654464188222324,2241.0,2,1.0,123,Entire home/apt
44664865,651.0,3,1.0,44,Private room
926819091589876388,892.0,5,2.0,34,Entire home/apt
1443658046693115008,1855.0,2,1.0,0,Private room
1284440999109111968,1512.0,6,2.0,21,Entire home/apt
35163913,742.0,3,1.0,320,Entire home/apt
1435866991429748409,564.0,2,1.0,15,Private room
40535607,1206.0,2,1.0,132,Private room
1102128502696408061,4109.0,4,2.0,1,Entire home/apt
42097804,1161.0,4,2.0,100,Entire home/apt
40348052,1458.0,5,2.0,13,Entire home/apt
1237758028391881263,1425.0,4,2.0,91,Entire home/apt
1246098033960273940,659.0,2,1.0,10,Private room
774103172312052386,385.0,2,1.0,52,Private room
50876640,1182.0,3,2.0,12,Entire home/apt
46103651,579.0,2,1.0,42,Entire home/apt
1255822983109469937,828.0,3,1.0,1,Entire home/apt
44317840,1127.0,3,1.0,176,Entire home/apt
596555080208591715,700.0,2,1.0,52,Entire home/apt
28456628,1581.0,10,3.0,242,Entire home/apt
739845553425338892,843.0,2,1.0,125,Entire home/apt
777438171873072079,1182.0,4,2.0,237,Entire home/apt
933221410139155806,822.0,2,1.0,31,Entire home/apt
1472836991837174207,1329.0,2,1.0,2,Entire home/apt
1002930419214002765,945.0,6,2.0,63,Entire home/apt
54331178,7150.0,11,7.0,29,Entire home/apt
38927424,2627.0,5,2.0,36,Entire home/apt
659417595679695350,990.0,2,1.0,105,Entire home/apt
50422193,629.0,1,1.0,16,Private room
1378472545070694074,978.0,1,1.0,4,Private room
24034357,781.0,10,5.0,17,Private room
53198534,1500.0,2,1.0,2,Entire home/apt
1391587984765068411,510.0,6,1.0,5,Private room
692031015166878849,3815.0,6,3.0,3,Entire home/apt
1493635673207838341,2414.0,5,2.0,0,Entire home/apt
834131751845346206,1050.0,2,1.0,13,Private room
1308341343273317100,1078.0,2,1.0,0,Entire home/apt
1239410432173204243,493.0,4,2.0,88,Entire home/apt
22587686,984.0,4,2.0,65,Entire home/apt
4278958,2180.0,5,2.0,113,Entire home/apt
1003954366408675433,2823.0,2,1.0,18,Entire home/apt
1471250242987733845,2334.0,4,1.0,1,Entire home/apt
644233291904427692,660.0,2,1.0,21,Entire home/apt
1164789311598341769,1228.0,7,2.0,47,Entire home/apt
12991275,1260.0,1,1.0,0,Private room
795718834951573150,789.0,4,1.0,17,Entire home/apt
1256960619459210136,946.0,2,1.0,22,Entire home/apt
1276108677586624245,1912.0,4,2.0,1,Entire home/apt
918446188708213505,1150.0,8,3.0,6,Entire home/apt
1378619037932770305,695.0,4,2.0,30,Entire home/apt
1428366634614263942,489.0,1,1.0,3,Private room
1078561724067865128,1123.0,4,2.0,59,Entire home/apt
1058911257803742157,630.0,2,1.0,1,Entire home/apt
1192979646444722150,347.0,2,1.0,12,Private room
1503163463539973526,1018.0,4,2.0,0,Entire home/apt
757965296338450188,503.0,4,0.0,154,Entire home/apt
1198528840236296701,1530.0,2,1.0,1,Private room
48602964,1004.0,4,2.0,43,Entire home/apt
879949937848015642,370.0,1,1.0,36,Entire home/apt
49912199,523.0,3,1.0,230,Entire home/apt
18449881,1488.0,2,1.0,303,Entire home/apt
7148100,1843.0,3,1.0,177,Entire home/apt
971907151756405323,385.0,2,2.0,3,Private room
846571819664813116,1330.0,4,1.0,29,Entire home/apt
1211151245967654393,713.0,2,1.0,28,Private room
680623731052902719,942.0,2,1.0,198,Entire home/apt
1477183514933436127,2550.0,4,2.0,1,Private room
1371278080914970623,888.0,3,2.0,10,Entire home/apt
53033138,1359.0,6,2.0,26,Entire home/apt
22833431,1104.0,4,2.0,32,Entire home/apt
52387487,5980.0,6,2.0,263,Entire home/apt
1163969335199579060,1055.0,6,2.0,32,Entire home/apt
521893542608161889,938.0,2,1.0,96,Entire home/apt
763190080726477995,1500.0,1,1.0,2,Private room
899955707130755810,2500.0,6,3.0,1,Entire home/apt
990640376186598400,1488.0,2,1.0,1,Entire home/apt
1248051168045030461,2460.0,2,1.0,24,Entire home/apt
1207404091023301691,922.0,4,1.0,67,Entire home/apt
18754486,2461.0,4,2.0,53,Entire home/apt
13079704,1117.0,4,2.0,190,Entire home/apt
742821322811286560,410.0,2,1.0,4,Private room
1313486698246055605,1452.0,2,0.0,28,Entire home/apt
690332837887272984,432.0,2,1.0,42,Private room
26258163,552.0,2,1.0,68,Private room
44168051,810.0,1,2.0,4,Private room
1355319618078223880,855.0,2,1.0,1,Private room
1479381245867189832,898.0,4,1.0,0,Entire home/apt
1160485813603348800,495.0,2,1.0,0,Entire home/apt
1076828321214410229,1408.0,2,0.0,64,Entire home/apt
1228321542254467058,884.0,1,1.0,0,Private room
589037462384810660,807.0,2,1.0,57,Entire home/apt
1430610341140562750,675.0,2,1.0,1,Entire home/apt
783480,775.0,3,2.0,39,Private room
838373571208149047,5432.0,16,7.0,22,Entire home/apt
1273302331346888873,1044.0,2,1.0,43,Private room
1444331333768517399,1645.0,2,1.0,2,Private room
1045193830389002856,856.0,4,2.0,3,Entire home/apt
863892477513618813,718.0,2,1.0,12,Private room
50978935,1089.0,2,1.0,343,Entire home/apt
1410343153211543627,1260.0,5,2.0,3,Entire home/apt
1436309679959105266,338.0,1,1.0,1,Shared room
805278817845538999,4200.0,16,4.0,73,Entire home/apt
1329930075590332795,1039.0,2,1.0,11,Entire home/apt
1025342947955297193,2724.0,2,1.0,6,Entire home/apt
18502671,517.0,2,1.0,141,Private room
1454474815737678863,864.0,2,1.0,0,Entire home/apt
39423653,449.0,2,1.0,14,Private room
1409766064170943088,9322.0,16,1.0,1,Entire home/apt
955208655919637799,360.0,1,1.0,0,Private room
1259817568065530047,623.0,2,1.0,57,Private room
995895824244098506,2229.0,3,1.0,7,Entire home/apt
1010864582328412772,972.0,2,1.0,45,Entire home/apt
822665438169918090,456.0,1,1.0,1,Private room
1115513594792681860,495.0,2,1.0,4,Private room
52678330,2370.0,4,2.0,16,Entire home/apt
1132271533525609984,964.0,2,1.0,26,Entire home/apt
782491580413906948,1400.0,2,1.0,5,Private room
42521311,4591.0,6,3.0,1,Entire home/apt
721974672747614548,410.0,2,1.0,46,Entire home/apt
1453011612277641382,881.0,4,2.0,4,Private room
1449484277808569843,1800.0,2,1.0,0,Private room
1489241347676986410,551.0,2,1.0,1,Private room
37092207,1415.0,4,1.0,88,Entire home/apt
1284417114809153898,486.0,4,2.0,19,Entire home/apt
1466933070611600985,1656.0,5,2.0,13,Entire home/apt
1084404099829238538,2745.0,4,1.0,4,Private room
38164433,651.0,2,1.0,102,Entire home/apt
1193656449360606003,1054.0,2,2.0,0,Entire home/apt
1486530140152923774,853.0,3,1.0,6,Entire home/apt
758603486339523521,589.0,4,0.0,127,Entire home/apt
1496067259658622045,845.0,6,2.0,0,Entire home/apt
899325106993842557,450.0,2,1.0,5,Private room
47848018,516.0,2,1.0,23,Entire home/apt
45544485,262.0,1,1.0,0,Private room
1012471955560996229,841.0,5,2.0,15,Entire home/apt
1090723594470224536,64566.0,16,16.0,0,Entire home/apt
668921021157381844,2582.0,4,2.0,75,Entire home/apt
27463179,817.0,2,1.0,38,Entire home/apt
3057573,1842.0,4,2.0,372,Entire home/apt
26800521,350.0,2,1.0,64,Private room
50395561,2240.0,4,2.0,46,Entire home/apt
1103058041890565258,2909.0,3,1.0,4,Private room
1249448406879020533,3988.0,4,2.0,35,Entire home/apt
1376892515990361357,791.0,2,1.0,5,Entire home/apt
1513146013562384079,1190.0,4,2.0,0,Entire home/apt
53172582,1435.0,12,3.0,138,Entire home/apt
1237002825519848166,849.0,2,1.0,1,Entire home/apt
785384165879865968,1069.0,3,1.0,28,Entire home/apt
1274102406756336138,668.0,2,1.0,10,Entire home/apt
899942282135300014,1296.0,2,1.0,19,Private room
1430099609109106216,392.0,2,1.0,3,Entire home/apt
1195756946283049831,315.0,2,1.0,6,Entire home/apt
1148041399962065208,2325.0,3,1.0,221,Entire home/apt
580671605701248360,1474.0,7,2.0,222,Entire home/apt
861214982956074435,1184.0,3,2.0,22,Entire home/apt
1226314457793795520,1048.0,6,3.0,30,Entire home/apt
710888574532740740,415.0,2,1.0,178,Entire home/apt
48866393,479.0,2,1.0,75,Private room
40184829,1260.0,2,1.0,13,Private room
1050371186479225765,2339.0,2,1.0,1,Private room
8721086,2689.0,4,2.0,440,Entire home/apt
735400867646783112,2893.0,4,2.0,92,Entire home/apt
670176651319434602,1077.0,4,2.0,85,Entire home/apt
35196533,1060.0,4,1.0,38,Entire home/apt
1477892098590153158,367.0,4,1.0,4,Entire home/apt
48731322,975.0,4,2.0,113,Entire home/apt
1442267586862411429,1450.0,2,1.0,2,Entire home/apt
22223631,1049.0,2,1.0,266,Entire home/apt
3595167,348.0,2,1.0,394,Entire home/apt
785822136621128815,510.0,2,1.0,9,Private room
1451846033718472361,229.0,2,1.0,17,Private room
39920019,1059.0,4,2.0,94,Entire home/apt
15972262,634.0,2,1.0,239,Entire home/apt
924695444838546711,2250.0,4,2.0,6,Entire home/apt
677469587841791838,1658.0,2,1.0,42,Entire home/apt
555969389628041040,707.0,2,1.0,34,Private room
828516793268218474,2790.0,6,3.0,61,Entire home/apt
1269158696903414205,1080.0,2,1.0,57,Entire home/apt
1445731579076460098,878.0,4,1.0,12,Entire home/apt
49079206,576.0,2,1.0,50,Entire home/apt
1148048055916601016,1181.0,4,1.0,48,Entire home/apt
674112808583668105,573.0,2,1.0,21,Shared room
853155855871997778,589.0,2,1.0,13,Entire home/apt
1304645235916909003,1641.0,7,1.0,14,Entire home/apt
52128969,1205.0,4,1.0,68,Entire home/apt
16036879,780.0,3,1.0,134,Entire home/apt
44434793,550.0,1,1.0,13,Private room
967645347389975331,458.0,2,1.0,50,Private room
49246231,887.0,4,2.0,62,Entire home/apt
909474647227052223,1006.0,2,1.0,76,Entire home/apt
810886076247192818,1131.0,6,2.0,91,Entire home/apt
1271257996899703325,617.0,2,1.0,0,Private room
1384095428386466099,858.0,5,2.0,17,Entire home/apt
32280815,678.0,3,1.0,44,Entire home/apt
37015248,333.0,1,1.0,9,Private room
681149806715838088,913.0,2,1.0,2,Private room
1489893367956086534,585.0,1,1.0,1,Private room
10853428,1026.0,3,1.0,27,Entire home/apt
695781337524749945,1842.0,4,2.0,34,Entire home/apt
969534676682862844,1394.0,5,2.0,37,Entire home/apt
987049226358176682,879.0,4,2.0,2,Entire home/apt
1422083889895017477,333.0,2,0.0,13,Private room
821185305870215672,521.0,2,1.0,194,Private room
1496802465157898737,2500.0,3,1.0,0,Entire home/apt
994992308856845175,464.0,1,1.0,76,Private room
1344823787926073113,586.0,1,1.0,0,Entire home/apt
1164735590462937170,855.0,2,3.0,10,Entire home/apt
11574181,637.0,4,2.0,78,Entire home/apt
871933511825471612,394.0,2,1.0,20,Private room
716209404594860307,586.0,2,1.0,143,Entire home/apt
1184736540250680701,941.0,6,3.0,3,Entire home/apt
871118561391115725,1080.0,3,2.0,1,Entire home/apt
1090715417969731110,2320.0,6,2.0,2,Entire home/apt
5055869,1615.0,4,2.0,89,Entire home/apt
35430874,962.0,5,2.0,74,Entire home/apt
795905568610906842,3600.0,4,2.0,33,Entire home/apt
1460844153802452846,567.0,1,1.0,0,Private room
1508361991324181297,2543.0,6,3.0,3,Entire home/apt
1155357917681297601,1220.0,2,1.0,8,Entire home/apt
1377633809347966691,332.0,1,1.0,4,Private room
607648097809078771,916.0,5,2.0,209,Entire home/apt
19109580,1716.0,4,2.0,135,Entire home/apt
1438694568900709003,988.0,2,1.0,13,Private room
14445735,1375.0,2,1.0,328,Entire home/apt
1420184827883925619,648.0,1,1.0,0,Private room
1207993993389314542,384.0,2,1.0,0,Private room
1375492647726612626,3091.0,4,1.0,0,Entire home/apt
758689655648318303,587.0,4,0.0,134,Entire home/apt
52494340,679.0,2,1.0,66,Private room
900738411729284174,931.0,2,1.0,54,Entire home/apt
1472162578018894815,913.0,2,1.0,12,Private room
26753020,446.0,2,1.0,66,Entire home/apt
46511703,12803.0,16,5.0,4,Entire home/apt
836466030150340416,684.0,2,1.0,25,Private room
52294896,1480.0,2,1.0,152,Entire home/apt
24353127,1157.0,4,2.0,169,Entire home/apt
1377029289809264687,676.0,2,1.0,21,Entire home/apt
1208881017212682556,1966.0,4,2.0,14,Entire home/apt
1030280156995655556,2116.0,6,2.0,4,Entire home/apt
11086887,698.0,2,1.0,43,Entire home/apt
1355358445255033752,1267.0,2,0.0,24,Entire home/apt
832618120952245544,1907.0,4,2.0,83,Entire home/apt
50138636,1601.0,6,3.0,142,Entire home/apt
37423515,749.0,6,3.0,10,Entire home/apt
21884823,1055.0,3,1.0,612,Private room
1010453754086779519,1076.0,3,1.0,85,Entire home/apt
6114798,1274.0,2,1.0,55,Entire home/apt
5593671,914.0,4,2.0,398,Entire home/apt
829686209664410018,775.0,2,1.0,14,Private room
1493124355065924405,489.0,2,1.0,1,Private room
41886089,300.0,1,1.0,72,Private room
1334900565062378257,902.0,2,1.0,4,Private room
1069514779173589873,3420.0,4,2.0,1,Entire home/apt
859170999774412999,581.0,2,1.0,0,Private room
1371733553749003828,1414.0,6,2.0,16,Entire home/apt
51651119,1938.0,6,3.0,45,Entire home/apt
1080269204645477201,1785.0,5,2.0,75,Entire home/apt
986219679936996873,1958.0,4,2.0,115,Entire home/apt
43317498,495.0,2,1.0,119,Entire home/apt
24208225,2645.0,2,1.0,0,Private room
569844235396666067,349.0,2,1.0,19,Private room
50416695,912.0,2,1.0,24,Entire home/apt
1488494416467406795,782.0,5,1.0,4,Entire home/apt
781913935754642572,3572.0,4,2.0,10,Entire home/apt
9171973,1501.0,2,1.0,42,Hotel room
1318155254394993302,1215.0,5,2.0,46,Entire home/apt
1171780474587338245,353.0,1,1.0,30,Private room
49059050,548.0,1,1.0,61,Private room
26441372,397.0,1,1.0,18,Private room
51192737,874.0,2,1.0,30,Entire home/apt
45076965,965.0,2,1.0,192,Entire home/apt
984442198723433694,572.0,4,2.0,43,Entire home/apt
1309510972252543886,1429.0,4,2.0,7,Entire home/apt
1503256902717268336,5775.0,12,5.0,0,Entire home/apt
1301790779012455104,1108.0,2,1.0,25,Entire home/apt
684574174145073073,1239.0,2,1.0,70,Entire home/apt
1263056054255582338,1291.0,6,2.0,14,Entire home/apt
763445257837448371,1172.0,5,2.0,62,Entire home/apt
1390199002652578385,1402.0,3,1.0,8,Entire home/apt
988598486579846875,422.0,2,1.0,1,Entire home/apt
1163742544560582402,970.0,2,1.0,8,Entire home/apt
1447196454808573426,1468.0,2,1.0,0,Private room
52536116,1730.0,6,3.0,225,Entire home/apt
1385303307580751214,880.0,2,1.0,41,Private room
1293493341723559165,679.0,4,1.0,12,Entire home/apt
51025341,1181.0,6,3.0,13,Entire home/apt
1485840020951008110,358.0,1,1.0,2,Private room
13084124,2143.0,4,2.0,157,Entire home/apt
1083994455261698873,620.0,4,2.0,7,Entire home/apt
1272710346070735951,2193.0,3,1.0,33,Entire home/apt
821949991174574796,1684.0,6,2.0,73,Entire home/apt
49591006,409.0,2,1.0,47,Private room
45988856,788.0,2,1.0,116,Entire home/apt
963204479375809359,198912.0,16,18.0,1,Entire home/apt
690805614922698803,910.0,2,1.0,40,Private room
698595866837904382,270.0,1,2.0,3,Private room
1481246891643688493,1680.0,2,1.0,0,Private room
1304572526414659682,2500.0,6,2.0,6,Entire home/apt
772639774768616880,28512.0,16,9.0,15,Entire home/apt
42437216,1245.0,5,2.0,194,Entire home/apt
811469296415438945,1296.0,4,1.0,1,Private room
1478602893247724900,845.0,2,1.0,1,Entire home/apt
20814739,570.0,1,1.0,72,Private room
1203771097712432317,925.0,4,2.0,30,Entire home/apt
1148036761808592584,3551.0,5,2.0,32,Entire home/apt
40396234,873.0,6,2.0,199,Entire home/apt
617508516911694217,855.0,4,3.0,50,Entire home/apt
34741604,245.0,5,2.0,51,Entire home/apt
945054621380017348,2850.0,3,2.0,2,Entire home/apt
932785279904436104,312.0,2,1.0,66,Private room
851572661449134265,2234.0,10,3.0,123,Entire home/apt
2127400,2107.0,2,1.0,172,Private room
31036813,771.0,2,1.0,53,Private room
976299933293008776,1854.0,6,2.0,68,Entire home/apt
1039930670263291244,903.0,4,2.0,28,Entire home/apt
1260353153597718683,1112.0,4,2.0,1,Entire home/apt
960552806105560555,379.0,1,1.0,46,Private room
1100349036431482387,600.0,1,1.0,0,Private room
33910689,1837.0,3,1.0,13,Private room
813706149134239725,1125.0,2,1.0,2,Private room
1456212634047951999,2850.0,2,1.0,6,Entire home/apt
1259085572925875795,683.0,2,1.0,40,Private room
19913183,1188.0,2,1.0,63,Entire home/apt
918280811418751827,481.0,2,1.0,1,Entire home/apt
881914076338824297,617.0,4,1.0,0,Entire home/apt
1504802682675808248,2250.0,6,2.0,2,Entire home/apt
1291582480024603813,656.0,1,1.0,2,Private room
47998121,1193.0,2,2.0,7,Entire home/apt
53444514,588.0,1,1.0,8,Private room
10651065,1884.0,2,1.0,38,Entire home/apt
742644488706030643,445.0,1,1.0,2,Private room
1479074742402969345,557.0,2,1.0,1,Private room
1347492389472793485,696.0,2,1.0,24,Entire home/apt
10907873,933.0,8,2.0,253,Entire home/apt
1111030020295020272,489.0,1,1.0,18,Entire home/apt
52977322,1353.0,4,2.0,173,Entire home/apt
48549758,1788.0,4,2.0,160,Entire home/apt
1493742944067445998,1071.0,2,1.0,4,Private room
1170202261708127664,2087.0,4,2.0,23,Entire home/apt
1436466875356626363,1033.0,3,1.0,9,Entire home/apt
1282640426158231748,1401.0,3,1.0,12,Entire home/apt
20980033,1403.0,3,1.0,20,Entire home/apt
1376878236413040423,1481.0,2,1.0,1,Private room
1306458244254219930,1346.0,6,2.0,11,Entire home/apt
1405591543022855670,173.0,1,1.0,0,Shared room
44433904,413.0,2,1.0,2,Private room
963856855669502990,726.0,2,1.0,57,Private room
1421879538963613890,480.0,2,1.0,1,Private room
1495146643714463473,557.0,2,1.0,5,Private room
887243402025949867,849.0,4,1.0,51,Entire home/apt
1472081836735015342,630.0,3,1.0,18,Private room
1453111083483748580,400.0,1,1.0,0,Private room
678890356924972110,525.0,2,1.0,26,Private room
1466829081795244282,980.0,2,1.0,1,Entire home/apt
16635254,1469.0,2,1.0,62,Entire home/apt
1125451844733228170,650.0,3,1.0,78,Entire home/apt
553612513484250692,746.0,1,1.0,91,Private room
1486388782660328749,864.0,2,1.0,0,Entire home/apt
1472012401970459209,521.0,3,1.0,15,Entire home/apt
1498001989984647073,3053.0,4,2.0,0,Entire home/apt
1433417903953715162,1126.0,2,1.0,11,Private room
1056543532664214353,695.0,2,1.0,50,Private room
1141394883382605775,1787.0,8,3.0,51,Entire home/apt
1481333198943727234,405.0,1,1.0,0,Private room
1222326292091632965,856.0,3,2.0,1,Entire home/apt
1303201949101583913,2700.0,4,2.0,0,Entire home/apt
1487614059654711548,1010.0,2,1.0,10,Entire home/apt
27330161,783.0,4,2.0,110,Entire home/apt
44062242,2828.0,4,1.0,9,Private room
668958881247929352,765.0,2,1.0,20,Private room
1201797059960046077,540.0,2,1.0,5,Entire home/apt
4581152,1152.0,2,1.0,134,Entire home/apt
549312408702239245,3380.0,4,2.0,6,Entire home/apt
739812783163995274,482.0,1,1.0,0,Private room
22649066,746.0,4,2.0,234,Entire home/apt
1223575628870056623,487.0,4,1.0,46,Entire home/apt
1206019651438424701,643.0,1,1.0,18,Private room
608939570719960939,586.0,3,1.0,185,Entire home/apt
1360350330963510721,2078.0,6,3.0,22,Entire home/apt
22306943,1116.0,6,2.0,68,Entire home/apt
3756112,680.0,2,1.0,127,Private room
42168167,350.0,2,1.0,33,Private room
1440718953339124172,415.0,2,4.0,6,Private room
714536022566384581,729.0,2,1.0,36,Entire home/apt
40591131,1195.0,4,2.0,110,Entire home/apt
671703373726015476,1030.0,2,1.0,5,Entire home/apt
18346543,650.0,1,1.0,102,Entire home/apt
1105859452439298321,646.0,2,1.0,62,Private room
939307655476343069,600.0,2,1.0,42,Entire home/apt
1013215351296604206,603.0,2,1.0,33,Entire home/apt
1480538013090312574,211.0,4,1.0,6,Shared room
54055348,850.0,2,1.0,246,Entire home/apt
54128201,1179.0,2,1.0,69,Private room
38388408,3000.0,2,1.0,7,Private room
53472949,507.0,2,1.0,60,Private room
1025318777323487401,1513.0,2,1.0,87,Entire home/apt
1208778291748773340,845.0,1,1.0,1,Private room
984813698112436669,2530.0,6,2.0,438,Entire home/apt
755673650375201145,1816.0,5,3.0,1,Entire home/apt
813710472876045073,1125.0,2,1.0,1,Private room
32428471,2343.0,5,3.0,20,Entire home/apt
28765693,1652.0,6,2.0,92,Entire home/apt
1435040345624661940,1183.0,4,1.0,0,Private room
1443660512886056472,296.0,2,1.0,0,Private room
1093623128885375892,570.0,2,1.0,1,Private room
1363148082150917210,1357.0,4,2.0,17,Entire home/apt
1145856715584127967,1007.0,3,1.0,59,Entire home/apt
796362127690490813,1914.0,6,2.0,25,Entire home/apt
1115982098415777384,6084.0,4,1.0,0,Private room
23178897,1470.0,4,2.0,313,Entire home/apt
765423633986278327,765.0,2,1.0,82,Entire home/apt
562223764798730105,1207.0,2,2.0,7,Entire home/apt
1458225604385118083,243.0,8,1.0,20,Shared room
42257887,1630.0,2,1.0,0,Private room
1255447131688695908,2407.0,2,1.0,2,Private room
1323218228547785083,776.0,2,1.0,25,Entire home/apt
1280088234482594800,950.0,4,2.0,0,Entire home/apt
1387944674355732265,1625.0,4,1.0,22,Entire home/apt
28157477,976.0,2,1.0,16,Entire home/apt
49015325,439.0,2,1.0,23,Private room
757216385356996977,1514.0,8,3.0,110,Entire home/apt
1010397331368601239,713.0,4,1.0,48,Entire home/apt
1021143935870505559,1098.0,4,2.0,15,Entire home/apt
23185009,2755.0,5,3.0,7,Entire home/apt
595933801959741363,1361.0,4,1.0,54,Entire home/apt
668843655049984156,1099.0,2,1.0,5,Private room
32919197,1178.0,2,1.0,274,Entire home/apt
943546969226284320,374.0,2,1.0,18,Private room
1050034171628824375,528.0,6,3.0,12,Entire home/apt
1160305026749304483,850.0,7,2.0,12,Entire home/apt
1296460602612611128,1511.0,8,3.0,7,Entire home/apt
1293752172663836636,816.0,2,1.0,1,Entire home/apt
20885940,2007.0,4,2.0,175,Entire home/apt
1287623676393477252,2342.0,3,1.0,12,Private room
1508171644653243179,1089.0,4,1.0,0,Entire home/apt
17364641,1050.0,2,1.0,61,Entire home/apt
919722516149765502,1215.0,2,1.0,5,Entire home/apt
918078258483115068,3121.0,6,3.0,30,Entire home/apt
753066409027399819,378.0,2,1.0,107,Private room
15420209,1029.0,5,2.0,129,Entire home/apt
1156882217737851728,3196.0,16,4.0,8,Entire home/apt
1450838147116173912,2768.0,2,1.0,0,Private room
710090141179396235,1147.0,2,1.0,140,Private room
1334811541641857130,1209.0,2,1.0,1,Private room
1236962826395084811,882.0,4,2.0,8,Entire home/apt
20069705,1178.0,6,3.0,108,Entire home/apt
13618873,2831.0,4,2.0,19,Entire home/apt
16624198,3278.0,2,1.0,57,Entire home/apt
805919197524774704,944.0,2,1.0,17,Private room
48318057,4808.0,2,1.0,0,Private room
44612886,420.0,2,0.0,46,Entire home/apt
1150371906409830971,1135.0,2,1.0,44,Entire home/apt
771554804688944404,420.0,2,0.0,0,Private room
1150805912791370961,1273.0,2,1.0,20,Entire home/apt
1221755599023552007,1159.0,2,1.0,10,Entire home/apt
832603982849211823,2054.0,2,1.0,10,Private room
1492896499471100459,1196.0,2,1.0,2,Entire home/apt
42620610,4304.0,12,3.0,0,Entire home/apt
10154002,1048.0,2,1.0,414,Entire home/apt
694230979803572251,998.0,2,1.0,62,Entire home/apt
1207525807819218262,821.0,2,1.0,39,Entire home/apt
930927132028765841,925.0,3,1.0,33,Private room
1488895095524778175,1462.0,4,2.0,0,Entire home/apt
32450127,654.0,2,1.0,26,Entire home/apt
897800470247308907,1101.0,2,1.0,66,Entire home/apt
832116005418546008,1016.0,2,1.0,72,Entire home/apt
1031367534486226583,1187.0,4,2.0,41,Entire home/apt
1202324229183719456,1359.0,2,1.0,21,Entire home/apt
1148764438356484993,1923.0,3,2.0,16,Entire home/apt
1514763874347439798,353.0,4,1.0,0,Private room
810048197021394277,1399.0,3,1.0,3,Entire home/apt
822713127964809541,1252.0,4,1.0,27,Entire home/apt
36185818,757.0,2,1.0,61,Entire home/apt
50176096,825.0,2,1.0,164,Private room
1414643463909347792,500.0,1,1.0,1,Private room
1151599111114279934,860.0,4,2.0,69,Entire home/apt
1150996636387737745,1468.0,4,1.0,7,Entire home/apt
33609670,1364.0,6,3.0,407,Entire home/apt
1432873702549286090,290.0,2,1.0,1,Private room
26492880,560.0,1,1.0,378,Private room
812230585345117177,600.0,3,1.0,135,Private room
1423450904713664486,859.0,12,3.0,21,Entire home/apt
42317612,1580.0,5,2.0,0,Private room
15919538,1494.0,2,1.0,84,Entire home/apt
46443030,576.0,2,1.0,21,Entire home/apt
1056610788196539603,405.0,2,1.0,36,Private room
22719008,1139.0,2,1.0,116,Entire home/apt
958279680368926316,855.0,5,2.0,70,Entire home/apt
1474869207592297127,1453.0,3,1.0,6,Entire home/apt
551566023887497846,800.0,4,2.0,30,Entire home/apt
1462363515684630471,948.0,4,2.0,1,Entire home/apt
1182994598605269180,1614.0,4,2.0,45,Entire home/apt
15356885,1125.0,3,2.0,131,Entire home/apt
1078972234404556625,1584.0,3,1.0,13,Entire home/apt
1281972924674226732,800.0,2,1.0,65,Private room
686496090033381901,996.0,3,1.0,196,Entire home/apt
43506088,790.0,5,3.0,0,Entire home/apt
717099584129301807,1365.0,4,2.0,168,Entire home/apt
23582023,300.0,1,1.0,3,Private room
1209497870585266931,730.0,2,1.0,25,Private room
1235807180397062885,1053.0,4,2.0,7,Entire home/apt
898099817927010082,1546.0,4,2.0,78,Entire home/apt
42692476,2036.0,5,3.0,83,Entire home/apt
21162705,896.0,5,2.0,284,Entire home/apt
1427594319618374511,960.0,4,1.0,9,Entire home/apt
1325481247846046577,259.0,1,1.0,19,Shared room
1112255858264565751,942.0,2,1.0,32,Entire home/apt
53674654,794.0,3,1.0,9,Entire home/apt
1370441305271310205,739.0,2,1.0,0,Private room
1010816889755227974,3379.0,4,2.0,4,Entire home/apt
1231238339342604851,807.0,2,1.0,29,Private room
1436523437866185335,975.0,4,2.0,13,Entire home/apt
1515443973961074623,323.0,1,1.0,0,Private room
1326563275905357526,990.0,2,1.0,90,Entire home/apt
785697925080196066,1395.0,2,1.0,141,Entire home/apt
1083461353030637051,152016.0,16,15.0,0,Entire home/apt
1344420593779919520,1932.0,3,1.0,4,Entire home/apt
1317534606400468423,4590.0,6,3.0,2,Entire home/apt
42815010,330.0,2,3.0,112,Private room
23463390,957.0,4,1.0,115,Entire home/apt
846608589165475839,350.0,3,1.0,33,Private room
1018291126452703791,720.0,2,1.0,85,Private room
1058831213209256602,2365.0,4,2.0,8,Entire home/apt
49216629,475.0,3,1.0,152,Entire home/apt
36279589,3001.0,16,3.0,17,Entire home/apt
18329759,521.0,4,2.0,259,Entire home/apt
30541361,1402.0,4,2.0,162,Entire home/apt
26232198,2071.0,4,2.0,419,Entire home/apt
872346483449470809,2405.0,6,2.0,96,Entire home/apt
755176552448649958,1335.0,6,2.0,95,Entire home/apt
1436366973375194735,1800.0,2,1.0,2,Entire home/apt
47094141,6747.0,6,3.0,0,Entire home/apt
1195076892920392509,1616.0,4,2.0,18,Entire home/apt
1197926828481144717,1543.0,2,1.0,2,Private room
34515765,414.0,2,1.0,30,Private room
619475928995272139,1351.0,4,1.0,25,Entire home/apt
1472508679096404071,1432.0,2,1.0,0,Private room
707797905998765846,1190.0,2,1.0,11,Entire home/apt
48302862,3050.0,2,1.0,2,Entire home/apt
46607041,762.0,2,1.0,24,Entire home/apt
1312569050224161115,502.0,2,1.0,19,Private room
1172520289468549244,2426.0,5,2.0,75,Entire home/apt
1289917689910947400,1444.0,4,2.0,15,Entire home/apt
1267842734196115001,995.0,2,1.0,3,Entire home/apt
656461929714090445,798.0,2,1.0,1,Private room
637929043214872469,385.0,2,1.0,63,Private room
17907737,1232.0,4,1.0,275,Entire home/apt
20810614,622.0,4,1.0,138,Entire home/apt
34754704,693.0,2,0.0,188,Entire home/apt
787700026004355940,782.0,2,2.0,111,Entire home/apt
1400142605251957590,1254.0,4,2.0,2,Entire home/apt
1476892477011193888,1743.0,4,2.0,2,Entire home/apt
37055105,1340.0,4,1.0,176,Entire home/apt
882523293033573512,891.0,5,2.0,128,Entire home/apt
1449679881076313673,2503.0,4,2.0,16,Entire home/apt
1419732376943485133,1103.0,4,2.0,2,Entire home/apt
920932911353014817,16267.0,16,7.0,6,Entire home/apt
953632981435807937,2614.0,2,1.0,43,Entire home/apt
1372145367956455009,850.0,2,1.0,1,Entire home/apt
1154012088302598197,951.0,2,2.0,1,Private room
809575509882390723,1113.0,6,3.0,222,Entire home/apt
1409694598519746031,1743.0,4,2.0,4,Entire home/apt
747108146073789559,1029.0,3,1.0,86,Entire home/apt
1059672251281876910,1018.0,5,3.0,42,Entire home/apt
1206692890471108362,1729.0,4,2.0,7,Entire home/apt
1503013025936727337,912.0,2,1.0,2,Entire home/apt
1030665190178847055,540.0,2,1.0,12,Private room
1147967280263946793,1505.0,4,2.0,42,Entire home/apt
52422006,1031.0,4,1.0,283,Private room
1427808916469718916,518.0,2,1.0,15,Entire home/apt
833554096007674530,581.0,2,1.0,52,Private room
1492237209114224291,567.0,1,1.0,1,Private room
41641689,809.0,2,1.0,156,Private room
807197522269781915,765.0,2,1.0,1,Private room
1455884100364720377,980.0,6,2.0,11,Entire home/apt
1147964977402534612,1505.0,4,2.0,23,Entire home/apt
904466578466133251,2169.0,2,1.0,50,Entire home/apt
1295834199426983498,1336.0,3,1.0,11,Entire home/apt
12041717,982.0,6,2.0,378,Entire home/apt
852991589943131520,8063.0,4,2.0,57,Entire home/apt
1450067741993443091,1041.0,3,1.0,0,Entire home/apt
1035521577476237515,956.0,4,2.0,60,Entire home/apt
25676577,20000.0,2,1.0,0,Private room
905396636466386420,229.0,1,3.0,25,Private room
883537619594108369,6474.0,8,4.0,26,Entire home/apt
52260438,500.0,6,2.0,5,Entire home/apt
1170256157856742417,1040.0,2,1.0,13,Private room
46727704,1235.0,6,3.0,355,Entire home/apt
39944032,612.0,4,1.0,133,Entire home/apt
904293596456083933,2479.0,4,2.0,11,Entire home/apt
954807354911004324,450.0,1,1.0,4,Private room
1198379468766138768,7851.0,4,1.0,0,Private room
1472172072419281815,758.0,4,1.0,4,Private room
36333701,1067.0,3,1.0,227,Entire home/apt
1066942300214723744,1040.0,2,1.0,36,Entire home/apt
48542219,1700.0,4,2.0,78,Entire home/apt
744947851319245324,3658.0,9,3.0,84,Entire home/apt
13083251,1187.0,3,1.0,98,Entire home/apt
1213746302893036708,913.0,6,1.0,19,Private room
46882450,591.0,2,1.0,274,Entire home/apt
1379320860267638600,336.0,8,1.0,35,Shared room
23702527,568.0,2,1.0,590,Private room
1021211636560553991,2309.0,3,1.0,8,Entire home/apt
1512591900607119969,1203.0,5,2.0,0,Entire home/apt
1406663813159750162,3828.0,6,3.0,16,Entire home/apt
1445389618741870223,669.0,6,1.0,1,Entire home/apt
739791939793627059,1134.0,2,1.0,14,Entire home/apt
51670211,499.0,1,1.0,17,Private room
1275020276668955172,723.0,2,1.0,10,Entire home/apt
878296623850924564,2809.0,5,2.0,33,Entire home/apt
1345262723111784709,664.0,3,1.0,11,Private room
24894999,1441.0,4,2.0,256,Entire home/apt
1384287002997139983,880.0,5,3.0,4,Entire home/apt
1242736263786593762,810.0,2,1.0,2,Entire home/apt
856096646292140800,287.0,1,1.0,24,Private room
49551691,1667.0,2,1.0,101,Entire home/apt
970203251192944808,270.0,1,1.0,0,Private room
1505982293769086515,3368.0,6,3.0,0,Entire home/apt
1050100830765877817,1918.0,6,2.0,68,Entire home/apt
44451200,395.0,1,0.0,0,Private room
808061183060257782,1660.0,2,1.0,12,Entire home/apt
49485487,1083.0,2,1.0,36,Private room
663181071062877974,451.0,2,1.0,117,Private room
44901399,1505.0,6,2.0,41,Entire home/apt
44003713,1227.0,4,2.0,434,Entire home/apt
1444392940636796634,1070.0,2,1.0,10,Entire home/apt
39693453,81000.0,2,1.0,10,Entire home/apt
741629322784374939,6918.0,4,2.0,29,Entire home/apt
1126784194322870496,512.0,2,1.0,47,Private room
1190990290580738715,4201.0,6,3.0,23,Entire home/apt
760859076054990040,2564.0,6,3.0,131,Entire home/apt
898570546446029738,945.0,4,2.0,7,Entire home/apt
1178972530289835037,1038.0,2,1.0,27,Private room
1268875623693036142,987.0,3,2.0,12,Entire home/apt
842065015893437051,1035.0,4,2.0,0,Entire home/apt
1468819029309907600,1197.0,4,2.0,1,Entire home/apt
54258450,1288.0,4,2.0,29,Entire home/apt
32872400,277.0,1,1.0,23,Private room
1359669061856970157,274.0,2,1.0,1,Private room
41878933,1010.0,2,1.0,0,Private room
685413233006182089,430.0,1,0.0,61,Private room
1471295946450565501,1477.0,4,1.0,0,Entire home/apt
1082284685665107315,360.0,2,1.0,43,Private room
1388665456410489328,4327.0,3,3.0,0,Entire home/apt
52132076,1378.0,8,2.0,50,Entire home/apt
570344232022434996,1143.0,4,2.0,90,Entire home/apt
1175603413937828838,909.0,2,1.0,0,Private room
1299621129188383599,460.0,2,1.0,0,Entire home/apt
1516056466804688632,2857.0,10,5.0,0,Entire home/apt
1442053941289299548,1300.0,2,1.0,1,Private room
1302452918960810953,1963.0,2,1.0,11,Private room
1386511725200546459,554.0,2,1.0,33,Private room
692952970029147023,1105.0,5,2.0,8,Entire home/apt
47998638,2126.0,8,3.0,307,Entire home/apt
33833705,553.0,3,1.0,125,Entire home/apt
1201609574484513295,1210.0,2,1.0,71,Private room
48369487,2033.0,4,1.0,33,Private room
7885447,817.0,2,1.0,39,Private room
31382068,900.0,1,1.0,17,Private room
362583,1469.0,4,2.0,50,Entire home/apt
1401040986044791532,1663.0,4,2.0,22,Entire home/apt
1328449461450876288,1145.0,2,1.0,20,Entire home/apt
1497563100501336649,2829.0,10,3.0,0,Entire home/apt
1370491306034227553,1020.0,4,2.0,13,Entire home/apt
1451748487285889581,1069.0,4,2.0,11,Entire home/apt
53097391,181.0,1,1.0,35,Private room
10883860,690.0,2,1.0,228,Private room
40594543,991.0,7,2.0,102,Entire home/apt
46200002,1623.0,2,1.0,237,Entire home/apt
807581903631720463,2450.0,6,2.0,6,Entire home/apt
1306099501175395549,2209.0,5,2.0,47,Entire home/apt
41184609,280.0,2,1.0,37,Entire home/apt
799950829258422357,2400.0,3,1.0,0,Entire home/apt
41177855,178.0,1,1.0,0,Private room
1421188109118940944,434.0,2,1.0,0,Private room
838025702644244200,303.0,1,1.0,22,Private room
632568357684263784,909.0,6,2.0,74,Entire home/apt
3761074,328.0,1,1.0,0,Private room
11825237,1350.0,3,1.0,264,Entire home/apt
1493553637097191490,1197.0,4,1.0,0,Private room
1036247136532687849,5200.0,8,4.0,1,Entire home/apt
1507237217419784676,866.0,2,1.0,0,Private room
1150803268694489005,1264.0,2,1.0,22,Entire home/apt
1076132133526409455,581.0,2,1.0,69,Private room
45068479,833.0,6,2.0,330,Entire home/apt
561064739723099177,764.0,2,1.0,39,Private room
816960653489452064,2853.0,3,1.0,0,Entire home/apt
54180898,652.0,3,1.0,167,Entire home/apt
41415092,220.0,1,1.0,95,Private room
1303037007175924180,44000.0,2,1.0,0,Private room
49749794,1137.0,6,3.0,141,Entire home/apt
39373346,1134.0,4,2.0,45,Entire home/apt
34411577,450.0,2,1.0,12,Private room
812939832146451579,1134.0,2,1.0,22,Private room
47846123,723.0,2,1.0,20,Private room
747341322733110058,670.0,2,1.0,67,Private room
19306496,812.0,2,2.0,159,Entire home/apt
1075571273144005228,733.0,2,1.0,52,Private room
1288630736959480593,998.0,4,1.0,25,Entire home/apt
12973161,1947.0,4,2.0,81,Entire home/apt
45652985,1051.0,4,2.0,242,Entire home/apt
727635693686269478,765.0,3,1.0,13,Private room
1513344674677730601,4500.0,6,3.0,0,Entire home/apt
1361121697576620186,1008.0,2,1.0,1,Private room
39582926,631.0,4,2.0,147,Entire home/apt
913825556260909507,1577.0,3,1.0,30,Entire home/apt
1479146837896890800,411.0,2,1.0,11,Private room
1432917974291967807,2100.0,5,2.0,0,Entire home/apt
32010326,1140.0,2,1.0,1,Entire home/apt
667329695457871277,1600.0,4,2.0,13,Entire home/apt
18123980,1771.0,3,1.0,210,Entire home/apt
17963063,466.0,2,1.0,95,Private room
777733178985812013,555.0,2,1.0,5,Private room
19947512,1436.0,3,1.0,357,Entire home/apt
1021143986344137853,1554.0,4,2.0,26,Entire home/apt
647098966644475226,450.0,1,1.0,22,Private room
49044599,1520.0,2,1.0,123,Entire home/apt
672471227076312649,600.0,1,1.0,2,Private room
1239198797170707290,539.0,2,1.0,1,Private room
44476353,1500.0,4,1.0,72,Entire home/apt
902025120110619603,2591.0,2,1.0,65,Entire home/apt
42546966,2210.0,16,5.0,168,Entire home/apt
988590883021576791,720.0,1,1.0,68,Private room
1209104265399227841,1179.0,3,1.0,3,Entire home/apt
35354712,499.0,2,1.0,95,Private room
1427902113826702031,2205.0,2,2.0,0,Entire home/apt
49466833,664.0,4,2.0,0,Entire home/apt
761068033108208412,872.0,2,1.0,77,Entire home/apt
1005301833865022116,1837.0,6,3.0,43,Entire home/apt
52384286,1215.0,4,2.0,59,Entire home/apt
1447138139725717076,1438.0,4,2.0,6,Entire home/apt
50064413,1345.0,3,1.0,23,Entire home/apt
43087541,475.0,1,1.0,43,Private room
1410442021799122609,762.0,2,1.0,18,Private room
909543496556607841,1710.0,2,1.0,1,Entire home/apt
1279322590446683886,1049.0,4,2.0,31,Entire home/apt
1329744872251237835,1496.0,4,2.0,19,Entire home/apt
1490954244451802871,1441.0,3,1.0,4,Entire home/apt
25978953,502.0,2,1.0,44,Private room
1346498157573270809,2569.0,4,2.0,36,Entire home/apt
13701373,992.0,2,1.0,42,Private room
639732955410357592,1275.0,5,2.0,10,Entire home/apt
886533732477138948,1100.0,6,2.0,72,Entire home/apt
882606754400650786,771.0,2,1.0,44,Entire home/apt
913987975047278644,2541.0,4,2.0,14,Entire home/apt
557538886976471273,1146.0,6,2.0,15,Entire home/apt
52962516,2276.0,4,2.0,11,Entire home/apt
1009060152135434517,1385.0,2,1.0,23,Private room
1504707751812507738,730.0,2,1.0,0,Entire home/apt
1441609879759573103,4612.0,8,4.0,2,Entire home/apt
52304076,1249.0,4,1.0,75,Entire home/apt
29805598,1504.0,3,2.0,15,Entire home/apt
1135845569339496365,810.0,2,0.0,3,Entire home/apt
1316888486770511081,2066.0,2,1.0,1,Entire home/apt
1118172352853118628,12761.0,6,3.0,0,Hotel room
45972957,962.0,3,1.0,4,Entire home/apt
1232064433841832694,305.0,2,1.0,33,Private room
1284241387875866533,3104.0,8,3.0,15,Entire home/apt
26304458,469.0,2,1.0,61,Private room
831237491579810037,1077.0,2,1.0,10,Entire home/apt
1518561444972990747,3082.0,2,1.0,0,Entire home/apt
1069167334104139312,3077.0,4,2.0,41,Entire home/apt
605184577542931626,1044.0,3,1.0,89,Entire home/apt
41824584,1132.0,3,2.0,0,Entire home/apt
46493453,1859.0,5,2.0,172,Entire home/apt
591352092528919967,975.0,1,1.0,45,Private room
1405573257913769625,154.0,1,1.0,1,Shared room
1453839406880269843,965.0,2,1.0,0,Entire home/apt
45517153,264.0,2,1.0,13,Entire home/apt
1153255018551330881,522.0,2,1.0,2,Private room
46513915,3799.0,8,4.0,190,Entire home/apt
53045758,3350.0,14,6.0,136,Entire home/apt
1344405373573389507,348.0,1,1.0,0,Private room
1469854718969750828,633.0,4,2.0,4,Entire home/apt
50485820,2169.0,2,1.0,140,Entire home/apt
1485934530462111658,437.0,4,1.0,0,Entire home/apt
930476454551057900,300.0,1,1.0,3,Private room
589111180677326169,1141.0,2,1.0,95,Entire home/apt
54005369,785.0,2,1.0,110,Entire home/apt
1352333382594265141,1108.0,6,2.0,11,Entire home/apt
595517967783890838,891.0,4,2.0,89,Entire home/apt
1514676267332882273,848.0,2,1.0,0,Entire home/apt
904770353863296019,7737.0,4,2.0,10,Entire home/apt
852378745687073385,596.0,2,1.0,101,Entire home/apt
21439606,904.0,2,1.0,130,Entire home/apt
909523535991033610,679.0,3,2.0,6,Entire home/apt
10407188,9181.0,2,1.0,14,Entire home/apt
37179186,593.0,1,1.0,4,Private room
44446007,1360.0,4,1.0,166,Entire home/apt
39156329,609.0,5,2.0,145,Entire home/apt
780706355490023520,1788.0,4,2.0,65,Entire home/apt
1254984835235426872,810.0,2,0.0,1,Private room
39032132,629.0,3,1.0,311,Private room
1497218961812900641,734.0,2,1.0,1,Private room
1270318399798975276,666.0,2,1.0,18,Private room
745246754318522860,747.0,2,1.0,94,Entire home/apt
1475394964493570565,203.0,1,0.0,10,Shared room
1314469946949281850,1728.0,4,2.0,32,Entire home/apt
1095097850044278973,450.0,1,1.0,7,Private room
28611064,1501.0,3,2.0,46,Entire home/apt
1188455024719455507,1348.0,6,2.0,83,Entire home/apt
1308788646394490594,1199.0,5,2.0,27,Entire home/apt
46005958,788.0,2,1.0,79,Entire home/apt
1420520735679562341,461.0,2,1.0,3,Private room
1155858630920965997,653.0,5,2.0,15,Entire home/apt
1377826598885296933,1344.0,4,1.0,3,Private room
1333450611409275254,1042.0,3,1.0,5,Entire home/apt
729157866236615887,1640.0,2,1.0,18,Entire home/apt
804566771928888462,1415.0,1,1.0,15,Private room
1491549597462910481,618.0,2,1.0,3,Entire home/apt
1229695650957925404,469.0,2,1.0,17,Private room
41738776,324.0,2,1.0,188,Private room
1393021913234880717,1215.0,3,1.0,6,Entire home/apt
1450986637180124365,1196.0,5,0.0,10,Entire home/apt
3293497,823.0,2,1.0,118,Entire home/apt
1185004426591028575,1482.0,3,1.0,33,Entire home/apt
1306585001680631030,1200.0,2,1.0,32,Entire home/apt
619528095030011048,1282.0,2,1.0,113,Private room
1116871250245351414,900.0,2,1.0,7,Entire home/apt
39200684,223.0,2,1.0,38,Private room
53231952,6880.0,15,4.0,47,Entire home/apt
5193870,1236.0,2,1.0,73,Entire home/apt
1141704051452357249,1408.0,4,2.0,17,Entire home/apt
1499352567392677157,515.0,2,1.0,0,Private room
808021639719856001,1226.0,2,1.0,33,Entire home/apt
52243700,716.0,4,2.0,183,Entire home/apt
1478497005727749211,714.0,2,2.0,0,Entire home/apt
759972573258615470,2067.0,5,2.0,19,Entire home/apt
998586441568940181,582.0,2,1.0,2,Entire home/apt
30559340,2800.0,6,2.0,55,Entire home/apt
11408941,850.0,4,2.0,68,Entire home/apt
1314156279114232684,947.0,2,1.0,13,Entire home/apt
27494711,1095.0,4,2.0,127,Entire home/apt
1450971478045466194,1158.0,2,1.0,8,Private room
1447138646063810138,765.0,2,1.0,3,Private room
788345796393551649,7015.0,10,3.0,74,Entire home/apt
1137810032863617972,1210.0,3,1.0,19,Entire home/apt
755914405293140938,2550.0,3,1.0,15,Entire home/apt
1073122385472479759,410.0,2,1.0,66,Entire home/apt
897424611434581038,1650.0,4,2.0,74,Entire home/apt
1457698184875804440,562.0,2,1.0,1,Private room
1402515128089069627,1035.0,2,1.0,1,Entire home/apt
1022179047947322832,828.0,2,0.0,56,Entire home/apt
726174383009427223,899.0,2,1.0,168,Private room
1385742877841238140,1442.0,4,1.0,1,Entire home/apt
1334863278334191284,1162.0,2,1.0,1,Private room
43477654,1409.0,2,1.0,268,Entire home/apt
616951157277867376,779.0,3,1.0,99,Entire home/apt
53188651,482.0,2,1.0,42,Private room
910986273643676657,1876.0,4,2.0,81,Entire home/apt
1456070225892171821,1202.0,4,2.0,3,Entire home/apt
558681031078388342,1500.0,2,1.0,2,Private room
1482813895649321704,3017.0,16,0.0,5,Entire home/apt
20896664,1795.0,2,1.0,286,Entire home/apt
1050872837689216849,1943.0,2,1.0,2,Private room
38190989,719.0,4,1.0,486,Entire home/apt
1441595833430753473,1823.0,2,1.0,0,Private room
25815807,1769.0,2,1.0,385,Entire home/apt
808047260926651228,1600.0,2,1.0,38,Entire home/apt
1517583871833905644,828.0,2,1.0,0,Private room
34370328,673.0,2,1.0,70,Private room
50400718,3106.0,2,1.0,38,Private room
1274656212191751759,1528.0,2,1.0,158,Entire home/apt
1210083539339231590,1615.0,3,1.0,10,Entire home/apt
1482312413725766153,455.0,1,1.0,0,Private room
43134901,222.0,4,2.0,21,Entire home/apt
1461210436383872193,2000.0,6,3.0,14,Entire home/apt
1175524158714572328,2604.0,2,1.0,5,Private room
1030501898280862631,1613.0,6,2.0,101,Entire home/apt
498609201590707562,961.0,2,1.0,162,Entire home/apt
928349730306229353,930.0,2,1.0,32,Entire home/apt
1018964108445644545,2929.0,3,1.0,17,Entire home/apt
952432487320318525,1774.0,2,1.0,123,Entire home/apt
1501219904029277774,444.0,1,1.0,0,Private room
50704826,437.0,2,1.0,0,Entire home/apt
811024198875334738,2717.0,3,1.0,16,Entire home/apt
16212940,3600.0,2,1.0,2,Entire home/apt
1242377246257412905,534.0,2,1.0,0,Private room
1504749631738932799,1397.0,6,2.0,1,Entire home/apt
1305877806825166755,975.0,5,2.0,31,Entire home/apt
859705516191881240,1313.0,3,1.0,111,Entire home/apt
38798186,1373.0,4,2.0,92,Entire home/apt
1023267678710591910,579.0,2,1.0,84,Entire home/apt
1248018862214445565,504.0,2,1.0,25,Private room
1517633567815341130,11912.0,6,3.0,0,Entire home/apt
1439115407988160337,384.0,2,1.0,3,Private room
53173265,3268.0,10,4.0,166,Entire home/apt
50227444,786.0,2,1.0,34,Entire home/apt
1234368963221537318,1412.0,2,1.0,2,Entire home/apt
680469375609474738,4079.0,7,4.0,127,Entire home/apt
53756181,454.0,16,2.0,45,Entire home/apt
15130823,1812.0,4,2.0,104,Entire home/apt
1148047315998375717,1181.0,4,1.0,38,Entire home/apt
28864996,696.0,6,2.0,124,Entire home/apt
868128265757318805,1050.0,1,1.0,6,Private room
652965832506368890,342.0,2,1.0,14,Private room
1167770661062865642,1134.0,4,1.0,11,Entire home/apt
1087697614759976746,751.0,4,2.0,57,Entire home/apt
1205955159635715626,961.0,5,2.0,18,Entire home/apt
1242848149901954262,3710.0,14,4.0,27,Entire home/apt
1354520832491224379,265.0,1,1.0,39,Shared room
1196599713089626166,1702.0,4,2.0,4,Entire home/apt
723366972214966997,853.0,4,2.0,77,Entire home/apt
30270078,643.0,2,1.0,26,Private room
1148949567303124915,596.0,3,1.0,53,Private room
42216363,537.0,4,1.0,171,Entire home/apt
1462568407270986968,2427.0,8,4.0,0,Entire home/apt
31876428,642.0,3,1.0,270,Entire home/apt
52673503,835.0,2,1.0,16,Private room
34127284,2020.0,2,1.0,0,Entire home/apt
50919079,657.0,2,0.0,150,Entire home/apt
910295594726977988,1240.0,2,1.0,8,Entire home/apt
17572159,480.0,2,1.0,389,Entire home/apt
31555256,340.0,1,1.0,152,Private room
1232995046462215429,1479.0,4,2.0,51,Entire home/apt
1431292765748815712,1086.0,2,1.0,3,Entire home/apt
1449692794775882398,1448.0,2,1.0,2,Shared room
740852960578243109,705.0,2,1.0,9,Entire home/apt
45858156,262.0,1,1.0,5,Private room
797830206081746925,2093.0,4,2.0,12,Entire home/apt
1171876112504286956,2527.0,2,1.0,0,Entire home/apt
40095420,850.0,4,2.0,3,Entire home/apt
1349606978495200026,298.0,1,1.0,0,Entire home/apt
1493510389248701721,443.0,8,5.0,1,Private room
17443995,3318.0,6,2.0,133,Entire home/apt
1103057886969151726,1926.0,2,1.0,1,Private room
1495770955920799176,1829.0,4,2.0,0,Entire home/apt
994961712800038581,864.0,4,2.0,247,Entire home/apt
744307459284624673,2375.0,3,1.0,133,Entire home/apt
44763339,1242.0,2,1.0,53,Entire home/apt
718057516800137090,2213.0,6,2.0,118,Entire home/apt
21309753,1422.0,4,1.0,5,Entire home/apt
900735685066873446,700.0,1,1.0,4,Private room
724699722849186524,6000.0,4,2.0,4,Entire home/apt
1440198731094089158,693.0,1,1.0,2,Private room
49198606,4214.0,6,2.0,145,Entire home/apt
629759959592220751,11572.0,16,5.0,86,Entire home/apt
1127149026521213555,2070.0,4,1.0,32,Entire home/apt
1306245522861884961,840.0,3,1.0,11,Entire home/apt
33914309,672.0,4,1.0,69,Entire home/apt
51962507,260.0,2,1.0,175,Private room
1145997435878091922,2529.0,4,2.0,93,Entire home/apt
848598680812203617,721.0,2,1.0,66,Entire home/apt
1133639170388152840,461.0,2,1.0,4,Private room
17368769,1055.0,6,3.0,72,Entire home/apt
1371840261293914531,385.0,2,1.0,18,Private room
1415242147981727789,1600.0,2,1.0,0,Private room
23377772,1107.0,2,1.0,743,Private room
812515686480331292,1140.0,2,1.0,17,Entire home/apt
903819739489344433,1720.0,2,1.0,0,Entire home/apt
906644145744853454,250.0,1,1.0,5,Private room
742085729477694560,673.0,2,1.0,26,Private room
1176937328029356925,346.0,3,1.0,34,Private room
983398161205395208,1163.0,2,1.0,8,Entire home/apt
51322616,801.0,4,2.0,0,Entire home/apt
742728997819112659,1200.0,8,2.0,1,Entire home/apt
33716744,1025.0,3,1.0,267,Entire home/apt
52382185,1257.0,4,2.0,59,Entire home/apt
1226970985764804161,1478.0,4,2.0,2,Entire home/apt
47074998,1159.0,4,1.0,21,Entire home/apt
993453714026580309,699.0,5,2.0,78,Entire home/apt
1022569258656399535,1419.0,5,2.0,104,Entire home/apt
41663234,481.0,2,1.0,170,Private room
1178419091505469547,1260.0,4,2.0,28,Entire home/apt
955783004124815413,2839.0,4,2.0,39,Entire home/apt
927105084423183740,877.0,4,2.0,6,Entire home/apt
895168116787470245,500.0,2,1.0,68,Private room
37522705,1484.0,2,1.0,589,Entire home/apt
658143733856875148,1661.0,6,2.0,116,Entire home/apt
49731067,3783.0,6,3.0,166,Entire home/apt
39115393,1283.0,5,2.0,26,Entire home/apt
1445064517479009000,1093.0,3,1.0,8,Entire home/apt
7915161,1829.0,4,2.0,20,Entire home/apt
1445232634622279190,1544.0,2,1.0,58,Entire home/apt
963818301955359225,939.0,2,1.0,3,Private room
1156529844620915836,1012.0,7,4.0,13,Entire home/apt
587024490839727032,348.0,1,1.0,1,Private room
823386622844110221,1104.0,2,1.0,32,Entire home/apt
1018964096342771245,2536.0,3,1.0,9,Entire home/apt
860887959582988409,1331.0,5,1.0,46,Entire home/apt
860503484409062193,762.0,2,1.0,96,Entire home/apt
1412596783000468058,868.0,2,1.0,34,Private room
1168807628230063463,3508.0,6,3.0,6,Entire home/apt
261897,1018.0,3,1.0,354,Entire home/apt
40872263,716.0,5,1.0,235,Entire home/apt
16677510,429.0,2,1.0,186,Private room
803770644452054327,1908.0,6,3.0,13,Entire home/apt
28937221,616.0,5,1.0,12,Entire home/apt
49380146,499.0,1,1.0,6,Private room
685165998811014500,660.0,3,2.0,2,Entire home/apt
894952585565136368,2133.0,7,3.0,90,Entire home/apt
29959761,395.0,1,1.0,17,Private room
836530783954464524,1677.0,4,2.0,54,Entire home/apt
51791711,1300.0,4,2.0,9,Entire home/apt
859014120239971407,628.0,3,2.0,27,Entire home/apt
1046664281735831850,687.0,3,1.0,46,Private room
659597264125975540,1394.0,2,1.0,81,Entire home/apt
925667747282911502,192.0,1,1.0,0,Private room
1254711452748909215,273.0,2,1.0,11,Private room
1505425239306913894,1800.0,4,1.0,0,Entire home/apt
28985894,1134.0,4,1.0,192,Entire home/apt
902358342224365141,1755.0,4,2.0,39,Entire home/apt
675614400992413581,500.0,2,1.0,12,Private room
23649272,784.0,3,1.0,273,Entire home/apt
1466400551818517262,996.0,4,2.0,6,Entire home/apt
34506923,950.0,2,1.0,0,Entire home/apt
1332673244800620732,619.0,2,1.0,0,Private room
1195290458075999558,594.0,2,1.0,74,Private room
667618820346787677,11381.0,14,4.0,115,Entire home/apt
582501519833192863,426.0,2,1.0,53,Private room
17867639,1560.0,2,1.0,1,Entire home/apt
34368587,2054.0,8,3.0,380,Entire home/apt
44506452,1154.0,4,2.0,117,Entire home/apt
1249673198417259761,825.0,2,1.0,22,Entire home/apt
1129274211286080295,2010.0,4,2.0,4,Entire home/apt
15206919,1289.0,3,0.0,18,Entire home/apt
54182591,1037.0,4,2.0,79,Entire home/apt
33452138,819.0,2,1.0,0,Private room
37243504,406.0,2,1.0,16,Private room
20304523,1224.0,6,3.0,107,Entire home/apt
31287530,441.0,1,0.0,19,Private room
1135216582618231369,362.0,3,1.0,0,Private room
1491605683540714878,2368.0,8,4.0,0,Entire home/apt
9426284,1068.0,2,1.0,569,Entire home/apt
1357400713231235662,352.0,2,1.0,8,Private room
1383643940335547433,1800.0,6,2.0,30,Entire home/apt
1459066535010767731,852.0,2,1.0,0,Entire home/apt
949412575712387109,810.0,2,1.0,62,Entire home/apt
512439607946740708,2701.0,4,2.0,66,Entire home/apt
45670849,937.0,3,1.0,202,Entire home/apt
1501006491340306154,600.0,2,1.0,0,Private room
576730729916942188,1199.0,2,0.0,34,Private room
1209592667370626442,340.0,3,1.0,37,Private room
42668683,1375.0,2,1.0,189,Entire home/apt
1471085292619334393,405.0,2,1.0,4,Private room
31991859,429.0,1,1.0,124,Private room
575160046290486297,803.0,3,2.0,0,Entire home/apt
882010813309213800,1122.0,5,2.0,23,Entire home/apt
977903055538820045,768.0,2,1.0,92,Private room
710165500373912338,1335.0,2,1.0,151,Entire home/apt
1500930266499633423,627.0,2,1.0,5,Private room
1011710013092039032,1462.0,4,2.0,59,Entire home/apt
1034876675984008034,847.0,3,1.0,34,Private room
989898364398210163,1035.0,3,0.0,25,Entire home/apt
1476480207355559841,800.0,2,2.0,1,Entire home/apt
1435057073549975516,971.0,2,1.0,4,Entire home/apt
39174006,2301.0,5,2.0,3,Entire home/apt
755761918174283847,582.0,3,1.0,59,Private room
1228307731206339586,2235.0,4,2.0,11,Entire home/apt
1496109885602992538,644.0,2,1.0,4,Private room
1485143701860031831,1189.0,4,2.0,0,Entire home/apt
1491481504963912305,153.0,1,1.0,0,Shared room
1120413267461498391,487.0,2,1.0,57,Private room
1126162499970542075,525.0,1,1.0,11,Private room
43406289,602.0,4,1.0,101,Entire home/apt
1065229435837442001,561.0,3,1.0,26,Entire home/apt
1124546119379621076,1117.0,3,1.0,125,Entire home/apt
1240585110290864136,2363.0,4,2.0,15,Entire home/apt
912507796628713503,195.0,1,1.0,15,Private room
1478638764111369250,581.0,2,1.0,13,Private room
994848603022746226,2125.0,8,3.0,6,Entire home/apt
53433820,697.0,2,1.0,74,Entire home/apt
750299764139430815,450.0,1,1.0,15,Private room
684757945506163118,3395.0,7,5.0,1,Entire home/apt
714520178205262504,682.0,4,1.0,306,Private room
767670695438951609,1176.0,3,1.0,54,Entire home/apt
39333498,711.0,2,1.0,127,Entire home/apt
1222815472714788276,1620.0,2,1.0,5,Private room
822350398158819419,1125.0,2,1.0,0,Private room
22268615,2046.0,4,2.0,132,Entire home/apt
926061458026518344,574.0,2,1.0,124,Entire home/apt
45864031,5391.0,8,2.0,2,Entire home/apt
48487489,1696.0,2,1.0,192,Private room
899429522094690762,461.0,1,1.0,4,Private room
990083672483866406,678.0,2,1.0,55,Private room
53657849,1968.0,4,2.0,158,Entire home/apt
676030196282597313,1199.0,4,2.0,5,Entire home/apt
31706262,1500.0,6,2.0,161,Entire home/apt
49859931,400.0,1,0.0,0,Private room
50154238,1137.0,4,1.0,112,Private room
1113155554864263862,684.0,1,1.0,0,Private room
921067980835991228,3025.0,2,1.0,0,Entire home/apt
2784853,808.0,2,1.0,133,Entire home/apt
1156394844655993340,1532.0,4,2.0,32,Entire home/apt
44148696,837.0,4,2.0,66,Entire home/apt
17171044,1075.0,4,2.0,5,Entire home/apt
24225479,1352.0,4,2.0,355,Entire home/apt
1330610231752968096,606.0,2,1.0,0,Private room
609384771400216443,720.0,8,2.0,90,Entire home/apt
1421030396085075742,3291.0,6,3.0,0,Entire home/apt
17000635,898.0,4,1.0,285,Entire home/apt
684298193195657280,1153.0,3,1.0,19,Entire home/apt
51670394,1941.0,4,1.0,182,Entire home/apt
43087444,917.0,3,2.0,98,Entire home/apt
806453249114302689,1800.0,4,2.0,9,Entire home/apt
1406800213261319763,964.0,2,1.0,28,Entire home/apt
15776617,334.0,2,1.0,127,Private room
48331592,1139.0,4,2.0,0,Entire home/apt
1111602226115873504,1509.0,2,1.0,113,Entire home/apt
6103915,538.0,2,1.0,298,Private room
1076656790506863819,1159.0,4,2.0,28,Entire home/apt
14915300,917.0,2,1.0,224,Private room
1147968306853120199,1533.0,4,2.0,43,Entire home/apt
1389528263652517999,1322.0,5,3.0,4,Entire home/apt
22109512,998.0,2,1.0,124,Entire home/apt
1505074479003613490,289.0,1,1.0,1,Private room
1243629825674548624,3495.0,8,3.0,2,Entire home/apt
11235826,1029.0,1,1.0,1,Private room
1281846857392758362,2400.0,3,1.0,7,Entire home/apt
20933806,993.0,3,2.0,198,Entire home/apt
1249984975744697113,4832.0,4,2.0,0,Entire home/apt
1297997600937664994,740.0,2,1.0,16,Entire home/apt
1024982897391878937,2749.0,2,1.0,0,Private room
740522402755567969,225.0,1,1.0,151,Private room
33517321,2288.0,6,2.0,34,Entire home/apt
1125452222396797970,720.0,2,1.0,26,Private room
47786030,1278.0,2,1.0,25,Entire home/apt
1517174712198214409,2504.0,12,4.0,0,Entire home/apt
31308373,1132.0,4,1.0,202,Entire home/apt
1355192806898010651,513.0,1,1.0,1,Entire home/apt
707972422468521510,1170.0,2,1.0,26,Entire home/apt
47707500,674.0,2,1.0,46,Private room
1201658017939287964,640.0,2,1.0,28,Entire home/apt
791576178548599016,3436.0,4,2.0,110,Entire home/apt
1013782192911978502,2314.0,2,1.0,200,Entire home/apt
1466985287538560267,1119.0,4,1.0,11,Entire home/apt
1129021081121028980,305.0,2,1.0,94,Private room
48419315,1065.0,4,2.0,47,Entire home/apt
706677853191052169,1471.0,4,2.0,203,Entire home/apt
1474658026620868528,973.0,4,2.0,7,Entire home/apt
961666618707630614,1236.0,4,2.0,122,Entire home/apt
827457543467930835,1075.0,2,1.0,7,Entire home/apt
45712222,849.0,5,2.0,28,Entire home/apt
812925918313636531,1287.0,4,1.0,0,Private room
1184738699455527948,1094.0,5,3.0,1,Entire home/apt
11376753,406.0,1,1.0,56,Private room
890015318652900710,561.0,2,1.0,10,Private room
1348906120762260309,1530.0,3,1.0,6,Private room
1369697280264629324,478.0,2,1.0,5,Private room
49146252,1303.0,8,2.0,10,Entire home/apt
32402959,247.0,2,1.0,71,Private room
925507986997296516,380.0,1,1.0,2,Private room
1517525999132946556,176.0,1,1.0,0,Shared room
1000981807667147633,1125.0,3,2.0,84,Entire home/apt
769653332076011449,4582.0,4,2.0,23,Entire home/apt
1410905902825407044,890.0,5,2.0,26,Entire home/apt
23274953,656.0,3,2.0,75,Entire home/apt
31511679,607.0,2,1.0,122,Private room
959471724472266884,840.0,2,1.0,54,Entire home/apt
35121405,1419.0,2,1.0,0,Entire home/apt
595089418733397717,1189.0,2,1.0,370,Private room
31165418,400.0,2,1.0,193,Private room
1035585351794382404,1049.0,4,1.0,75,Entire home/apt
24155493,2554.0,4,2.0,296,Entire home/apt
40011966,799.0,4,1.0,158,Entire home/apt
326296,299.0,2,1.0,234,Private room
20048700,828.0,2,1.0,51,Entire home/apt
1259612449725322058,801.0,2,1.0,6,Entire home/apt
24826646,792.0,3,1.0,391,Entire home/apt
40341762,481.0,2,1.0,77,Private room
903205425084972847,350.0,1,1.0,0,Private room
7650677,1239.0,4,2.0,68,Entire home/apt
1451824418626961944,952.0,4,2.0,8,Entire home/apt
9997745,848.0,2,1.0,15,Private room
678201527845719227,1378.0,4,2.0,192,Entire home/apt
860819792505254014,735.0,2,1.0,87,Entire home/apt
1009793014337762432,2781.0,2,1.0,32,Entire home/apt
934887202474461491,430.0,1,1.0,9,Private room
1374963318993599516,433.0,6,1.0,7,Private room
1343631837392871788,855.0,2,1.0,0,Entire home/apt
10035795,487.0,2,1.0,199,Private room
1126945150073926420,600.0,1,1.0,3,Private room
1377690171552076135,851.0,6,2.0,13,Entire home/apt
1427694719135696442,530.0,3,1.0,0,Private room
705922049305566499,1335.0,2,1.0,59,Entire home/apt
918981087938651373,2562.0,6,3.0,0,Entire home/apt
1250160400259991751,455.0,2,1.0,30,Private room
903587501768520541,3263.0,8,4.0,6,Entire home/apt
925304943953789478,603.0,2,1.0,91,Entire home/apt
832727906834901559,1760.0,4,2.0,25,Entire home/apt
1511186219171260789,979.0,4,1.0,0,Entire home/apt
892780432222080365,640.0,2,1.0,0,Private room
49843787,2172.0,4,2.0,20,Entire home/apt
40541990,642.0,5,2.0,13,Entire home/apt
1107204114975586539,704.0,3,0.0,185,Entire home/apt
1271190053517031016,799.0,1,1.0,2,Private room
1143578116686758391,907.0,4,3.0,14,Entire home/apt
1505985786480549006,518.0,1,1.0,0,Private room
14759070,499.0,2,1.0,6,Private room
50324211,2571.0,2,1.0,52,Entire home/apt
32864770,410.0,2,1.0,21,Private room
937776698425152582,563.0,2,1.0,99,Private room
1097925741121474028,765.0,2,1.0,2,Private room
625274911345309300,264.0,1,1.0,1,Private room
22999583,792.0,2,1.0,47,Entire home/apt
14759604,5116.0,4,1.0,2,Entire home/apt
1179088171124706119,1379.0,6,3.0,0,Private room
1017721096095107848,770.0,5,2.0,7,Entire home/apt
51783308,350.0,2,1.0,121,Private room
7366486,2883.0,6,2.0,221,Entire home/apt
986150865063079811,3191.0,3,1.0,11,Entire home/apt
1166145539802770190,1300.0,3,1.0,44,Entire home/apt
48280037,2615.0,4,2.0,175,Entire home/apt
933340978361891113,475.0,1,1.0,56,Shared room
661550027903897939,1347.0,2,1.0,21,Private room
1016744547732196078,850.0,2,1.0,0,Entire home/apt
1472900767971524879,238.0,2,1.0,0,Private room
29339498,1501.0,4,2.0,164,Entire home/apt
1133641766264055842,461.0,2,1.0,6,Private room
40309675,1000.0,2,1.0,240,Entire home/apt
11735720,750.0,2,1.0,56,Private room
1150812780863086019,2189.0,2,1.0,0,Private room
51969001,961.0,4,2.0,26,Entire home/apt
763303349469947957,4275.0,4,2.0,76,Entire home/apt
1376812059358440905,2045.0,6,3.0,4,Entire home/apt
1186576149914761975,473.0,1,1.0,5,Private room
41127793,441.0,2,1.0,137,Private room
24779474,999.0,3,1.0,202,Entire home/apt
884033398043837975,356.0,2,1.0,14,Entire home/apt
1281957969661840969,1627.0,4,2.0,17,Entire home/apt
1501180344247743914,647.0,2,1.0,0,Entire home/apt
1367690625460370978,1093.0,2,1.0,3,Entire home/apt
1376223820963715143,9869.0,12,4.0,13,Entire home/apt
1243108421337965668,1322.0,4,2.0,14,Entire home/apt
990596187138109424,642.0,2,1.0,139,Entire home/apt
19388424,939.0,2,1.0,130,Entire home/apt
874603974895710318,930.0,2,1.0,13,Entire home/apt
776782439173775603,2639.0,6,3.0,118,Entire home/apt
52476736,1266.0,6,2.0,111,Entire home/apt
1110964165631058735,339.0,2,1.0,111,Private room
1108820727815025970,675.0,2,1.0,7,Entire home/apt
968999223346201367,8787.0,16,8.0,37,Entire home/apt
37218835,394.0,1,1.0,31,Private room
1435013072938624533,1424.0,4,1.0,6,Entire home/apt
9795318,1296.0,3,2.0,40,Entire home/apt
14215646,2131.0,4,2.0,124,Entire home/apt
625608282596083858,2793.0,14,5.0,83,Entire home/apt
1172507721004964835,1024.0,4,2.0,24,Entire home/apt
1515462940593250585,515.0,6,3.0,0,Private room
14255944,1477.0,2,1.0,24,Private room
4709767,1674.0,4,2.0,182,Entire home/apt
1474728554432626452,387.0,1,1.0,3,Private room
9002495,2479.0,4,2.0,89,Entire home/apt
25294934,606.0,2,1.0,154,Entire home/apt
990767628145042174,1006.0,2,1.0,1,Entire home/apt
32444925,880.0,3,3.0,4,Entire home/apt
35709914,1300.0,2,1.0,1,Hotel room
10283468,4349.0,8,3.0,120,Entire home/apt
1352897606658097889,1759.0,5,2.0,15,Entire home/apt
51434992,1005.0,2,2.0,2,Entire home/apt
1289234168832840140,1399.0,6,3.0,27,Entire home/apt
22029106,916.0,6,2.0,323,Entire home/apt
1206210404474816865,687.0,2,1.0,59,Entire home/apt
47536958,1400.0,4,2.0,22,Entire home/apt
1486587291187532208,827.0,2,1.0,4,Entire home/apt
1279955948176014347,1992.0,4,2.0,15,Entire home/apt
1455843010508426911,547.0,1,1.0,0,Private room
2307983,1663.0,5,2.0,339,Entire home/apt
30282615,621.0,3,3.0,52,Entire home/apt
1169678515701254860,1281.0,2,1.0,52,Entire home/apt
779071145742664061,1723.0,6,3.0,83,Entire home/apt
1270974094342994049,1258.0,4,2.0,4,Entire home/apt
2072354,748.0,2,1.0,63,Entire home/apt
1121292733623078366,943.0,2,1.0,7,Private room
783386863902018471,3094.0,2,1.0,0,Entire home/apt
1354378168339688245,2349.0,4,2.0,5,Entire home/apt
1224095918997007131,1500.0,2,1.0,31,Entire home/apt
1047387241357282824,643.0,2,1.0,10,Private room
1283052731644778315,1088.0,2,1.0,35,Private room
904295255414949355,2507.0,4,2.0,6,Entire home/apt
1019095809769114433,550.0,2,1.0,39,Entire home/apt
48851849,757.0,4,2.0,73,Entire home/apt
1171083149192273247,1592.0,2,1.0,20,Entire home/apt
677754090771435051,3043.0,8,4.0,110,Entire home/apt
658087012043153690,549.0,5,2.0,145,Entire home/apt
27833908,952.0,6,2.0,213,Entire home/apt
1148047688927583253,1027.0,4,1.0,89,Entire home/apt
990701592939553617,4235.0,8,4.0,103,Entire home/apt
645041262367701016,1676.0,4,2.0,138,Entire home/apt
1137804941792991821,1228.0,3,1.0,23,Entire home/apt
1508889754755246788,2869.0,4,2.0,1,Entire home/apt
1351060554545329936,2896.0,5,3.0,0,Entire home/apt
1495191987962730456,636.0,2,1.0,3,Entire home/apt
800091463604319180,2138.0,6,2.0,0,Entire home/apt
733272273789823087,647.0,2,1.0,13,Private room
979019107907284680,3656.0,8,3.0,66,Entire home/apt
34815078,586.0,3,2.0,9,Entire home/apt
4835517,1275.0,1,1.0,16,Private room
1213980949035461986,600.0,2,1.0,4,Private room
1370515136038701057,699.0,2,1.0,13,Private room
1467392835995188126,574.0,2,1.0,5,Private room
1288626682208517154,1200.0,4,1.0,48,Entire home/apt
659403179313931150,1105.0,4,1.0,82,Entire home/apt
1452355809190910268,513.0,1,1.0,1,Entire home/apt
47905339,772.0,2,1.0,245,Entire home/apt
599338371076518883,765.0,3,2.0,9,Entire home/apt
1249984793556549297,2467.0,4,2.0,46,Entire home/apt
37654449,3449.0,2,1.0,269,Entire home/apt
1380720179711960494,270.0,1,1.0,5,Private room
1201814799071442814,633.0,2,1.0,87,Entire home/apt
1517595019446343665,1149.0,2,1.0,0,Entire home/apt
1177227310572557003,947.0,2,1.0,9,Private room
42691268,543.0,2,1.0,8,Entire home/apt
1506739727858775522,1717.0,2,1.0,0,Entire home/apt
1472921506271661827,328.0,2,0.0,2,Private room
638348039632965195,1823.0,5,2.0,98,Entire home/apt
21072762,992.0,2,1.0,18,Private room
1279111416632520436,585.0,4,1.0,54,Private room
987864809647049690,810.0,6,3.0,16,Entire home/apt
859483580280904214,1096.0,2,1.0,31,Entire home/apt
1092925580340239376,2010.0,3,1.0,48,Entire home/apt
31540997,3001.0,6,3.0,8,Entire home/apt
10000557,334.0,2,1.0,139,Private room
1105170493272440027,1943.0,4,2.0,35,Entire home/apt
1342316711860526055,495.0,2,1.0,18,Private room
1416237446024549433,765.0,2,1.0,2,Entire home/apt
898672276069268334,255.0,2,1.0,16,Private room
45516302,879.0,5,2.0,59,Entire home/apt
655147889812934254,2187.0,4,2.0,26,Entire home/apt
47413713,787.0,2,0.0,4,Entire home/apt
1226915224676908219,1636.0,4,3.0,8,Entire home/apt
48720739,991.0,3,2.0,68,Entire home/apt
1376173313102330412,297.0,2,1.0,0,Private room
1013812164238597295,2854.0,2,1.0,13,Entire home/apt
1232068645727484498,750.0,2,1.0,13,Entire home/apt
645019000674677054,2002.0,5,2.0,62,Entire home/apt
638216419361679463,1669.0,3,1.0,132,Entire home/apt
32426439,691.0,2,1.0,313,Private room
34083868,780.0,2,1.0,46,Private room
45989226,824.0,2,1.0,91,Entire home/apt
1477627963808572305,377.0,2,0.0,1,Private room
49878556,889.0,3,2.0,41,Entire home/apt
1444454105867270747,980.0,4,2.0,3,Entire home/apt
19730225,250.0,1,1.0,37,Private room
1375539971066286796,2572.0,4,2.0,8,Entire home/apt
1506117799823556754,1601.0,4,2.0,2,Entire home/apt
1518433354720281854,996.0,5,2.0,0,Entire home/apt
1140775532774513644,683.0,8,1.0,7,Entire home/apt
1215433636756081077,180.0,1,1.0,31,Shared room
664710295175786679,1037.0,4,2.0,122,Entire home/apt
1347252945345043649,1126.0,4,1.0,12,Entire home/apt
1121185005405252702,2079.0,2,1.0,8,Entire home/apt
22361569,1835.0,6,2.0,127,Entire home/apt
852502192554416825,399.0,1,1.0,40,Private room
1375386863340209280,3000.0,4,4.0,0,Entire home/apt
1224955013310253073,1700.0,5,2.0,9,Entire home/apt
900794197337664695,2515.0,6,3.0,59,Entire home/apt
941300739586198384,1183.0,6,3.0,42,Entire home/apt
53185998,990.0,4,2.0,28,Entire home/apt
45452613,2072.0,2,1.0,10,Private room
20496481,1719.0,4,2.0,435,Entire home/apt
1153657293792550324,1396.0,3,1.0,54,Entire home/apt
1400077321188934322,2096.0,6,3.0,11,Entire home/apt
1167750803276840125,450.0,2,1.0,10,Entire home/apt
49228652,1032.0,4,1.0,4,Private room
1396431742441957281,234.0,1,1.0,0,Private room
15131079,276.0,2,1.0,2,Private room
1094173196936419688,489.0,2,1.0,63,Private room
863907210878682553,850.0,4,2.0,49,Entire home/apt
1339319353196681611,1675.0,2,0.0,4,Entire home/apt
1380499451599965147,922.0,4,2.0,16,Entire home/apt
869861107847365548,480.0,2,1.0,49,Private room
30677831,602.0,2,1.0,186,Private room
1353689762310311350,630.0,2,1.0,32,Entire home/apt
969248697686356137,20000.0,16,12.0,1,Entire home/apt
1013821520787535338,1158.0,3,1.0,32,Entire home/apt
1274845576479145614,630.0,2,1.0,1,Private room
1234299770557038800,1490.0,4,2.0,27,Entire home/apt
781772947473005700,875.0,2,1.0,30,Private room
28802337,950.0,2,1.0,16,Entire home/apt
673053692770915467,809.0,2,1.0,98,Private room
32244569,367.0,1,1.0,16,Private room
1173519039251056081,450.0,4,2.0,11,Entire home/apt
49728135,428.0,1,1.0,547,Private room
1034904347607479803,1248.0,2,1.0,13,Entire home/apt
32317564,2469.0,2,1.0,247,Entire home/apt
952126565134660523,5852.0,4,2.0,94,Entire home/apt
871836217823420175,895.0,4,2.0,64,Entire home/apt
876312979100261415,3432.0,4,2.0,91,Entire home/apt
1044540317260652286,727.0,2,1.0,23,Entire home/apt
54327096,1265.0,2,1.0,121,Entire home/apt
1504066087028122743,729.0,3,1.0,0,Entire home/apt
1442387256238541409,503.0,3,1.0,0,Private room
25268417,7088.0,5,2.0,55,Entire home/apt
1440138056195296673,311.0,1,1.0,1,Private room
1450249880192776928,351.0,2,1.0,1,Private room
887891384819079193,1623.0,2,1.0,0,Private room
1431202675752978591,177.0,1,1.0,9,Shared room
1208834728340711230,1268.0,4,2.0,2,Entire home/apt
41190462,1260.0,4,2.0,129,Entire home/apt
24751288,3687.0,2,1.0,2,Private room
1170337723413374159,833.0,2,1.0,107,Private room
849427386288645648,2234.0,10,3.0,104,Entire home/apt
1420263334939682640,2400.0,4,2.0,0,Entire home/apt
1330868165512849909,300.0,2,1.0,16,Private room
672697242135216225,1495.0,6,2.0,123,Entire home/apt
569452842922560549,1071.0,2,1.0,118,Private room
1077633473119922958,1334.0,6,2.0,42,Entire home/apt
1231303818125587540,943.0,2,1.0,6,Entire home/apt
1496715256310021050,1582.0,6,2.0,0,Entire home/apt
53357794,563.0,2,1.0,23,Private room
1243080975580548154,913.0,3,1.0,54,Entire home/apt
934962040848689015,485.0,2,1.0,79,Private room
1486451657141492950,1332.0,3,2.0,0,Entire home/apt
51983149,499.0,2,1.0,262,Private room
985644177559657412,1179.0,2,1.0,46,Entire home/apt
1184741765048965243,1080.0,6,2.0,1,Entire home/apt
42565345,210.0,1,1.0,19,Private room
24938367,912.0,2,1.0,38,Entire home/apt
10600867,1459.0,6,2.0,226,Entire home/apt
18371356,1378.0,4,2.0,162,Entire home/apt
970260553210132454,1480.0,4,1.0,51,Entire home/apt
704967127108753014,1745.0,2,1.0,27,Entire home/apt
1450345027980478127,1055.0,4,2.0,5,Entire home/apt
869789453175352695,858.0,2,1.0,51,Entire home/apt
1071133713882838441,1278.0,4,2.0,30,Entire home/apt
805464573219737107,2410.0,8,3.0,121,Entire home/apt
44467322,1460.0,5,2.0,32,Entire home/apt
15315160,761.0,5,3.0,7,Private room
39743478,214.0,2,1.0,33,Entire home/apt
949965622256344100,550.0,2,1.0,9,Private room
51789566,315.0,2,1.0,3,Private room
22925708,770.0,2,1.0,99,Private room
16337852,740.0,2,1.0,3,Private room
742698751464254225,1132.0,3,2.0,33,Entire home/apt
1450241457949609667,323.0,1,1.0,9,Private room
763177282641178318,1065.0,2,1.0,126,Entire home/apt
6348697,322.0,1,1.0,16,Private room
1150811317160909941,1551.0,4,2.0,32,Entire home/apt
1308727994392280853,447.0,2,1.0,53,Private room
36424018,1702.0,7,2.0,152,Entire home/apt
733216916938310893,391.0,1,1.0,10,Private room
34618359,1415.0,6,3.0,295,Entire home/apt
868810924336679203,9517.0,10,5.0,36,Entire home/apt
27829598,1923.0,2,1.0,122,Entire home/apt
1482829014187080733,668.0,2,3.0,0,Shared room
932522394054869873,1311.0,5,2.0,139,Entire home/apt
1078897433088877248,1092.0,2,1.0,86,Entire home/apt
1443062287937790254,1501.0,4,2.0,6,Entire home/apt
1169738733255550571,422.0,1,1.0,29,Private room
28536453,1073.0,2,1.0,19,Private room
668384828291900312,669.0,2,1.0,374,Entire home/apt
1201246644481912659,1717.0,7,3.0,35,Entire home/apt
1152206603138655825,788.0,4,2.0,15,Entire home/apt
1430502866240111151,1199.0,4,2.0,5,Entire home/apt
25780263,1220.0,6,2.0,137,Entire home/apt
34602476,2360.0,2,1.0,14,Private room
1406688069319176187,1080.0,4,2.0,3,Entire home/apt
984230662174289597,3582.0,5,2.0,50,Entire home/apt
1322642435734870691,719.0,3,1.0,0,Private room
7481806,2808.0,3,0.0,2,Entire home/apt
51466424,309.0,2,1.0,68,Private room
1270505326215673376,1668.0,2,1.0,20,Entire home/apt
1066952586755219491,468.0,2,1.0,3,Private room
23380405,910.0,3,2.0,57,Entire home/apt
1358271895640732925,963.0,2,1.0,24,Private room
1307957343967423121,365.0,2,1.0,8,Private room
52894155,1201.0,2,1.0,14,Entire home/apt
1408153793457207916,276.0,1,1.0,3,Private room
17544263,2020.0,4,2.0,172,Entire home/apt
1388824432414762714,1219.0,16,4.0,9,Entire home/apt
48058600,1050.0,4,1.0,58,Private room
844197423466049534,916.0,2,1.0,37,Entire home/apt
19638804,1291.0,4,2.0,392,Entire home/apt
1491473658821587014,351.0,2,1.0,8,Private room
1295937363378293783,1423.0,4,2.0,29,Entire home/apt
25013521,405.0,2,1.0,15,Entire home/apt
1187160641704453548,994.0,4,2.0,5,Entire home/apt
1058184275459319113,1684.0,5,3.0,81,Entire home/apt
709974841593089188,700.0,3,1.0,21,Private room
43367213,3630.0,4,2.0,0,Entire home/apt
1471239708203171093,1016.0,5,2.0,8,Entire home/apt
1441353660269906289,1030.0,4,2.0,8,Entire home/apt
1393016769508800427,520.0,1,1.0,2,Private room
665167052107593650,11331.0,16,8.0,82,Entire home/apt
30156624,353.0,2,1.0,51,Entire home/apt
744820152186347094,1350.0,2,1.0,21,Entire home/apt
586241001213147833,1711.0,3,2.0,73,Entire home/apt
675404081334919837,2643.0,4,2.0,100,Entire home/apt
1010121040118589840,736.0,4,1.0,5,Entire home/apt
43833531,564.0,2,1.0,1,Private room
36306246,664.0,3,1.0,159,Entire home/apt
1450863765602802900,529.0,2,1.0,13,Entire home/apt
1065566957479872464,587.0,6,3.0,25,Entire home/apt
37401672,425.0,1,1.0,253,Private room
14977840,450.0,2,1.0,51,Private room
52845212,604.0,4,2.0,17,Entire home/apt
1126466132375441160,643.0,4,1.0,103,Entire home/apt
1226837337906973193,1955.0,10,3.0,23,Entire home/apt
731896024385288963,2530.0,4,2.0,32,Entire home/apt
1002506047437344252,894.0,2,1.0,54,Entire home/apt
42248757,579.0,5,2.0,76,Entire home/apt
1242136172795403999,2808.0,4,2.0,5,Entire home/apt
816209882645169160,1600.0,3,1.0,0,Entire home/apt
968254142618478543,1617.0,2,1.0,98,Entire home/apt
1267477717649709259,511.0,2,1.0,26,Private room
1244436735922015062,1992.0,4,2.0,39,Entire home/apt
882684235402655375,1777.0,2,1.0,110,Entire home/apt
1249491787584960376,1170.0,6,2.0,43,Entire home/apt
22085482,9154.0,2,2.0,11,Entire home/apt
40433284,3150.0,7,3.0,7,Entire home/apt
767510740668523652,608.0,2,1.0,116,Private room
14213551,843.0,5,2.0,110,Entire home/apt
52840856,3941.0,6,2.0,161,Entire home/apt
1434455003600573555,431.0,1,1.0,1,Private room
551436872370130684,12098.0,6,3.0,1,Entire home/apt
1057264453248587761,2066.0,2,1.0,32,Entire home/apt
1312716400293604195,2020.0,4,1.0,9,Entire home/apt
53874611,714.0,3,2.0,5,Entire home/apt
758733865359427158,653.0,4,0.0,149,Entire home/apt
1280707869724982834,300.0,1,1.0,29,Private room
848445813769657741,1488.0,3,1.0,21,Entire home/apt
1005824778884052308,5795.0,2,1.0,0,Entire home/apt
1330548528600536994,311.0,2,1.0,22,Private room
12482684,1421.0,5,2.0,21,Entire home/apt
52638456,1080.0,5,2.0,173,Entire home/apt
587887451594754386,707.0,2,1.0,7,Private room
1274357171863911544,1216.0,4,2.0,12,Entire home/apt
1140173551367152035,10035.0,6,1.0,6,Private room
1384458056605193533,1620.0,4,2.0,2,Entire home/apt
1029793116036489984,704.0,2,1.0,20,Entire home/apt
807450280749776110,667.0,2,1.0,94,Private room
1225046553996467406,812.0,3,1.0,17,Private room
1300786984927319534,814.0,15,2.0,17,Entire home/apt
1217701258473429024,523.0,2,1.0,0,Private room
52775879,417.0,2,1.0,129,Private room
862354955135970582,1656.0,5,2.0,43,Entire home/apt
18009211,213.0,1,2.0,4,Private room
33499973,1034.0,4,2.0,104,Entire home/apt
672636953171771960,630.0,2,1.0,0,Private room
44405665,281.0,1,1.0,1,Private room
1512028684852066581,793.0,2,1.0,0,Entire home/apt
1159060349618445847,396.0,2,1.0,8,Private room
1081267422451490931,400.0,2,1.0,1,Private room
1120658437350152500,2318.0,2,1.0,29,Entire home/apt
1058260377435473333,2760.0,9,3.0,2,Entire home/apt
21711529,1181.0,4,2.0,262,Entire home/apt
583408520156161225,1520.0,2,1.0,78,Entire home/apt
13389722,367.0,1,1.0,12,Private room
41214363,434.0,3,1.0,130,Private room
1467734019290433478,820.0,2,1.0,14,Entire home/apt
904466956930384168,2489.0,2,1.0,25,Entire home/apt
1480851370699522052,1410.0,2,0.0,7,Entire home/apt
1516199212135471884,10508.0,10,5.0,0,Entire home/apt
783253061991633336,860.0,4,2.0,1,Entire home/apt
679997349520798385,1075.0,2,1.0,3,Entire home/apt
1098891066565638291,4000.0,4,1.0,37,Entire home/apt
39436999,2663.0,10,2.0,516,Entire home/apt
27176078,2072.0,4,1.0,228,Entire home/apt
1034864910855290351,1040.0,2,0.0,0,Private room
54369712,1024.0,3,2.0,47,Entire home/apt
1412439786262263014,844.0,2,1.0,23,Entire home/apt
1034084167115991805,1337.0,7,4.0,14,Entire home/apt
3240086,1008.0,5,3.0,73,Entire home/apt
22775040,336.0,2,1.0,343,Private room
16588819,1300.0,4,2.0,280,Entire home/apt
867707118619544013,686.0,3,1.0,137,Entire home/apt
22879032,1167.0,4,1.0,28,Entire home/apt
1379853698839314872,1543.0,4,2.0,14,Entire home/apt
811804361170266546,887.0,2,1.0,22,Entire home/apt
929859586435873539,2786.0,10,4.0,65,Entire home/apt
1414747324448243371,450.0,2,1.0,6,Private room
32722751,1032.0,4,1.0,27,Private room
1464787541239598154,415.0,2,4.0,1,Private room
52031580,2091.0,4,2.0,32,Entire home/apt
38853092,1042.0,3,1.0,96,Entire home/apt
797777382680085618,3152.0,6,3.0,93,Entire home/apt
1273426686721345100,2000.0,2,1.0,0,Entire home/apt
1371172313799617469,1096.0,5,2.0,1,Entire home/apt
5948504,1022.0,10,2.0,163,Entire home/apt
949575315930270512,892.0,6,2.0,64,Entire home/apt
607348601236350512,830.0,2,1.0,73,Private room
1287936145756431756,526.0,2,1.0,4,Private room
908761116742629103,815.0,1,1.0,43,Entire home/apt
1506687230606440421,2203.0,7,3.0,0,Entire home/apt
666789039392971988,486.0,2,1.0,110,Private room
1501821999866474359,688.0,2,1.0,1,Private room
35115936,352.0,1,1.0,7,Shared room
1010232658897155384,15104.0,16,11.0,0,Entire home/apt
1136907306933842366,1150.0,2,1.0,44,Entire home/apt
750798556601686902,843.0,2,1.0,34,Entire home/apt
38709016,598.0,2,1.0,28,Private room
10232365,906.0,5,3.0,13,Entire home/apt
1358384195815061165,638.0,2,1.0,14,Entire home/apt
613670297715933823,1015.0,3,1.0,297,Entire home/apt
869627159695932058,995.0,7,3.0,31,Private room
1103633171811826216,488.0,2,1.0,56,Entire home/apt
694123626043400476,730.0,2,1.0,67,Entire home/apt
1000010393808461294,520.0,2,1.0,181,Private room
1121181121437784126,2355.0,4,2.0,17,Entire home/apt
53589397,1943.0,2,1.0,255,Private room
1224242042174365952,2622.0,7,2.0,10,Entire home/apt
1109432084355608676,1852.0,5,2.0,44,Entire home/apt
1479939906339332045,1293.0,4,1.0,2,Entire home/apt
873832808551807107,2382.0,4,2.0,51,Entire home/apt
50159506,437.0,2,1.0,153,Entire home/apt
586363777947809076,5489.0,6,3.0,72,Entire home/apt
928592622858108081,665.0,1,1.0,83,Private room
1406084467087216851,982.0,4,2.0,14,Entire home/apt
29909266,1200.0,2,2.0,32,Entire home/apt
1178241359335603327,1388.0,2,1.0,53,Entire home/apt
979260326635095030,336.0,4,2.0,107,Entire home/apt
27501431,432.0,3,1.0,2,Private room
1356628042614693201,540.0,2,1.0,26,Private room
699203676020147961,763.0,2,1.0,63,Entire home/apt
1451573406644851448,380.0,1,1.0,8,Private room
11144899,9618.0,16,7.0,0,Private room
1374116192738820729,1394.0,2,1.0,241,Entire home/apt
1256579292627564019,525.0,2,1.0,9,Private room
39439020,1216.0,4,1.0,378,Entire home/apt
1346686669937695884,600.0,2,1.0,7,Private room
1309118743228106283,719.0,2,0.0,52,Private room
1441567485486261388,1042.0,2,1.0,0,Entire home/apt
32014152,3253.0,2,1.0,42,Entire home/apt
50593756,3521.0,8,3.0,116,Entire home/apt
18778335,2358.0,6,3.0,20,Entire home/apt
668681308291533813,1350.0,4,2.0,16,Entire home/apt
1259577298010949802,455.0,6,1.0,6,Private room
1479934905145621299,1254.0,4,1.0,1,Entire home/apt
1089827116935452954,1862.0,3,1.0,176,Entire home/apt
830736761677326951,1226.0,3,1.0,6,Entire home/apt
38099926,18160.0,10,5.0,0,Entire home/apt
649407433048848851,490.0,2,1.0,0,Private room
39114912,363.0,2,1.0,23,Entire home/apt
895111068274892064,804.0,3,1.0,89,Entire home/apt
1192264454624466250,591.0,2,1.0,27,Private room
1511194143128281269,1026.0,2,1.0,1,Entire home/apt
902576119183941734,1811.0,4,2.0,9,Entire home/apt
624729765066586412,4048.0,9,3.0,158,Entire home/apt
41215451,2388.0,4,1.0,43,Entire home/apt
1472893161066758821,838.0,2,1.0,1,Entire home/apt
1006557532938177088,1203.0,7,2.0,19,Entire home/apt
1390963372708810741,1674.0,4,2.0,2,Entire home/apt
886904915775306978,5948.0,8,3.0,11,Entire home/apt
1451517010087818147,1525.0,7,3.0,13,Entire home/apt
1141488578021639959,6190.0,16,5.0,4,Entire home/apt
43868772,309.0,1,1.0,67,Private room
52237298,1522.0,2,1.0,25,Entire home/apt
25198140,1367.0,2,1.0,261,Private room
1460270913067600333,2598.0,2,1.0,0,Private room
20960412,622.0,2,1.0,284,Private room
847699024575065355,725.0,3,1.0,55,Entire home/apt
1329216692344341917,66.0,1,1.0,3,Shared room
904454610415511839,765.0,2,1.0,22,Entire home/apt
1503509150516431892,821.0,3,1.0,0,Entire home/apt
7082903,860.0,1,1.0,0,Private room
881040633115974286,2092.0,5,2.0,5,Entire home/apt
17703256,590.0,1,1.0,58,Private room
1497517185938693101,2118.0,4,2.0,0,Entire home/apt
33885294,1075.0,4,1.0,41,Entire home/apt
1187844404769118198,812.0,2,1.0,19,Entire home/apt
1442925056496665687,977.0,2,1.0,4,Entire home/apt
30041852,401.0,2,3.0,7,Private room
51605583,839.0,2,0.0,56,Entire home/apt
37095670,551.0,2,1.0,17,Private room
1166731885526204476,565.0,2,1.0,67,Private room
1304547597305882779,669.0,2,1.0,56,Private room
1400941846267938301,1355.0,3,1.0,18,Entire home/apt
1373443330903314868,1440.0,4,2.0,0,Entire home/apt
723214425666946848,971.0,2,1.0,106,Entire home/apt
599886969717262840,825.0,2,1.0,249,Entire home/apt
1401602627184495765,4244.0,12,5.0,5,Entire home/apt
1487928316535412974,559.0,2,1.0,7,Entire home/apt
914117405669147544,1093.0,3,1.0,85,Entire home/apt
974719966570576465,2962.0,4,2.0,18,Entire home/apt
1475451060541329935,2281.0,8,3.0,3,Entire home/apt
1267464641101128058,1183.0,6,2.0,23,Entire home/apt
677820500257466231,606.0,2,1.0,436,Entire home/apt
1288566,3185.0,2,1.0,228,Entire home/apt
17174955,664.0,1,1.0,4,Private room
1466354763495508279,1900.0,2,0.0,2,Entire home/apt
42835182,925.0,4,1.0,127,Entire home/apt
24607871,774.0,3,2.0,77,Entire home/apt
1091336599432253841,1011.0,2,1.0,44,Entire home/apt
23292299,400.0,2,1.0,2,Private room
19052943,3922.0,6,3.0,113,Entire home/apt
53726804,300.0,2,1.0,7,Entire home/apt
3577110,703.0,2,1.0,245,Entire home/apt
1056585097572264687,695.0,1,1.0,73,Private room
9314833,838.0,5,0.0,173,Entire home/apt
47801609,2400.0,4,2.0,13,Entire home/apt
928824364768834228,1561.0,4,1.0,0,Entire home/apt
899371090937298479,510.0,2,1.0,12,Private room
1138505958470692926,1106.0,2,1.0,23,Entire home/apt
21067896,642.0,2,1.0,14,Private room
1137807349310226062,1214.0,2,1.0,17,Entire home/apt
1120476270641603566,581.0,1,1.0,41,Entire home/apt
660833954174644744,1613.0,4,2.0,106,Entire home/apt
54066713,435.0,1,1.0,64,Private room
1451899232696056947,245.0,2,1.0,0,Private room
41534145,2190.0,4,2.0,0,Entire home/apt
27753187,1187.0,2,1.0,111,Entire home/apt
1398881876721281798,380.0,1,1.0,0,Private room
1247215240802079724,904.0,4,2.0,15,Entire home/apt
825542868800731783,313.0,2,1.0,15,Private room
50998111,2365.0,4,2.0,90,Entire home/apt
1452259119844590351,189.0,1,1.0,1,Shared room
1385006481629481653,1451.0,4,1.0,14,Entire home/apt
1396688204101810722,1065.0,6,2.0,30,Entire home/apt
955863212823649104,901.0,5,2.0,41,Entire home/apt
1455104349119803025,1566.0,5,2.0,7,Entire home/apt
860484253939335545,2388.0,6,2.0,82,Entire home/apt
1429939818763759447,1111.0,2,1.0,3,Entire home/apt
1337653498887412602,940.0,4,2.0,4,Entire home/apt
1249604763721853793,4044.0,2,1.0,2,Private room
46690567,1245.0,2,1.0,236,Entire home/apt
30437834,1428.0,4,2.0,7,Entire home/apt
1478390389627071780,1267.0,4,2.0,6,Entire home/apt
33816608,900.0,2,1.0,133,Private room
1494456318712170191,9957.0,8,3.0,0,Entire home/apt
30208864,6023.0,4,2.0,95,Entire home/apt
29829105,581.0,2,1.0,331,Private room
866009375584181899,776.0,2,1.0,12,Entire home/apt
631095566021296941,2120.0,5,2.0,86,Entire home/apt
1099462433766199910,1854.0,6,2.0,62,Entire home/apt
1479829274740736114,497.0,2,1.0,1,Private room
38238693,4224.0,6,3.0,163,Entire home/apt
1206669380954898780,1611.0,8,3.0,45,Entire home/apt
1130148443043173509,400.0,2,1.0,4,Private room
561034527010216535,2071.0,10,2.0,158,Entire home/apt
1290168022300175618,961.0,2,1.0,10,Private room
1188525620316668649,1269.0,6,2.0,41,Entire home/apt
567247828205413409,532.0,2,1.0,438,Private room
1147964512490099638,1532.0,4,2.0,18,Entire home/apt
19831183,1117.0,2,1.0,252,Entire home/apt
942833040281765055,362.0,1,1.0,22,Entire home/apt
1467551998136387694,835.0,2,1.0,16,Private room
52495289,1104.0,4,2.0,96,Entire home/apt
44644385,332.0,1,1.0,32,Private room
1175550007256802634,450.0,3,1.0,1,Entire home/apt
665444649970157571,606.0,2,1.0,95,Private room
848720036512097568,925.0,4,2.0,3,Entire home/apt
629629624708507169,865.0,6,2.0,63,Entire home/apt
1289106619683020482,1512.0,4,2.0,6,Private room
1317525458404118802,4080.0,6,3.0,1,Entire home/apt
1245043159601088612,614.0,3,1.0,43,Private room
17494721,1802.0,6,2.0,33,Entire home/apt
604993497275509229,1461.0,3,1.0,105,Entire home/apt
36674734,343.0,1,1.0,32,Entire home/apt
26816810,653.0,2,1.0,164,Private room
937835282022346204,1084.0,2,1.0,5,Entire home/apt
26626586,8263.0,7,3.0,102,Entire home/apt
31315727,523.0,2,1.0,32,Hotel room
1332130151236165802,558.0,3,2.0,0,Entire home/apt
41405924,1710.0,3,1.0,11,Entire home/apt
1403894591555093358,450.0,1,1.0,0,Private room
1150978833197057608,1440.0,2,1.0,1,Private room
23204160,462.0,1,1.0,99,Private room
1329043311859894570,1600.0,8,4.0,6,Entire home/apt
1121168975935652449,2396.0,2,1.0,2,Entire home/apt
942990975539562055,688.0,5,2.0,14,Entire home/apt
1249655501421068566,4500.0,10,5.0,5,Entire home/apt
1502307959846049917,717.0,2,1.0,7,Private room
1472055459975807928,1632.0,6,2.0,1,Private room
52090620,827.0,2,1.0,153,Entire home/apt
964570047670345722,2000.0,2,1.0,0,Private room
17333796,1039.0,4,2.0,214,Entire home/apt
966985675806184550,394.0,2,1.0,39,Private room
13376833,4800.0,10,4.0,30,Entire home/apt
1061240383907006498,1209.0,2,1.0,13,Entire home/apt
1261700216743651389,558.0,3,1.0,17,Private room
1416810153965897663,461.0,1,1.0,3,Private room
849326612325711328,2125.0,6,2.0,9,Entire home/apt
39870746,210.0,1,1.0,11,Private room
1502233678409639906,463.0,3,1.0,0,Entire home/apt
1111511984834981017,2162.0,6,2.0,8,Entire home/apt
41435593,630.0,2,1.0,53,Entire home/apt
1375329022038040128,986.0,2,1.0,14,Entire home/apt
758809319756518745,3841.0,4,2.0,52,Entire home/apt
637850602201971348,662.0,2,1.0,51,Entire home/apt
1400057593433600847,1036.0,5,2.0,27,Entire home/apt
1245196359844005151,679.0,2,1.0,13,Private room
1006772414970543905,988.0,3,1.0,4,Private room
675441239707242841,1004.0,2,1.0,59,Entire home/apt
32850277,425.0,7,2.0,76,Entire home/apt
1377108234226500285,954.0,2,1.0,4,Entire home/apt
1405051549487604331,525.0,2,1.0,6,Private room
23716074,1653.0,4,2.0,25,Entire home/apt
1148861301804636228,684.0,3,1.0,54,Private room
39090410,672.0,1,1.0,34,Private room
47889583,1437.0,2,1.0,92,Entire home/apt
1034978477100243653,967.0,2,1.0,61,Entire home/apt
1225702062617783417,1030.0,4,1.0,0,Entire home/apt
13535053,7850.0,16,18.0,1,Private room
1092950192713347221,995.0,2,1.0,88,Entire home/apt
1438603352816706302,896.0,4,2.0,16,Entire home/apt
599263189939715726,1496.0,2,1.0,144,Private room
1460502230007928456,852.0,4,1.0,2,Entire home/apt
1419119347429163241,1394.0,3,1.0,2,Entire home/apt
902308572649678181,1029.0,9,2.0,32,Entire home/apt
1317381217891663186,4092.0,4,1.0,0,Entire home/apt
1098759802571363245,360.0,2,2.0,0,Private room
708682143805985439,1029.0,4,2.0,146,Entire home/apt
1445195010099086309,1900.0,2,1.0,0,Private room
1496533292141851829,1126.0,2,1.0,0,Private room
1476088630384940444,2403.0,4,2.0,0,Entire home/apt
989179478593943128,2756.0,7,3.0,12,Entire home/apt
30338437,538.0,3,1.0,19,Private room
1376897496010400543,1453.0,2,1.0,1,Private room
52646870,480.0,1,1.0,98,Private room
50490084,2538.0,4,2.0,90,Entire home/apt
32049139,712.0,5,2.0,153,Entire home/apt
1361750045005348313,1379.0,4,1.0,60,Entire home/apt
614936444124786013,588.0,2,1.0,15,Entire home/apt
1170526490703733194,563.0,2,1.0,0,Private room
802940121908408473,1043.0,4,1.0,64,Entire home/apt
1035581184320076327,1461.0,4,2.0,0,Private room
822444882335719785,1296.0,2,1.0,5,Private room
926146331431940799,559.0,2,1.0,98,Entire home/apt
1218371912718124844,855.0,4,1.0,8,Entire home/apt
841672470028898650,1324.0,4,2.0,58,Entire home/apt
1508174323914388366,1092.0,2,0.0,3,Entire home/apt
1369625961744270425,647.0,4,2.0,11,Entire home/apt
53829698,2578.0,6,2.0,10,Entire home/apt
1174067690336490250,444.0,2,1.0,6,Private room
1045145529194939311,630.0,2,1.0,120,Entire home/apt
1369011801532208833,328.0,1,1.0,40,Entire home/apt
757992345207067758,845.0,2,1.0,83,Entire home/apt
18686760,926.0,4,1.0,635,Entire home/apt
41640968,976.0,2,1.0,57,Private room
956527526936418148,1560.0,6,2.0,61,Entire home/apt
1147968903838966071,1544.0,4,2.0,27,Entire home/apt
566175331243136961,2559.0,5,3.0,47,Entire home/apt
910917088536890245,1066.0,4,2.0,49,Entire home/apt
1363334173680508398,1243.0,3,2.0,12,Entire home/apt
1435778301976482028,1647.0,4,1.0,0,Entire home/apt
46056245,2900.0,2,1.0,454,Entire home/apt
856114211720080400,835.0,2,1.0,182,Entire home/apt
43358594,399.0,1,1.0,6,Private room
1441553221421101866,1127.0,2,1.0,3,Entire home/apt
50182226,1185.0,6,2.0,2,Entire home/apt
1121998914485509506,870.0,3,1.0,18,Entire home/apt
44688296,629.0,4,1.0,94,Private room
12985534,368.0,4,1.0,2,Private room
1289867479600292091,1620.0,6,2.0,18,Entire home/apt
52882991,535.0,2,1.0,29,Private room
1514856875760468218,1530.0,4,2.0,0,Entire home/apt
1417756588658686624,1405.0,7,2.0,22,Entire home/apt
27809590,1055.0,2,1.0,126,Entire home/apt
23020794,1468.0,2,1.0,203,Entire home/apt
14746462,1342.0,3,1.0,100,Entire home/apt
25888799,1600.0,4,2.0,6,Entire home/apt
681704480534164536,1469.0,4,2.0,26,Entire home/apt
21052296,760.0,4,2.0,950,Entire home/apt
749520220866955941,512.0,2,1.0,69,Private room
1414027509784400896,222.0,2,1.0,4,Private room
745237400001115151,643.0,2,1.0,125,Entire home/apt
1444535954175009717,314.0,2,1.0,0,Private room
1377206287298069189,1395.0,2,1.0,16,Entire home/apt
38158266,1577.0,2,0.0,343,Entire home/apt
1208904691347114089,460.0,1,1.0,0,Private room
1368232168944153140,571.0,2,1.0,1,Private room
978931282118626140,1908.0,5,2.0,24,Entire home/apt
41886831,950.0,5,2.0,175,Entire home/apt
1227077265443661489,4634.0,12,6.0,29,Entire home/apt
45285224,1345.0,2,1.0,22,Entire home/apt
1161060296964141454,1793.0,5,2.0,70,Entire home/apt
781742960618968723,1125.0,4,2.0,126,Entire home/apt
1329310010632850869,1826.0,4,4.0,0,Entire home/apt
40871626,617.0,4,0.0,242,Entire home/apt
38932304,1561.0,4,2.0,1,Entire home/apt
983925597868219225,960.0,4,2.0,45,Entire home/apt
1473580751585694084,6665.0,8,3.0,0,Entire home/apt
1374255085802560020,1363.0,4,1.0,28,Entire home/apt
950640058641255745,748.0,2,1.0,127,Entire home/apt
43834547,564.0,2,1.0,9,Private room
22466364,1818.0,5,2.0,64,Entire home/apt
908653514155484151,3527.0,12,6.0,70,Entire home/apt
947335014924137290,2342.0,4,2.0,45,Entire home/apt
1240999554199897004,3000.0,3,3.0,1,Entire home/apt
984761260298973391,500.0,2,1.0,98,Private room
42002545,1626.0,8,3.0,1,Entire home/apt
1503985283301126533,1256.0,2,1.0,2,Entire home/apt
967478802335704802,606.0,3,1.0,96,Entire home/apt
50830195,1688.0,4,2.0,61,Entire home/apt
33688746,689.0,2,1.0,1,Private room
1517472679990854548,1800.0,5,2.0,0,Entire home/apt
569137127466244238,600.0,2,1.0,25,Private room
623242375174163861,2375.0,3,1.0,70,Private room
558006917355919743,790.0,2,1.0,36,Entire home/apt
776078463098111481,1052.0,2,1.0,55,Entire home/apt
19856511,813.0,4,1.0,85,Entire home/apt
1198895936583144237,380.0,2,1.0,12,Private room
557929700343395071,880.0,2,1.0,85,Entire home/apt
967399975847806436,836.0,2,1.0,2,Private room
37943510,1575.0,2,0.0,135,Entire home/apt
49289622,1168.0,2,1.0,115,Entire home/apt
1371103953404939222,15317.0,6,3.0,1,Entire home/apt
710271488948822258,691.0,2,1.0,1,Private room
868097290115908253,821.0,2,1.0,19,Entire home/apt
27721351,360.0,2,1.0,95,Private room
1440054081098313879,369.0,1,1.0,2,Private room
49570562,510.0,1,1.0,6,Private room
40383821,554.0,2,1.0,2,Private room
1392247757927639509,1520.0,4,1.0,7,Entire home/apt
21578853,998.0,2,1.0,40,Entire home/apt
30487648,610.0,2,1.0,181,Entire home/apt
1337972531342755003,2288.0,6,3.0,4,Entire home/apt
1346429848069069219,675.0,4,1.0,0,Private room
1071218849891602435,1005.0,3,1.0,35,Entire home/apt
20016824,270.0,2,1.0,190,Private room
32637780,776.0,1,1.0,219,Entire home/apt
32964676,706.0,4,1.0,264,Entire home/apt
1497980904643325214,1815.0,4,2.0,0,Entire home/apt
826056590523873509,2234.0,5,2.0,69,Entire home/apt
21218251,843.0,2,1.0,26,Private room
998709756712725370,746.0,2,1.0,42,Entire home/apt
1095900448563171248,1064.0,4,2.0,75,Entire home/apt
35063962,350.0,2,1.0,41,Entire home/apt
32363166,704.0,2,0.0,171,Entire home/apt
860780664971407686,1683.0,4,2.0,47,Entire home/apt
52558107,1509.0,4,1.0,187,Entire home/apt
1501013308863226303,422.0,1,1.0,0,Private room
1442205747454171720,643.0,2,1.0,8,Entire home/apt
1476390174628278467,1013.0,4,1.0,3,Entire home/apt
863895780701795355,738.0,2,1.0,30,Private room
646430867460534051,1118.0,3,1.0,37,Entire home/apt
1487276154206391561,571.0,2,1.0,4,Private room
2794006,759.0,2,1.0,59,Entire home/apt
46778953,774.0,4,1.0,75,Entire home/apt
1385840723612524386,888.0,3,1.0,2,Entire home/apt
991359789926795307,1960.0,5,2.0,48,Entire home/apt
1110912424440581408,339.0,2,1.0,102,Private room
39264293,2027.0,4,1.0,38,Entire home/apt
52372511,1669.0,4,2.0,84,Entire home/apt
1371844820119959812,550.0,2,1.0,24,Private room
13591658,943.0,2,1.0,18,Private room
1500940244465237306,1174.0,5,1.0,2,Entire home/apt
1228249540763986544,1129.0,2,1.0,35,Entire home/apt
855719460590794072,2850.0,14,5.0,47,Entire home/apt
54246393,1707.0,2,1.0,0,Private room
780627514388721862,945.0,6,2.0,59,Entire home/apt
1498645374262787338,800.0,2,1.0,2,Private room
25458441,245.0,2,3.0,85,Private room
790622374658060971,466.0,1,1.0,0,Private room
1188644532681327912,2300.0,2,1.0,0,Entire home/apt
13417415,1341.0,3,1.0,127,Entire home/apt
950649944418185221,748.0,2,1.0,108,Entire home/apt
851316949227850765,398.0,3,2.0,13,Entire home/apt
1479115927766575049,795.0,5,2.0,12,Entire home/apt
1507228421082258575,4000.0,7,3.0,0,Entire home/apt
1026079787009928333,1182.0,2,1.0,27,Entire home/apt
907902572879555639,1003.0,3,2.0,7,Entire home/apt
45996324,750.0,2,2.0,213,Entire home/apt
23275754,495.0,1,1.0,21,Private room
13223794,728.0,2,1.0,10,Private room
761185729710120280,718.0,2,1.0,7,Entire home/apt
51326518,1870.0,2,1.0,3,Private room
27552858,1866.0,2,1.0,437,Entire home/apt
1176272218479501443,480.0,1,1.0,0,Private room
1136515407171315870,1291.0,2,1.0,56,Entire home/apt
1403898383414661771,924.0,3,1.0,0,Entire home/apt
34785187,382.0,1,1.0,10,Private room
29131089,1367.0,4,1.0,123,Entire home/apt
1306688600827259781,724.0,4,2.0,7,Entire home/apt
1041466836584346368,380.0,2,1.0,2,Private room
1377751409900425581,1029.0,2,1.0,5,Private room
31569563,360.0,1,1.0,257,Private room
542170370263305578,1083.0,3,1.0,33,Entire home/apt
48792074,2095.0,10,3.0,247,Entire home/apt
1482778465499186560,2115.0,5,2.0,1,Entire home/apt
1476461061980059158,925.0,4,1.0,8,Entire home/apt
981250350822907566,1346.0,3,1.0,73,Entire home/apt
828961460136476930,351.0,1,1.0,67,Private room
1277949755551291241,1294.0,2,1.0,8,Entire home/apt
1010842923376463564,1740.0,7,2.0,26,Entire home/apt
40090477,371.0,2,1.0,183,Private room
1326338399412078934,2664.0,10,5.0,3,Entire home/apt
23958007,1990.0,2,1.0,46,Entire home/apt
44167791,1690.0,2,1.0,19,Entire home/apt
24579326,1370.0,4,2.0,52,Entire home/apt
1226461364519982414,1962.0,4,2.0,5,Entire home/apt
840655685402463111,1260.0,4,1.0,57,Entire home/apt
16192021,1155.0,3,2.0,58,Entire home/apt
810969990602882045,1115.0,2,1.0,40,Entire home/apt
1298016030464124014,1465.0,4,2.0,41,Entire home/apt
8145972,1212.0,2,1.0,34,Entire home/apt
14429731,749.0,1,1.0,32,Private room
705266355737811539,1717.0,3,2.0,65,Entire home/apt
44307450,507.0,5,1.0,58,Entire home/apt
46050505,763.0,2,1.0,114,Entire home/apt
1465543474201697355,1943.0,4,2.0,1,Entire home/apt
1111938337583085760,673.0,2,1.0,55,Private room
1458126022371872340,298.0,2,1.0,0,Private room
1240941856647220613,615.0,4,2.0,26,Entire home/apt
1466750049075815632,441.0,2,1.0,1,Private room
601645425889748097,4429.0,10,5.0,130,Entire home/apt
22269454,1000.0,4,2.0,61,Entire home/apt
844155100011776411,785.0,2,1.0,38,Entire home/apt
36600569,1815.0,6,2.0,145,Entire home/apt
34153691,2127.0,5,2.0,56,Entire home/apt
1286284543423197239,599.0,1,1.0,2,Private room
1392917074721252315,527.0,2,1.0,26,Entire home/apt
936487419623787533,1600.0,4,2.0,1,Entire home/apt
838728681701688288,1327.0,5,1.0,54,Entire home/apt
17192399,6096.0,6,3.0,5,Entire home/apt
23652527,884.0,2,1.0,451,Entire home/apt
1329260229484495151,505.0,1,1.0,1,Private room
682180906371904585,448.0,1,1.0,8,Private room
1297265583815357487,873.0,4,2.0,41,Entire home/apt
40406114,1054.0,6,3.0,198,Entire home/apt
1442981713769678066,1500.0,2,1.0,0,Private room
46915861,740.0,2,1.0,277,Entire home/apt
49844089,1511.0,4,2.0,45,Entire home/apt
54295051,1199.0,2,1.0,76,Entire home/apt
889161199667465177,1063.0,4,2.0,98,Entire home/apt
51508394,1986.0,4,2.0,27,Entire home/apt
709492631300235666,1051.0,5,2.0,10,Entire home/apt
790067260763043824,1125.0,2,1.0,43,Entire home/apt
1294392083774770397,792.0,7,2.0,0,Private room
1232703300052611157,3505.0,6,3.0,8,Entire home/apt
1019130022170951815,1903.0,2,1.0,1,Private room
1203059755952741032,1269.0,4,2.0,56,Entire home/apt
1404377943325055688,2943.0,2,1.0,13,Entire home/apt
53608807,1346.0,4,1.0,85,Entire home/apt
1736063,2228.0,2,1.0,66,Hotel room
1339381259320710593,1373.0,2,1.0,5,Entire home/apt
1121292439848276765,1324.0,3,1.0,36,Entire home/apt
1431371478295643382,469.0,1,1.0,2,Private room
671245147937049221,643.0,2,1.0,512,Entire home/apt
562555138496061668,1140.0,4,1.0,69,Entire home/apt
1453758101542481901,1840.0,6,2.0,1,Entire home/apt
46748604,998.0,4,2.0,62,Entire home/apt
832157917787861094,419.0,2,1.0,116,Entire home/apt
32496276,491.0,2,1.0,367,Entire home/apt
44321985,3066.0,2,4.0,7,Private room
1318260227811620092,5629.0,4,2.0,22,Entire home/apt
579068037739549066,8560.0,10,4.0,0,Entire home/apt
1325550287467304470,750.0,3,1.0,6,Entire home/apt
43527513,27575.0,10,3.0,0,Entire home/apt
33305033,1018.0,4,2.0,112,Entire home/apt
620958604643739557,690.0,2,0.0,22,Private room
21957404,216.0,1,1.0,37,Private room
1486367685183790119,1296.0,3,1.0,6,Entire home/apt
5193446,1260.0,4,2.0,16,Entire home/apt
904286909850388412,4389.0,4,2.0,6,Entire home/apt
1264560037495748479,1044.0,3,1.0,78,Entire home/apt
560186585295570175,934.0,2,1.0,87,Entire home/apt
692869743377792739,2500.0,6,2.0,63,Entire home/apt
33040560,1035.0,3,1.0,114,Entire home/apt
1031424309320033628,784.0,4,2.0,57,Entire home/apt
1286235862613038045,500.0,2,1.0,26,Private room
1334930122486428650,1039.0,2,1.0,29,Entire home/apt
1487078273450653372,3804.0,8,4.0,1,Entire home/apt
793613955354456092,292.0,1,1.0,1,Entire home/apt
17703494,2120.0,5,3.0,64,Entire home/apt
614537244987186356,5480.0,8,3.0,87,Entire home/apt
19811388,978.0,4,2.0,66,Entire home/apt
43785896,1653.0,4,2.0,102,Entire home/apt
1289454581225514133,2600.0,2,1.0,13,Entire home/apt
51905836,3244.0,2,1.0,1,Private room
23839272,1627.0,2,1.0,35,Private room
741600159571099515,330.0,2,1.0,0,Private room
1476891095684280350,1287.0,3,1.0,4,Entire home/apt
1184480619452297358,575.0,1,1.0,83,Shared room
1490846795609022676,427.0,4,1.0,6,Private room
949427693653842865,1374.0,6,2.0,19,Entire home/apt
1379090233700252657,1874.0,5,2.0,32,Entire home/apt
1061020909928317485,1033.0,4,2.0,49,Entire home/apt
1287904992525847998,3381.0,2,1.0,9,Entire home/apt
51707320,724.0,1,1.0,6,Private room
1404594478276994688,1105.0,5,1.0,1,Private room
22010964,428.0,2,1.0,48,Private room
21448160,1145.0,4,1.0,12,Entire home/apt
733155408834700771,4178.0,6,3.0,34,Entire home/apt
926836338525637648,550.0,2,2.0,16,Entire home/apt
946689750076766948,466.0,2,1.0,17,Private room
48266886,529.0,2,1.0,102,Entire home/apt
1488863063984303418,1458.0,4,2.0,1,Entire home/apt
48439142,5580.0,8,2.0,1,Entire home/apt
37916851,755.0,2,1.0,297,Entire home/apt
938498037498662881,495.0,1,8.0,3,Private room
1182862745474775924,710.0,2,1.0,5,Entire home/apt
694440755710945610,846.0,4,2.0,28,Entire home/apt
49366753,630.0,3,1.0,35,Entire home/apt
1000205375565418956,905.0,2,1.0,68,Private room
1112472788574482186,705.0,2,1.0,22,Private room
997867252077935366,290.0,2,1.0,4,Private room
820937203877257956,1982.0,6,2.0,30,Entire home/apt
13701449,836.0,2,1.0,63,Private room
1406724767455482143,2160.0,4,1.0,1,Entire home/apt
45146492,602.0,4,2.0,213,Entire home/apt
968135196869175149,1739.0,9,3.0,130,Entire home/apt
1036274837772275004,962.0,4,1.0,5,Entire home/apt
1317570025462880663,1539.0,5,2.0,17,Entire home/apt
1010173872598293928,11572.0,16,5.0,3,Entire home/apt
2537521,3538.0,4,2.0,196,Entire home/apt
650772358845400892,1461.0,3,1.0,108,Entire home/apt
1473306738263262338,1080.0,2,1.0,5,Entire home/apt
1018300981623005278,528.0,2,1.0,95,Private room
632779352117481763,500.0,2,1.0,1,Private room
1171687638662203439,49999.0,4,1.0,0,Entire home/apt
44052462,618.0,1,1.0,123,Entire home/apt
676186459565417687,503.0,1,1.0,13,Private room
810952662727574889,1000.0,2,1.0,4,Private room
38642146,503.0,2,1.0,105,Private room
1232610897176804000,1157.0,2,1.0,75,Entire home/apt
26741934,554.0,2,1.0,7,Private room
953139713898592172,2010.0,4,1.0,52,Entire home/apt
1378435423629619737,1735.0,2,1.0,1,Private room
1010179615937141776,1241.0,4,1.0,142,Entire home/apt
795828236811277678,450.0,1,1.0,8,Private room
1371339499360124706,431.0,2,1.0,1,Private room
862982439337733278,773.0,4,1.0,109,Entire home/apt
50719574,1234.0,5,3.0,18,Entire home/apt
45441287,500.0,1,1.0,26,Private room
19719341,850.0,3,1.0,215,Entire home/apt
1272493396505482320,1350.0,3,2.0,9,Entire home/apt
1489316128677258107,2222.0,5,2.0,0,Entire home/apt
35117206,1704.0,2,1.0,0,Private room
1034217126754339634,600.0,1,1.0,0,Private room
1222440474959067728,1955.0,7,2.0,0,Entire home/apt
791593209070994685,2112.0,4,2.0,79,Entire home/apt
762424198605037394,1123.0,2,1.0,49,Private room
21058487,540.0,1,1.0,8,Private room
1131997429012488197,1222.0,6,3.0,4,Entire home/apt
1451733021507605073,1100.0,4,2.0,6,Entire home/apt
1330581661964690140,2669.0,2,1.0,0,Entire home/apt
25806402,500.0,1,1.0,0,Entire home/apt
1142701671750529976,305.0,2,1.0,133,Private room
50613328,792.0,3,1.0,154,Entire home/apt
1134408488239673270,1981.0,2,1.0,13,Entire home/apt
903541974479721374,599.0,4,0.0,6,Entire home/apt
555147346098265047,2219.0,4,2.0,173,Entire home/apt
944790927688781970,808.0,4,3.0,1,Entire home/apt
1040831782173818655,1068.0,5,2.0,51,Entire home/apt
1401820469572814482,618.0,1,1.0,0,Private room
48866589,870.0,4,1.0,82,Entire home/apt
1183077379679766951,4246.0,2,1.0,1,Private room
588641176043074833,350.0,2,1.0,81,Private room
53571435,863.0,4,2.0,168,Entire home/apt
735406876299899587,1559.0,10,3.0,101,Entire home/apt
47993774,1959.0,2,1.0,43,Private room
855776182133790993,1810.0,6,3.0,32,Entire home/apt
33655036,427.0,10,0.0,2,Entire home/apt
48451357,664.0,2,1.0,1,Private room
40229764,2186.0,4,2.0,52,Entire home/apt
1098676959597163949,860.0,4,2.0,124,Entire home/apt
1177717365967661634,1210.0,4,2.0,69,Entire home/apt
48244491,1200.0,4,2.0,41,Entire home/apt
1244966377414528574,3194.0,3,1.0,0,Entire home/apt
1285099841594424475,1464.0,4,2.0,7,Entire home/apt
1495703124145844408,2668.0,4,2.0,1,Entire home/apt
772486881344294844,10271.0,8,0.0,0,Entire home/apt
934998093349590588,1515.0,3,1.0,5,Entire home/apt
45848462,787.0,2,1.0,83,Entire home/apt
577737619890658644,4257.0,6,3.0,80,Entire home/apt
985593652121959711,490.0,2,0.0,158,Private room
30586209,493.0,2,1.0,7,Entire home/apt
21935541,856.0,2,1.0,403,Private room
51284066,2187.0,2,1.0,40,Entire home/apt
53935491,1636.0,4,2.0,104,Entire home/apt
1364000187789358844,1646.0,4,2.0,11,Entire home/apt
579970081878632673,490.0,2,1.0,83,Entire home/apt
1493001851279381010,1537.0,2,0.0,5,Entire home/apt
46359514,1509.0,4,1.0,45,Entire home/apt
1334138929348333422,604.0,1,1.0,7,Private room
1224155949976060410,911.0,2,1.0,22,Entire home/apt
1267654140622494972,2035.0,6,3.0,23,Entire home/apt
42744100,845.0,3,2.0,30,Entire home/apt
42756903,845.0,2,1.0,36,Private room
990708048959850314,2251.0,6,2.0,133,Entire home/apt
1090308703273605764,1790.0,2,1.0,13,Entire home/apt
40117504,316.0,1,1.0,45,Private room
50934436,517.0,2,1.0,102,Entire home/apt
1190884079214352534,1024.0,4,2.0,35,Entire home/apt
1135700439431829646,1636.0,2,1.0,1,Private room
856026961711463013,285.0,2,1.0,33,Private room
23320841,949.0,2,1.0,593,Private room
577579046208453306,925.0,2,1.0,16,Entire home/apt
638522984842186128,750.0,3,1.0,2,Entire home/apt
950915196949960797,808.0,4,2.0,30,Entire home/apt
1087636,600.0,1,1.0,54,Private room
1206582341638598454,552.0,1,1.0,20,Private room
6501448,950.0,2,1.0,0,Entire home/apt
1468202063622053452,1471.0,4,2.0,5,Entire home/apt
1243774186630454656,945.0,1,1.0,5,Private room
1028205674320311382,1229.0,2,1.0,48,Entire home/apt
988630561350244954,4371.0,4,2.0,108,Entire home/apt
39127840,12841.0,2,1.0,1,Private room
1376287763624742778,842.0,1,1.0,0,Private room
1398179716824881239,465.0,2,1.0,7,Private room
1338570732122298274,1260.0,2,1.0,21,Private room
913256138160766114,627.0,2,1.0,43,Entire home/apt
785766602553470095,3082.0,5,2.0,27,Entire home/apt
785512660288439774,1508.0,2,1.0,128,Entire home/apt
43442676,1100.0,2,1.0,238,Entire home/apt
1480724847300546244,990.0,4,2.0,3,Entire home/apt
785824592964925986,714.0,2,1.0,109,Entire home/apt
1163779252109399723,1380.0,3,2.0,34,Entire home/apt
1024580415207646265,2633.0,6,3.0,93,Entire home/apt
762335896058784155,435.0,2,1.0,312,Private room
1321785920674577097,1272.0,3,1.0,5,Entire home/apt
1308333857857121784,1001.0,2,1.0,15,Entire home/apt
1198405864793233284,5777.0,16,5.0,23,Entire home/apt
48886031,700.0,2,1.0,119,Entire home/apt
51671510,843.0,2,1.0,34,Private room
998683981514315959,2344.0,3,1.0,4,Entire home/apt
35614971,1003.0,12,2.0,116,Entire home/apt
1500965442300514027,1633.0,5,2.0,0,Entire home/apt
943629182578700668,1826.0,5,2.0,53,Entire home/apt
1459070441126426242,1537.0,2,1.0,3,Entire home/apt
1442358739002204616,355.0,2,1.0,6,Entire home/apt
845594263605453877,1851.0,8,2.0,69,Entire home/apt
762341148160242673,750.0,3,2.0,70,Entire home/apt
1208081510898093327,1730.0,3,1.0,49,Entire home/apt
37780083,1106.0,4,0.0,40,Entire home/apt
11756821,752.0,3,2.0,81,Entire home/apt
31828519,1008.0,2,0.0,10,Private room
1279575526186143127,1204.0,4,2.0,63,Entire home/apt
609674542163386935,691.0,2,1.0,135,Private room
745074773656235490,1654.0,3,1.0,46,Entire home/apt
928485145762789087,192.0,1,1.0,21,Private room
1476658177705949084,268.0,2,1.0,1,Private room
863888842085710704,751.0,2,1.0,11,Private room
47578071,3986.0,4,2.0,34,Entire home/apt
48282013,926.0,2,1.0,14,Private room
1100410578227737829,1113.0,2,0.0,75,Entire home/apt
52990486,4400.0,2,1.0,6,Entire home/apt
1213011165625495467,692.0,2,1.0,17,Entire home/apt
48316262,2300.0,4,2.0,52,Entire home/apt
1280538124855205232,1300.0,2,1.0,0,Private room
904294480167359302,2494.0,4,2.0,8,Entire home/apt
893443106256388893,520.0,2,1.0,11,Private room
35127781,792.0,1,1.0,85,Entire home/apt
48360200,1235.0,5,3.0,137,Entire home/apt
38485685,1311.0,5,2.0,344,Entire home/apt
45217953,926.0,2,2.0,7,Entire home/apt
1042125288008192438,6012.0,6,3.0,42,Entire home/apt
555028304878202462,6296.0,4,2.0,7,Entire home/apt
37630362,1033.0,4,2.0,97,Entire home/apt
1473445496279753591,665.0,2,1.0,0,Private room
1374705104023434577,3577.0,6,1.0,1,Private room
1335502893133196339,1068.0,2,1.0,45,Entire home/apt
1453077005639409089,329.0,2,1.0,7,Private room
1369794531030947024,1993.0,6,2.0,16,Entire home/apt
1485887082892427472,1544.0,4,2.0,0,Entire home/apt
1178353705342112789,1243.0,4,2.0,7,Entire home/apt
51906664,699.0,4,2.0,7,Entire home/apt
41715067,523.0,2,1.0,4,Private room
1297088322011379559,184.0,3,1.0,3,Shared room
776276815418303687,6070.0,2,1.0,24,Entire home/apt
1354440315011926601,1178.0,5,2.0,1,Entire home/apt
41535216,4536.0,8,3.0,8,Entire home/apt
40261546,352.0,2,1.0,53,Private room
1442238377971710176,772.0,1,1.0,0,Private room
713221634981371256,1948.0,6,3.0,114,Entire home/apt
1405602249511099094,154.0,1,1.0,0,Shared room
1246757548038591767,1120.0,6,2.0,0,Entire home/apt
766605817665834145,1075.0,4,2.0,77,Entire home/apt
51506460,1710.0,6,2.0,43,Entire home/apt
563264915406104501,455.0,4,0.0,141,Entire home/apt
1482151786545892230,362.0,2,0.0,3,Shared room
710183197480949789,3908.0,6,3.0,20,Private room
51562674,1321.0,2,1.0,22,Entire home/apt
51284009,1577.0,2,1.0,70,Entire home/apt
953296450644582470,384.0,2,1.0,180,Private room
1136990989922802635,1350.0,2,1.0,7,Private room
1418056904411386802,540.0,1,1.0,7,Private room
40428414,512.0,2,1.0,68,Private room
902241695036628178,1547.0,6,2.0,36,Entire home/apt
51734580,838.0,2,1.0,162,Entire home/apt
17235569,1140.0,6,2.0,422,Entire home/apt
855255424443241473,3318.0,4,2.0,106,Entire home/apt
1105329372085661536,543.0,2,1.0,11,Private room
1364728794054395139,1489.0,4,1.0,3,Entire home/apt
1334834625618310741,784.0,1,1.0,5,Private room
1427155052779941899,5000.0,2,2.0,0,Private room
754653612223640149,1062.0,2,1.0,70,Entire home/apt
41559690,1400.0,11,3.0,138,Entire home/apt
623334188781623983,1347.0,4,3.0,4,Entire home/apt
604867283473609133,360.0,1,1.0,46,Private room
1233390196898558144,2203.0,4,2.0,20,Entire home/apt
763018702106242030,936.0,6,2.0,106,Entire home/apt
38855947,810.0,2,1.0,352,Entire home/apt
1213796565899450910,4706.0,16,5.0,41,Entire home/apt
778997772574451075,1900.0,2,1.0,2,Private room
1183992658635004821,471.0,2,0.0,74,Private room
1050969452740055061,399.0,2,1.0,0,Private room
52714005,2323.0,4,2.0,29,Entire home/apt
1045855246573613326,450.0,2,1.0,148,Private room
32642612,593.0,4,1.0,184,Private room
752093030028308114,1086.0,5,2.0,62,Entire home/apt
1499695503555262674,611.0,6,2.0,0,Entire home/apt
42026440,809.0,2,1.0,148,Private room
39755753,1089.0,1,1.0,1,Private room
1458109634961352334,815.0,4,2.0,6,Entire home/apt
1210350446126858677,881.0,2,1.0,74,Entire home/apt
1429880563110476867,2000.0,6,3.0,0,Entire home/apt
910367721313360873,2496.0,7,3.0,80,Entire home/apt
22867014,418.0,1,1.0,38,Private room
47007658,331.0,2,1.0,70,Private room
1116114588258961570,558.0,2,1.0,5,Private room
983276229139780845,3469.0,2,1.0,19,Entire home/apt
1400057846705864391,1310.0,5,2.0,33,Entire home/apt
41241672,720.0,2,0.0,103,Private room
817547561917473270,1388.0,5,2.0,99,Entire home/apt
33876114,528.0,1,1.0,3,Private room
1256026592163994433,1774.0,5,2.0,75,Entire home/apt
1095257265636270173,729.0,1,1.0,3,Private room
46947636,2980.0,2,1.0,136,Entire home/apt
741350070904514843,2356.0,3,1.0,24,Entire home/apt
1286402518790163059,2500.0,5,2.0,24,Entire home/apt
934881813989667122,2723.0,2,1.0,78,Entire home/apt
1099536119548627802,564.0,2,1.0,58,Private room
580577155155737702,1411.0,4,2.0,119,Entire home/apt
7894945,2558.0,6,2.0,9,Entire home/apt
7826731,974.0,2,1.0,39,Entire home/apt
637766653916175797,569.0,2,1.0,113,Private room
52761366,5799.0,14,5.0,32,Entire home/apt
778187457214350451,889.0,2,1.0,73,Entire home/apt
1266971833867392839,1411.0,2,1.0,40,Entire home/apt
1391453254189278419,2408.0,5,3.0,11,Entire home/apt
1002251450849653471,1349.0,4,2.0,96,Entire home/apt
1429920203744023199,2758.0,5,2.0,0,Entire home/apt
51501175,1001.0,5,2.0,210,Entire home/apt
51641666,675.0,2,0.0,128,Entire home/apt
1388649934197641482,1568.0,2,0.0,12,Entire home/apt
37564035,648.0,2,1.0,350,Entire home/apt
1496010186044778713,3080.0,4,2.0,0,Entire home/apt
988410345532227193,1984.0,4,1.0,3,Entire home/apt
603808094141008420,861.0,2,1.0,82,Private room
23666725,1903.0,4,2.0,528,Entire home/apt
15379999,412.0,1,1.0,249,Private room
42746302,724.0,2,1.0,79,Entire home/apt
1337899353517115312,1547.0,3,1.0,7,Entire home/apt
247543,758.0,1,1.0,162,Entire home/apt
760275198281612184,270.0,1,1.0,0,Private room
1275630646565967474,284.0,1,1.0,5,Private room
41210164,2020.0,4,2.0,122,Entire home/apt
1184360064290696604,695.0,2,1.0,59,Entire home/apt
45684360,5555.0,2,3.0,0,Private room
929895072880882363,770.0,10,2.0,34,Entire home/apt
1362413840589483459,526.0,1,1.0,0,Private room
19555669,984.0,3,2.0,213,Entire home/apt
1224301834569303881,468.0,2,1.0,24,Private room
28306050,492.0,2,1.0,251,Private room
1479335795608707080,846.0,2,1.0,0,Entire home/apt
966732279410844740,342.0,1,1.0,7,Shared room
43872420,966.0,4,1.0,159,Entire home/apt
52883944,1876.0,4,2.0,21,Entire home/apt
1076344888974749234,1512.0,5,2.0,105,Entire home/apt
47272859,2290.0,2,1.0,6,Entire home/apt
1380458054862485007,1494.0,2,1.0,157,Entire home/apt
41407365,577.0,4,1.0,55,Entire home/apt
41980772,810.0,2,1.0,180,Private room
10135808,1245.0,2,1.0,145,Private room
53339536,285.0,1,1.0,49,Private room
1330699112692523739,490.0,2,1.0,20,Private room
34422393,450.0,1,1.0,2,Private room
994401063719235417,1710.0,4,2.0,10,Entire home/apt
695035237195333041,1245.0,3,2.0,27,Entire home/apt
1416056210283627825,720.0,2,1.0,14,Private room
11777100,457.0,1,1.0,41,Private room
1440803263826319433,1430.0,4,2.0,3,Entire home/apt
823400363458892620,1212.0,2,1.0,29,Entire home/apt
821800874619339775,392.0,2,1.0,30,Private room
17765820,1993.0,6,3.0,146,Entire home/apt
972754499696276335,2824.0,6,2.0,125,Entire home/apt
52222774,1404.0,5,2.0,120,Entire home/apt
633233200685325689,2375.0,3,1.0,48,Private room
1329206509904796320,1442.0,3,1.0,188,Entire home/apt
32191613,984.0,5,2.0,125,Entire home/apt
568115054084334193,411.0,2,1.0,23,Private room
878592222657419833,1142.0,2,1.0,53,Entire home/apt
716210455434763065,660.0,2,1.0,157,Entire home/apt
1374797550436255890,373.0,2,1.0,1,Private room
1493847226085960410,945.0,4,2.0,0,Private room
45485297,2854.0,3,1.0,0,Private room
1364779099764046211,2951.0,4,1.0,12,Entire home/apt
1242959272514253610,739.0,4,1.0,54,Entire home/apt
48091497,629.0,5,2.0,109,Entire home/apt
1136361331297674604,297.0,2,1.0,13,Private room
869012972423695142,1069.0,8,3.0,110,Entire home/apt
1006144100622695961,1354.0,6,2.0,101,Entire home/apt
1450290478323189423,149.0,1,1.0,65,Shared room
822665934321918162,1080.0,2,1.0,6,Entire home/apt
1399625651589273859,1127.0,2,1.0,0,Private room
41817727,602.0,2,1.0,94,Private room
21537408,515.0,2,1.0,78,Entire home/apt
1485654695858992322,1047.0,3,2.0,0,Entire home/apt
949262729131783489,774.0,2,1.0,34,Entire home/apt
1511107122176892032,279.0,6,1.0,0,Shared room
23201466,1200.0,4,2.0,18,Entire home/apt
1178252325350738942,1636.0,2,1.0,27,Entire home/apt
981183268336772147,1136.0,4,2.0,3,Entire home/apt
42297422,969.0,3,1.0,199,Entire home/apt
1224524249679754817,4148.0,10,3.0,74,Entire home/apt
13545303,723.0,2,1.0,17,Private room
19141277,813.0,4,1.0,130,Entire home/apt
16901291,960.0,1,2.0,2,Entire home/apt
9644862,402.0,2,1.0,211,Private room
1066759449856779070,1295.0,4,2.0,37,Entire home/apt
764356078291499930,1908.0,4,2.0,19,Entire home/apt
49658571,2154.0,7,2.0,141,Entire home/apt
1348583596843593923,732.0,2,1.0,8,Private room
761617463358327640,600.0,1,4.0,0,Private room
715844277200756564,1215.0,4,2.0,21,Entire home/apt
958948493238958556,1554.0,4,2.0,3,Entire home/apt
34337140,1493.0,2,1.0,156,Private room
1498732300462768685,955.0,4,1.0,3,Private room
1433082429691542408,1284.0,2,1.0,53,Entire home/apt
40840320,2450.0,4,2.0,10,Entire home/apt
1405829892055200262,450.0,2,1.0,0,Private room
869628693528950674,1700.0,6,2.0,57,Entire home/apt
1118182953815153769,13743.0,6,3.0,0,Hotel room
1512495249837335490,7990.0,2,1.0,0,Private room
1400286777575869464,2579.0,4,2.0,4,Entire home/apt
43835053,564.0,2,1.0,11,Private room
1340718218847138179,3252.0,2,1.0,0,Entire home/apt
50002228,404.0,1,1.0,44,Private room
21379100,927.0,2,1.0,85,Entire home/apt
1370386209960456090,1900.0,6,3.0,4,Entire home/apt
31057449,401.0,1,1.0,39,Private room
17589764,1097.0,2,1.0,79,Private room
38551085,270.0,1,1.0,210,Private room
53362117,650.0,5,2.0,12,Entire home/apt
636261314150465279,652.0,2,1.0,31,Private room
1496050691609503611,879.0,2,1.0,5,Entire home/apt
715991500135826440,925.0,2,1.0,120,Entire home/apt
1004330056012187269,623.0,1,1.0,2,Private room
1456685576447090973,703.0,1,1.0,0,Private room
1480170024269697743,720.0,3,2.0,2,Entire home/apt
1260423099575484888,3240.0,4,1.0,0,Entire home/apt
1329046844468546167,3500.0,3,1.0,4,Entire home/apt
48593266,900.0,4,2.0,29,Entire home/apt
1239789705247117176,1267.0,8,2.0,49,Entire home/apt
1011668880897204821,701.0,3,1.0,2,Private room
1447400060224795319,328.0,6,1.0,2,Shared room
19212637,1059.0,4,2.0,39,Entire home/apt
856606055642283310,782.0,2,1.0,29,Entire home/apt
858316162544114918,1216.0,2,1.0,17,Entire home/apt
51967919,574.0,3,1.0,33,Entire home/apt
26357360,280.0,1,1.0,8,Private room
1226797103170055894,2222.0,4,2.0,29,Entire home/apt
1111887698385033635,283.0,8,1.0,3,Shared room
50547968,1037.0,2,1.0,66,Entire home/apt
41467721,884.0,6,2.0,110,Entire home/apt
50893960,1050.0,1,1.0,22,Private room
38695303,1150.0,6,2.0,76,Entire home/apt
659450495566020338,1105.0,4,1.0,166,Entire home/apt
44022176,172.0,1,1.0,4,Shared room
695930974301649289,1311.0,4,2.0,42,Entire home/apt
40650243,434.0,1,1.0,155,Private room
1493729953719819859,1286.0,4,2.0,3,Entire home/apt
833256351735768979,939.0,5,2.0,51,Entire home/apt
1448088136252132786,671.0,2,1.0,0,Private room
1443557227457192417,1653.0,2,1.0,2,Private room
1295653749122395267,963.0,4,1.0,59,Entire home/apt
15802108,710.0,2,1.0,43,Entire home/apt
16612070,509.0,2,1.0,384,Private room
1376203490502635708,688.0,1,1.0,13,Private room
53849644,1083.0,2,1.0,10,Private room
1459453115331627944,2090.0,2,2.0,1,Entire home/apt
831198708892482860,1293.0,4,1.0,18,Entire home/apt
39420301,450.0,2,1.0,0,Private room
1437150278623382591,2060.0,2,1.0,0,Entire home/apt
596608749352678849,1368.0,10,3.0,59,Entire home/apt
44668796,402.0,1,1.0,4,Private room
1436260921990747243,590.0,1,1.0,7,Private room
1333394334517366169,960.0,1,1.0,0,Private room
1210388736168138440,810.0,2,1.0,79,Entire home/apt
26082350,480.0,2,1.0,55,Entire home/apt
38839696,3306.0,6,2.0,32,Entire home/apt
37662209,1127.0,6,2.0,594,Entire home/apt
1506168015716130126,810.0,2,1.0,0,Entire home/apt
1192760065779233448,1045.0,2,1.0,4,Entire home/apt
1010256346902636580,1143.0,4,1.0,133,Entire home/apt
1054441434817978054,554.0,2,1.0,0,Entire home/apt
52509551,580.0,1,1.0,132,Private room
12186878,765.0,2,1.0,28,Private room
1416822871059812288,434.0,1,1.0,0,Private room
1248813281313438710,3176.0,2,1.0,53,Entire home/apt
1496991029773899444,1150.0,2,1.0,0,Private room
1029456022380305722,338.0,2,1.0,85,Private room
645762241515520793,1381.0,4,2.0,147,Entire home/apt
1043664413853051662,855.0,4,1.0,263,Entire home/apt
900209882901595422,3705.0,5,2.0,5,Entire home/apt
989281984005023975,4034.0,6,3.0,16,Entire home/apt
1472049926889419815,240.0,1,1.0,9,Shared room
1436937707272059575,312.0,1,1.0,0,Shared room
29308980,340.0,2,1.0,17,Entire home/apt
1057414356196549962,2215.0,5,2.0,1,Private room
787738990517185768,600.0,1,1.0,59,Private room
45485116,4351.0,3,1.0,0,Private room
1380078133233585883,4565.0,12,6.0,4,Entire home/apt
32789000,1455.0,4,2.0,132,Entire home/apt
894998069071121800,1362.0,4,2.0,103,Entire home/apt
53008745,224.0,1,1.0,31,Private room
23400353,686.0,3,2.0,52,Entire home/apt
42668576,1758.0,2,1.0,209,Entire home/apt
42517510,4987.0,11,3.0,23,Entire home/apt
1262541178149720839,760.0,2,1.0,1,Private room
1395148742407499118,359.0,1,0.0,1,Entire home/apt
1235420996563454770,2359.0,5,2.0,16,Entire home/apt
1150758826668375730,1237.0,2,1.0,15,Entire home/apt
1333468728118996468,1020.0,3,1.0,8,Entire home/apt
1056063297781262494,765.0,5,2.0,5,Entire home/apt
29825657,626.0,2,0.0,26,Entire home/apt
1314738308956138409,324.0,2,1.0,41,Private room
46946843,475.0,2,1.0,110,Private room
865166826735701552,1400.0,2,1.0,10,Private room
12494707,978.0,4,1.0,123,Entire home/apt
53642576,525.0,2,1.0,400,Entire home/apt
53528952,1180.0,4,2.0,205,Entire home/apt
7984365,1146.0,4,2.0,175,Entire home/apt
847189528609425650,965.0,3,1.0,58,Entire home/apt
45811052,1295.0,4,2.0,179,Entire home/apt
1217730254452301162,456.0,2,1.0,46,Entire home/apt
31832246,976.0,3,1.0,107,Entire home/apt
1390273520888495115,1704.0,2,1.0,15,Entire home/apt
647945402687985487,714.0,2,1.0,177,Entire home/apt
8100204,841.0,2,1.0,97,Entire home/apt
840712692397132491,1181.0,5,2.0,14,Entire home/apt
737105726927836639,738.0,2,1.0,95,Entire home/apt
1108305103258572494,460.0,1,1.0,1,Private room
1163758804423772884,673.0,4,1.0,0,Private room
23035814,1285.0,2,1.0,167,Entire home/apt
901050968136470952,748.0,2,1.0,44,Entire home/apt
32401742,1294.0,2,1.0,8,Entire home/apt
45735725,1806.0,4,2.0,66,Entire home/apt
1395865318016430368,1620.0,6,3.0,3,Entire home/apt
800082520976582473,1288.0,3,1.0,0,Entire home/apt
1411958795041182442,708.0,4,2.0,10,Entire home/apt
1232757484038389880,2347.0,4,2.0,19,Entire home/apt
35714471,237.0,2,1.0,78,Entire home/apt
984188344703085098,1427.0,4,2.0,36,Entire home/apt
45058252,1000.0,2,1.0,5,Private room
562380431069983926,926.0,5,2.0,19,Entire home/apt
44230551,861.0,4,1.0,194,Private room
1465365936099051334,1312.0,3,1.0,15,Entire home/apt
28034464,33250.0,16,11.0,27,Entire home/apt
42436076,6458.0,16,8.0,14,Entire home/apt
36440006,1791.0,8,4.0,63,Entire home/apt
25266588,1475.0,2,1.0,324,Entire home/apt
887872293654504807,1211.0,2,1.0,123,Entire home/apt
51074391,1504.0,4,1.0,90,Private room
1269875099233018565,585.0,1,1.0,1,Private room
13825176,468.0,2,1.0,115,Entire home/apt
1485060693420234620,713.0,2,1.0,2,Entire home/apt
1168317946630663195,704.0,2,1.0,73,Private room
46399363,2825.0,4,2.0,311,Entire home/apt
1335736402992394932,4138.0,2,1.0,3,Private room
40089777,338.0,2,1.0,221,Private room
1169591139345418241,381.0,1,1.0,7,Private room
712260408001152059,415.0,2,1.0,147,Entire home/apt
684785722358520573,705.0,2,1.0,24,Private room
737659459579681232,13500.0,6,3.0,0,Entire home/apt
25941796,402.0,1,1.0,33,Entire home/apt
887024199826565568,649.0,3,1.0,15,Entire home/apt
53091694,424.0,1,1.0,51,Private room
28840510,783.0,3,2.0,569,Entire home/apt
1019892424624616628,3166.0,16,5.0,20,Entire home/apt
1497995525947206601,701.0,2,1.0,2,Entire home/apt
46403517,1900.0,4,2.0,28,Entire home/apt
39265759,2230.0,6,2.0,58,Entire home/apt
1491507742557569208,1654.0,5,3.0,2,Entire home/apt
25842030,1141.0,2,1.0,290,Entire home/apt
1496459608102018566,1561.0,2,0.0,3,Entire home/apt
785548860558953702,1487.0,2,1.0,151,Entire home/apt
831966878886612133,447.0,2,1.0,71,Private room
968811835360280002,1701.0,6,3.0,85,Entire home/apt
1294588904299899758,617.0,2,1.0,7,Private room
970979159162415222,3170.0,2,1.0,10,Entire home/apt
844876543283767199,1315.0,4,1.0,70,Entire home/apt
1444979012221486754,2525.0,3,1.0,3,Entire home/apt
704792069490968684,1713.0,2,1.0,0,Private room
1330698455593919489,257.0,1,1.0,3,Private room
52740428,4526.0,8,3.0,97,Entire home/apt
970283650449563456,1140.0,3,1.0,90,Entire home/apt
33139730,911.0,4,1.0,98,Entire home/apt
20456127,285.0,1,1.0,1,Private room
1405283825985854301,456.0,2,1.0,2,Private room
1353003340947894813,2439.0,2,0.0,21,Entire home/apt
575605264034818640,686.0,2,1.0,195,Entire home/apt
1096610498437952651,1472.0,3,1.0,101,Entire home/apt
1201686191231691152,605.0,2,1.0,24,Entire home/apt
724193057873478284,2039.0,7,3.0,141,Entire home/apt
1395015357948205267,2240.0,2,1.0,0,Entire home/apt
985502146476924807,1378.0,5,2.0,53,Entire home/apt
32257258,399.0,2,1.0,5,Private room
963908551750349697,1344.0,4,2.0,15,Entire home/apt
1161102523734941776,1582.0,2,1.0,35,Entire home/apt
935125429605665428,900.0,2,1.0,0,Private room
1376886190697658524,1451.0,4,2.0,21,Entire home/apt
1201505292917091134,2054.0,8,3.0,61,Entire home/apt
43405392,314.0,1,1.0,5,Private room
54295604,1400.0,4,1.0,25,Private room
979186359286207085,1775.0,6,3.0,53,Entire home/apt
1197879774502160173,1620.0,2,1.0,14,Private room
15926803,894.0,3,1.0,140,Entire home/apt
1268350467638271234,2035.0,6,3.0,38,Entire home/apt
684685609887271047,1162.0,5,2.0,96,Entire home/apt
22083986,1667.0,4,2.0,485,Entire home/apt
16414298,642.0,2,1.0,150,Private room
1335727250813048620,1613.0,4,2.0,22,Entire home/apt
46733558,980.0,2,1.0,12,Private room
593653353097687107,2479.0,4,2.0,34,Entire home/apt
1033335011364079093,1252.0,3,2.0,58,Entire home/apt
43087429,483.0,2,1.0,0,Private room
1021634708699801333,2309.0,3,1.0,14,Entire home/apt
1218292797988914797,1260.0,3,2.0,29,Entire home/apt
594101850083291889,1719.0,4,2.0,93,Entire home/apt
1428435167116855312,968.0,2,1.0,0,Entire home/apt
1503798196125121326,1416.0,4,2.0,0,Entire home/apt
1515322712855557638,366.0,2,1.0,0,Private room
1206504307480779433,1095.0,7,2.0,55,Entire home/apt
39303429,351.0,1,0.0,2,Private room
50886667,432.0,2,1.0,111,Private room
560710983768675315,2599.0,4,2.0,10,Entire home/apt
52086017,586.0,2,1.0,42,Entire home/apt
51636419,890.0,4,2.0,69,Entire home/apt
1102201561633806927,460.0,1,1.0,12,Private room
37464508,269.0,2,1.0,0,Private room
14058536,3395.0,8,3.0,349,Entire home/apt
1434342197161047997,483.0,2,1.0,0,Private room
1449415941797095574,3960.0,3,2.0,12,Entire home/apt
1445580451494924878,1704.0,5,2.0,16,Entire home/apt
1171450891491535692,516.0,4,1.0,75,Entire home/apt
1147961973404148756,1301.0,2,1.0,32,Entire home/apt
30322631,564.0,2,1.0,22,Private room
1462744165180209165,1211.0,2,1.0,1,Entire home/apt
1351639848532275810,1428.0,3,1.0,6,Entire home/apt
1061333158464603704,1869.0,2,1.0,10,Entire home/apt
1110221377236713026,619.0,4,2.0,58,Entire home/apt
25973891,1355.0,4,2.0,114,Entire home/apt
1110472631038066159,1350.0,3,1.0,41,Private room
1385028941589208493,1564.0,3,1.0,3,Entire home/apt
41061134,672.0,3,1.0,180,Private room
744909881823259553,532.0,1,1.0,13,Private room
1490831239131843899,1078.0,3,1.0,0,Entire home/apt
1484383572572163321,953.0,2,1.0,3,Entire home/apt
1237255954497244908,6500.0,8,2.0,0,Entire home/apt
1201655791621471835,1117.0,6,2.0,81,Entire home/apt
1380336141734837792,2920.0,4,2.0,0,Entire home/apt
1398195262375329710,1308.0,2,0.0,8,Entire home/apt
13844394,2619.0,2,1.0,0,Private room
821191341245532799,521.0,2,1.0,189,Private room
1472052366004920024,940.0,2,1.0,0,Shared room
959434918249272961,392.0,2,1.0,218,Private room
979116720988025299,1312.0,3,2.0,48,Private room
1496385829561818160,243.0,1,1.0,0,Entire home/apt
1475480486220238120,544.0,1,1.0,2,Private room
816952719022893869,2500.0,2,1.0,0,Entire home/apt
39438671,1215.0,5,2.0,53,Entire home/apt
579979062590955873,1299.0,8,2.0,59,Entire home/apt
50264878,2246.0,5,2.0,21,Entire home/apt
894937895839237858,779.0,6,3.0,14,Entire home/apt
24851921,1280.0,2,1.0,202,Entire home/apt
41085661,2314.0,6,3.0,147,Entire home/apt
909290874122324393,705.0,2,1.0,23,Entire home/apt
1342398121898579607,646.0,3,2.0,8,Entire home/apt
1460909069428708167,1833.0,4,2.0,9,Entire home/apt
638515551070470069,651.0,3,2.0,21,Entire home/apt
800256593486557352,729.0,3,2.0,91,Entire home/apt
1275717337337822425,820.0,2,1.0,35,Entire home/apt
46923084,4435.0,6,3.0,175,Entire home/apt
1199402668923838299,598.0,4,2.0,27,Entire home/apt
1334402455103297603,2999.0,3,1.0,27,Entire home/apt
46068574,717.0,2,1.0,542,Entire home/apt
1459804289909934318,891.0,4,1.0,4,Entire home/apt
52608260,1402.0,2,1.0,104,Entire home/apt
52967527,1663.0,3,1.0,129,Entire home/apt
922615517882448708,1633.0,4,2.0,168,Entire home/apt
53570917,684.0,1,1.0,13,Private room
572694846831552529,764.0,3,1.0,14,Private room
13116411,650.0,2,1.0,63,Private room
904323839894075950,419.0,2,1.0,96,Entire home/apt
18175521,1007.0,6,3.0,117,Entire home/apt
806665767897335113,1004.0,2,1.0,16,Entire home/apt
1179072609723696998,939.0,4,1.0,2,Private room
30046003,659.0,2,1.0,133,Entire home/apt
1269852851499082366,1343.0,2,1.0,10,Entire home/apt
827747999830091248,939.0,3,1.0,63,Entire home/apt
36549216,2800.0,1,1.0,0,Private room
53255011,1126.0,2,1.0,158,Private room
944902035196983436,3253.0,6,2.0,14,Entire home/apt
35428119,838.0,4,1.0,348,Entire home/apt
1330545707475737406,293.0,2,1.0,11,Private room
21881868,475.0,2,2.0,2,Private room
44464646,7835.0,2,1.0,1,Private room
10565746,1802.0,6,2.0,61,Entire home/apt
1499503117459007249,1872.0,2,2.0,0,Entire home/apt
1470585368206988610,533.0,2,1.0,0,Private room
21395286,1020.0,6,3.0,341,Entire home/apt
1366045578372283882,1377.0,2,1.0,0,Entire home/apt
1362681406011975776,452.0,1,1.0,0,Private room
1517543507142656701,176.0,1,0.0,0,Shared room
47718598,898.0,2,1.0,1310,Private room
29858832,680.0,2,1.0,31,Private room
1227901283475510034,567.0,4,1.0,0,Private room
786179645409384605,965.0,5,2.0,95,Entire home/apt
4263660,551.0,2,1.0,484,Private room
1441595482849455334,480.0,1,1.0,1,Private room
12211303,324.0,1,1.0,38,Private room
1506158550747934309,1350.0,4,2.0,1,Entire home/apt
1203270727894186868,422.0,2,1.0,13,Private room
918781199587108798,917.0,2,1.0,69,Entire home/apt
6493807,1433.0,4,4.0,151,Entire home/apt
32662640,485.0,2,1.0,52,Entire home/apt
1304647384688069662,1755.0,2,1.0,2,Entire home/apt
15786886,1209.0,2,1.0,171,Entire home/apt
1045900294618378113,1141.0,2,1.0,9,Entire home/apt
808051596930907079,1600.0,2,2.0,62,Entire home/apt
32840678,1212.0,2,0.0,4,Private room
1232897465145512120,846.0,2,1.0,46,Entire home/apt
805796686131557876,589.0,2,1.0,72,Private room
1298027147444763745,1782.0,1,1.0,0,Private room
584141966591735827,1416.0,3,1.0,54,Entire home/apt
53941855,1212.0,4,2.0,7,Entire home/apt
845076284717754096,1881.0,2,1.0,24,Private room
40289579,1082.0,5,3.0,12,Entire home/apt
947161711407954821,327.0,1,1.0,6,Shared room
666854331055540450,775.0,4,2.0,95,Entire home/apt
561541185937562617,1233.0,2,1.0,114,Entire home/apt
45326960,826.0,2,1.0,8,Private room
679726891381821109,891.0,4,1.0,27,Entire home/apt
51843319,1620.0,6,2.0,106,Entire home/apt
1434888637223365073,656.0,2,1.0,1,Private room
1129195022038029492,3327.0,10,4.0,59,Entire home/apt
1182872164979247503,1782.0,4,2.0,60,Entire home/apt
1364240571062278675,1416.0,2,1.0,0,Private room
46455480,3203.0,8,3.0,182,Entire home/apt
802871708276846810,948.0,2,1.0,88,Private room
643315572005518594,676.0,6,3.0,6,Entire home/apt
32738171,586.0,4,1.0,164,Private room
1058777293681882681,1197.0,2,1.0,59,Entire home/apt
1040940191092405287,536.0,1,1.0,14,Private room
1270353547940666160,415.0,1,1.0,81,Shared room
51312919,1286.0,3,1.0,112,Entire home/apt
1231827562985947971,1815.0,8,3.0,13,Entire home/apt
1368978695955943789,1998.0,2,1.0,0,Entire home/apt
934780151584951221,695.0,2,1.0,45,Private room
568021552526066852,551.0,2,1.0,30,Entire home/apt
679642110092119594,461.0,2,1.0,8,Private room
39817156,1113.0,6,2.0,237,Entire home/apt
843577711416954583,1710.0,4,2.0,63,Entire home/apt
40724349,571.0,2,1.0,232,Entire home/apt
1416915816572913455,768.0,4,2.0,12,Entire home/apt
16916879,669.0,3,1.0,242,Entire home/apt
982294457482963131,453.0,1,1.0,0,Shared room
1475783466817683299,654.0,2,1.0,6,Private room
36350063,728.0,3,0.0,115,Entire home/apt
1435141145650554398,1610.0,6,2.0,15,Entire home/apt
1416832490578232435,461.0,1,1.0,4,Private room
45658967,3730.0,16,4.0,74,Entire home/apt
1013724052547294559,1889.0,4,2.0,34,Entire home/apt
1226873245980925880,1125.0,4,2.0,27,Entire home/apt
28967978,357.0,2,1.0,334,Private room
889997740570994180,1998.0,4,1.0,28,Entire home/apt
1414722531886377612,552.0,3,1.0,17,Entire home/apt
1437023273395381777,261.0,1,1.0,0,Shared room
1030490477014900247,686.0,2,1.0,79,Entire home/apt
29731950,727.0,2,1.0,123,Entire home/apt
1027002769327107050,273.0,1,1.0,140,Private room
23732812,731.0,2,1.0,499,Private room
1176455267950057429,341.0,1,1.0,15,Private room
45298891,2353.0,2,1.0,264,Entire home/apt
26451913,1857.0,4,2.0,47,Entire home/apt
1126491268025075434,514.0,2,3.0,1,Private room
1401011041518691174,1723.0,4,2.0,14,Entire home/apt
721705428589457155,2420.0,6,3.0,60,Entire home/apt
45067209,363.0,2,0.0,126,Entire home/apt
1267746189012651279,913.0,2,1.0,51,Entire home/apt
942297508375928733,495.0,2,1.0,118,Entire home/apt
902578399840817942,765.0,4,2.0,57,Entire home/apt
1481121283545699146,939.0,2,1.0,3,Entire home/apt
48494644,655.0,2,1.0,94,Entire home/apt
39439465,862.0,3,1.0,320,Entire home/apt
16449937,2020.0,2,1.0,2,Entire home/apt
1300164443466639011,2112.0,5,2.0,35,Entire home/apt
1098855872465083150,888.0,5,2.0,38,Entire home/apt
742143644049880537,1188.0,3,2.0,44,Entire home/apt
1354022392640374013,389.0,3,1.0,2,Private room
53130712,428.0,2,1.0,347,Private room
770516116610530259,1100.0,3,1.0,125,Entire home/apt
52406608,1445.0,4,1.0,183,Private room
1350283004756151156,1366.0,8,2.0,35,Entire home/apt
1419178630257273096,2700.0,5,2.0,8,Entire home/apt
1060834735044192455,669.0,4,2.0,4,Entire home/apt
44375894,1616.0,2,1.0,19,Entire home/apt
22867806,450.0,2,1.0,445,Private room
963168269231638310,70407.0,16,13.0,0,Entire home/apt
879025541580641943,1255.0,2,1.0,66,Entire home/apt
1169765492168776585,342.0,1,1.0,29,Private room
684787988560592736,16526.0,4,2.0,0,Entire home/apt
1508224514468707966,1173.0,2,1.0,4,Entire home/apt
1020353950824534325,448.0,2,1.0,82,Private room
1184724183797960863,949.0,4,2.0,47,Entire home/apt
1394457504258387683,1018.0,2,1.0,15,Private room
1456550402312530019,1369.0,2,1.0,5,Entire home/apt
1050926377263288126,2261.0,4,2.0,54,Entire home/apt
1032279245236891562,4322.0,16,7.0,31,Entire home/apt
50101577,599.0,2,1.0,10,Private room
574634403066033092,1723.0,4,2.0,70,Entire home/apt
578160415606794634,974.0,4,1.0,278,Entire home/apt
21343984,358.0,4,1.0,27,Entire home/apt
40727053,1130.0,2,1.0,32,Entire home/apt
829179743636330289,874.0,2,1.0,67,Private room
24944820,1885.0,2,1.0,250,Entire home/apt
1498681076056940836,388.0,2,1.0,4,Private room
45894592,744.0,2,1.0,25,Private room
1284228087855975147,3803.0,8,3.0,25,Entire home/apt
1344361659391877561,2533.0,6,3.0,14,Entire home/apt
635022515313822681,818.0,4,1.0,123,Entire home/apt
1275878693038370881,3495.0,8,3.0,29,Entire home/apt
20887917,364.0,1,1.0,4,Private room
29260082,514.0,1,1.0,17,Private room
852154144063224923,672.0,2,1.0,1,Private room
597339137801679282,720.0,4,2.0,75,Entire home/apt
22419330,2267.0,2,1.0,5,Entire home/apt
49738534,1172.0,2,1.0,198,Entire home/apt
1031743780001729373,1327.0,3,1.0,164,Entire home/apt
28565178,450.0,2,1.0,108,Private room
1207357754914871077,670.0,2,1.0,72,Private room
1133624524937617189,461.0,3,1.0,1,Private room
1315355691511101987,720.0,2,1.0,5,Private room
862294373853768706,651.0,4,1.0,203,Entire home/apt
1406516870937824768,652.0,2,1.0,11,Entire home/apt
695205714869148952,1750.0,6,2.0,71,Entire home/apt
1484195181062301475,2134.0,6,3.0,6,Entire home/apt
1094418113071348464,450.0,2,1.0,88,Private room
873379893040788761,869.0,2,1.0,31,Entire home/apt
22082966,794.0,4,1.0,17,Entire home/apt
4421504,1797.0,6,2.0,220,Entire home/apt
54230032,2000.0,1,1.0,4,Private room
1341342271805127457,675.0,2,1.0,4,Private room
562386156498225652,1114.0,3,2.0,72,Entire home/apt
24526138,2057.0,5,2.0,33,Entire home/apt
38982581,1305.0,2,1.0,87,Entire home/apt
930550600491588115,7021.0,2,1.0,0,Private room
1403525250521198473,800.0,2,1.0,38,Entire home/apt
854076153572221806,687.0,2,1.0,110,Entire home/apt
4509191,482.0,1,1.0,1,Private room
1371171382950922164,1217.0,5,2.0,0,Entire home/apt
41853011,623.0,1,1.0,15,Private room
1456619651811353038,1863.0,3,2.0,0,Entire home/apt
46054835,788.0,2,1.0,154,Entire home/apt
1270600644431038243,451.0,1,1.0,1,Private room
1444307422360526345,363.0,1,1.0,5,Private room
1446398605754861063,1260.0,2,1.0,6,Private room
1010896623625930677,1259.0,4,2.0,34,Entire home/apt
1493139878911070729,158.0,1,1.0,1,Shared room
53092893,735.0,3,1.0,166,Entire home/apt
46334652,641.0,2,1.0,44,Entire home/apt
13845320,1045.0,4,2.0,126,Entire home/apt
1008662792182373736,1191.0,2,1.0,1,Private room
1057597206729074067,827.0,2,1.0,12,Entire home/apt
40730418,571.0,2,1.0,193,Entire home/apt
1209519966355177916,872.0,2,1.0,2,Private room
1377124842724819921,1148.0,2,1.0,7,Entire home/apt
19931247,786.0,3,1.0,169,Entire home/apt
864390325131032270,462.0,2,1.0,50,Private room
1374720161310134987,1326.0,5,2.0,25,Entire home/apt
1244509185391996755,360.0,2,1.0,0,Private room
49981215,2732.0,7,3.0,206,Entire home/apt
1004450036193796611,1350.0,4,2.0,59,Entire home/apt
1276578719263008944,4640.0,7,1.0,0,Entire home/apt
1445800771709504309,1863.0,2,1.0,0,Private room
1379976778065214342,1255.0,4,2.0,10,Entire home/apt
32066126,320.0,2,2.0,18,Private room
1257972907915011460,2010.0,4,2.0,19,Entire home/apt
561435026417299763,980.0,4,2.0,45,Entire home/apt
22510909,740.0,2,1.0,33,Private room
11739923,8850.0,16,20.0,0,Private room
987801702296232749,3015.0,6,4.0,21,Entire home/apt
34725382,1390.0,5,4.0,0,Entire home/apt
1413749828356773069,3668.0,8,4.0,27,Entire home/apt
45038772,189.0,1,1.0,3,Private room
1458324072257936493,458.0,1,1.0,3,Private room
53461278,1653.0,6,3.0,136,Entire home/apt
706720621609469667,1072.0,3,1.0,58,Entire home/apt
1470939810174700530,917.0,1,1.0,0,Private room
50795687,936.0,2,1.0,196,Entire home/apt
17511153,467.0,2,1.0,145,Entire home/apt
856618936862058691,399.0,1,1.0,20,Entire home/apt
1459719330878824179,874.0,2,1.0,0,Entire home/apt
1133622303385895432,461.0,1,1.0,15,Private room
768329683385977075,1121.0,6,2.0,74,Entire home/apt
1268325503551212225,560.0,2,1.0,76,Private room
1453094791883363840,1036.0,2,1.0,6,Private room
762610373548729102,1365.0,3,1.0,291,Entire home/apt
1155815010827582823,633.0,4,2.0,14,Entire home/apt
33809292,647.0,2,1.0,316,Private room
1010398973066239151,808.0,2,1.0,15,Private room
27656102,345.0,1,1.0,4,Entire home/apt
839364533850546811,834.0,2,1.0,17,Entire home/apt
1166337388947005343,1620.0,5,2.0,35,Entire home/apt
735032993353495219,298.0,1,1.0,4,Private room
817681496401688601,1142.0,4,2.0,129,Entire home/apt
811817677891730892,1134.0,6,2.0,157,Entire home/apt
1472042793097771381,314.0,1,1.0,0,Shared room
1353749206030212097,965.0,4,2.0,10,Entire home/apt
745216687798183461,602.0,2,1.0,165,Entire home/apt
1157525859771889962,641.0,2,1.0,127,Entire home/apt
1498012994618313257,2248.0,4,2.0,0,Entire home/apt
15782096,1072.0,2,2.0,106,Entire home/apt
1423300054452180745,1630.0,6,3.0,3,Entire home/apt
1358406445701194350,1397.0,4,2.0,3,Entire home/apt
20449229,531.0,1,1.0,7,Private room
1505728070318990950,1142.0,1,1.0,0,Private room
48868275,1650.0,2,1.0,23,Entire home/apt
53603530,903.0,2,1.0,36,Entire home/apt
1075629775514641089,1929.0,5,3.0,17,Entire home/apt
1273183144497733903,960.0,1,1.0,1,Private room
1476206887325885090,1177.0,4,2.0,7,Entire home/apt
913051247002133230,1214.0,3,1.0,2,Entire home/apt
1442259714288860874,1400.0,2,1.0,0,Private room
643380611936576147,399.0,2,1.0,42,Private room
1333641091556709711,1138.0,4,2.0,0,Entire home/apt
1221243856196042356,990.0,4,1.0,0,Private room
1145363103793817627,926.0,2,1.0,29,Entire home/apt
1257306619677243973,1203.0,4,2.0,3,Entire home/apt
1511704865852593266,871.0,4,2.0,0,Entire home/apt
1473630897660832875,520.0,2,1.0,9,Entire home/apt
1442840359493958979,1139.0,2,1.0,3,Entire home/apt
4680214,341.0,2,1.0,3,Private room
1416763398425564048,1528.0,2,1.0,20,Entire home/apt
1507452502300845713,976.0,2,1.0,2,Entire home/apt
930474702203899756,2890.0,2,1.0,2,Entire home/apt
51391715,1000.0,3,1.0,54,Entire home/apt
9615553,500.0,2,0.0,58,Entire home/apt
1230598098105593595,1700.0,2,1.0,1,Entire home/apt
1384301989035318237,817.0,4,1.0,16,Entire home/apt
1002290514813081924,442.0,2,1.0,111,Entire home/apt
573766683087609492,12786.0,4,2.0,20,Entire home/apt
1084354279688375122,2726.0,8,3.0,36,Entire home/apt
42438139,836.0,4,1.0,187,Entire home/apt
732817068413402793,685.0,4,1.0,32,Entire home/apt
821186565753110675,450.0,2,1.0,127,Entire home/apt
1330523452769019336,841.0,5,2.0,25,Entire home/apt
1018243158525470117,2479.0,6,3.0,26,Entire home/apt
879081446544712479,1969.0,2,1.0,0,Private room
25555713,1695.0,2,1.0,391,Entire home/apt
1350111553814996358,4810.0,2,1.0,1,Private room
1105947374482662621,1522.0,4,2.0,6,Entire home/apt
954428081803950696,1314.0,3,1.0,62,Entire home/apt
602387820443160688,1247.0,4,2.0,141,Entire home/apt
1483558403854692380,2484.0,16,8.0,2,Entire home/apt
1349623498891382892,4125.0,4,2.0,21,Entire home/apt
48066409,761.0,2,1.0,85,Entire home/apt
33499213,758.0,2,1.0,87,Private room
46446039,934.0,2,1.0,177,Entire home/apt
929320799556826065,405.0,2,1.0,5,Private room
1013694356547477442,1962.0,4,2.0,4,Entire home/apt
7874052,618.0,2,1.0,32,Private room
50575198,3588.0,6,3.0,26,Entire home/apt
1460457874515265416,1824.0,4,0.0,8,Entire home/apt
43545858,527.0,2,1.0,101,Entire home/apt
1115297787883304041,1021.0,4,2.0,30,Entire home/apt
27674844,437.0,1,1.0,2,Private room
22744961,224.0,1,1.0,11,Private room
1453710551526486837,1008.0,4,1.0,4,Entire home/apt
26534832,390.0,2,1.0,54,Private room
562518248338363402,2061.0,4,2.0,53,Entire home/apt
1158906387058701135,7000.0,5,1.0,0,Entire home/apt
1174532341091482015,1331.0,2,1.0,127,Entire home/apt
1289512467146616356,4418.0,14,6.0,23,Entire home/apt
43740852,864.0,1,1.0,0,Private room
52614959,347.0,1,1.0,29,Private room
622335404972710055,550.0,3,2.0,8,Entire home/apt
48678500,1336.0,4,2.0,106,Entire home/apt
1433596045305376718,1214.0,2,1.0,0,Private room
902792720883610665,1705.0,4,2.0,10,Entire home/apt
1434834046928126600,2120.0,4,2.0,0,Entire home/apt
689150828421735908,1831.0,2,1.0,47,Entire home/apt
1222644727834015000,2391.0,2,1.0,0,Entire home/apt
616534572010305281,1137.0,2,1.0,384,Private room
1503810287332194368,761.0,2,1.0,4,Entire home/apt
1489941437145747447,718.0,2,1.0,3,Private room
15394852,2993.0,2,1.0,23,Entire home/apt
53790977,1237.0,4,2.0,93,Entire home/apt
859433365576587508,1453.0,2,1.0,4,Entire home/apt
15165936,1084.0,4,2.0,139,Entire home/apt
38483155,866.0,3,1.0,161,Entire home/apt
3688757,1944.0,5,2.0,436,Entire home/apt
45593345,2139.0,3,2.0,169,Entire home/apt
51251050,819.0,4,2.0,126,Entire home/apt
950106067713912852,748.0,2,1.0,114,Entire home/apt
727449956710278575,729.0,2,1.0,8,Private room
560842774391110866,900.0,2,1.0,9,Entire home/apt
1384412020281151345,2446.0,8,2.0,40,Entire home/apt
979795302268944888,1108.0,2,1.0,2,Entire home/apt
811480421666209757,1296.0,4,1.0,1,Private room
864642979341349845,1887.0,5,2.0,14,Entire home/apt
15434803,965.0,3,1.0,150,Entire home/apt
1348595286962062349,1367.0,4,2.0,6,Entire home/apt
36036954,2932.0,2,0.0,11,Entire home/apt
19589351,407.0,1,1.0,105,Private room
31123407,950.0,2,2.0,24,Entire home/apt
1056723078314575295,360.0,2,1.0,40,Private room
586160421781843052,2052.0,2,1.0,1,Private room
903752481570680131,580.0,5,1.0,33,Private room
1213961274360260574,1489.0,5,2.0,29,Entire home/apt
1137029379513396364,1501.0,6,1.0,8,Entire home/apt
1514209030911864601,1452.0,2,1.0,0,Private room
1454813545898365845,940.0,2,1.0,0,Entire home/apt
1481971147689599085,1213.0,8,3.0,4,Entire home/apt
1511967713567520722,437.0,2,1.0,0,Entire home/apt
26995974,313.0,2,1.0,80,Private room
823262332607296938,2241.0,4,2.0,88,Entire home/apt
768992065370131071,970.0,2,1.0,27,Entire home/apt
606750967167192367,952.0,6,1.0,143,Entire home/apt
771067269086409991,3131.0,4,2.0,2,Entire home/apt
791934034051102306,1993.0,5,2.0,22,Entire home/apt
646353765030338035,405.0,2,1.0,21,Private room
798748673554483258,1547.0,6,3.0,42,Entire home/apt
1451588169094619559,14637.0,14,7.0,3,Entire home/apt
1052365717411404040,732.0,2,1.0,11,Private room
650780862476412194,2479.0,4,2.0,22,Entire home/apt
35577559,540.0,1,1.0,19,Private room
33469624,1147.0,6,3.0,276,Entire home/apt
850747486828610067,1700.0,6,2.0,34,Entire home/apt
1259619232773866281,718.0,2,1.0,7,Entire home/apt
17284660,782.0,3,1.0,25,Entire home/apt
21885021,1020.0,2,1.0,650,Private room
1424921209015928137,2135.0,2,1.0,0,Entire home/apt
30042798,965.0,3,1.0,188,Entire home/apt
1330546816303896104,450.0,2,1.0,1,Private room
4234262,787.0,3,1.0,521,Entire home/apt
28103787,930.0,2,2.0,12,Entire home/apt
1288687313994556892,7500.0,2,2.0,12,Entire home/apt
1318184586582469163,191.0,1,1.0,11,Shared room
633414588269820367,686.0,2,1.0,6,Private room
49003674,495.0,3,1.0,33,Entire home/apt
1365421981788589724,495.0,1,1.0,9,Private room
1419696232460548117,1440.0,4,2.0,7,Entire home/apt
1239373148116893433,826.0,2,1.0,35,Entire home/apt
49092081,1361.0,2,1.0,8,Private room
42436028,1027.0,3,1.0,191,Entire home/apt
43836126,2855.0,3,1.0,6,Private room
25343285,1565.0,2,1.0,3,Entire home/apt
1508178684330225516,1883.0,4,2.0,0,Entire home/apt
12989806,537.0,2,1.0,86,Private room
20533918,3000.0,1,1.0,0,Private room
595099056832138311,962.0,2,1.0,43,Private room
1148083819557682385,605.0,3,1.0,80,Private room
848464095142282871,1616.0,2,1.0,116,Entire home/apt
1045151579058781714,832.0,2,1.0,34,Private room
1458449487925360592,587.0,2,1.0,0,Private room
39101175,646.0,3,1.0,73,Entire home/apt
1196159818566952688,1031.0,4,2.0,13,Entire home/apt
48348423,1440.0,2,1.0,25,Entire home/apt
1465380791946847785,1640.0,8,4.0,4,Entire home/apt
842350203703517625,1185.0,4,2.0,68,Entire home/apt
889819283451979163,4004.0,10,4.0,66,Entire home/apt
1445015371396165726,383.0,2,1.0,9,Private room
44232759,6573.0,4,2.0,0,Entire home/apt
13896028,925.0,2,1.0,309,Entire home/apt
1137619661295582108,1158.0,2,1.0,56,Entire home/apt
